lottery,draw_number,draw_date,n1,n2,n3,n4,n5,n6,bonus,source,source_url,retrieved_at,content_hash
LOTO6,478,2010-01-07,11,14,23,30,31,38,42,mizuho_bank,https://www.mizuhobank.co.jp/takarakuji/check/loto/backnumber/detail.html?fromto=461_480&type=loto6,2026-08-21T01:53:00.839056+00:00,2594760c5fb1cd2e4a77655f74a76b4bd287712b3514f6975b57ef5bdccd5e66
LOTO6,479,2010-01-14,5,7,14,17,20,27,3,mizuho_bank,https://www.mizuhobank.co.jp/takarakuji/check/loto/backnumber/detail.html?fromto=461_480&type=loto6,2026-08-21T01:53:00.839056+00:00,2594760c5fb1cd2e4a77655f74a76b4bd287712b3514f6975b57ef5bdccd5e66
LOTO6,480,2010-01-21,2,5,17,18,35,38,34,mizuho_bank,https://www.mizuhobank.co.jp/takarakuji/check/loto/backnumber/detail.html?fromto=461_480&type=loto6,2026-08-21T01:53:00.839056+00:00,2594760c5fb1cd2e4a77655f74a76b4bd287712b3514f6975b57ef5bdccd5e66
LOTO6,481,2010-01-28,2,9,11,24,25,34,20,mizuho_bank,https://www.mizuhobank.co.jp/takarakuji/check/loto/backnumber/detail.html?fromto=481_500&type=loto6,2026-08-21T01:53:00.067175+00:00,18d57f342de659afdc8cd949116a8b3354ea23be8eb745088043ec50bdccdc18
LOTO6,482,2010-02-04,4,30,31,36,37,38,19,mizuho_bank,https://www.mizuhobank.co.jp/takarakuji/check/loto/backnumber/detail.html?fromto=481_500&type=loto6,2026-08-21T01:53:00.067175+00:00,18d57f342de659afdc8cd949116a8b3354ea23be8eb745088043ec50bdccdc18
LOTO6,483,2010-02-11,2,8,15,24,33,35,30,mizuho_bank,https://www.mizuhobank.co.jp/takarakuji/check/loto/backnumber/detail.html?fromto=481_500&type=loto6,2026-08-21T01:53:00.067175+00:00,18d57f342de659afdc8cd949116a8b3354ea23be8eb745088043ec50bdccdc18
LOTO6,484,2010-02-18,13,19,25,29,32,35,42,mizuho_bank,https://www.mizuhobank.co.jp/takarakuji/check/loto/backnumber/detail.html?fromto=481_500&type=loto6,2026-08-21T01:53:00.067175+00:00,18d57f342de659afdc8cd949116a8b3354ea23be8eb745088043ec50bdccdc18
LOTO6,485,2010-02-25,14,26,30,33,34,39,19,mizuho_bank,https://www.mizuhobank.co.jp/takarakuji/check/loto/backnumber/detail.html?fromto=481_500&type=loto6,2026-08-21T01:53:00.067175+00:00,18d57f342de659afdc8cd949116a8b3354ea23be8eb745088043ec50bdccdc18
LOTO6,486,2010-03-04,16,25,27,29,34,41,6,mizuho_bank,https://www.mizuhobank.co.jp/takarakuji/check/loto/backnumber/detail.html?fromto=481_500&type=loto6,2026-08-21T01:53:00.067175+00:00,18d57f342de659afdc8cd949116a8b3354ea23be8eb745088043ec50bdccdc18
LOTO6,487,2010-03-11,2,6,8,19,22,34,30,mizuho_bank,https://www.mizuhobank.co.jp/takarakuji/check/loto/backnumber/detail.html?fromto=481_500&type=loto6,2026-08-21T01:53:00.067175+00:00,18d57f342de659afdc8cd949116a8b3354ea23be8eb745088043ec50bdccdc18
LOTO6,488,2010-03-18,5,15,29,34,39,42,6,mizuho_bank,https://www.mizuhobank.co.jp/takarakuji/check/loto/backnumber/detail.html?fromto=481_500&type=loto6,2026-08-21T01:53:00.067175+00:00,18d57f342de659afdc8cd949116a8b3354ea23be8eb745088043ec50bdccdc18
LOTO6,489,2010-03-25,6,8,12,30,33,43,36,mizuho_bank,https://www.mizuhobank.co.jp/takarakuji/check/loto/backnumber/detail.html?fromto=481_500&type=loto6,2026-08-21T01:53:00.067175+00:00,18d57f342de659afdc8cd949116a8b3354ea23be8eb745088043ec50bdccdc18
LOTO6,490,2010-04-01,5,9,13,28,34,40,10,mizuho_bank,https://www.mizuhobank.co.jp/takarakuji/check/loto/backnumber/detail.html?fromto=481_500&type=loto6,2026-08-21T01:53:00.067175+00:00,18d57f342de659afdc8cd949116a8b3354ea23be8eb745088043ec50bdccdc18
LOTO6,491,2010-04-08,7,9,20,27,31,34,33,mizuho_bank,https://www.mizuhobank.co.jp/takarakuji/check/loto/backnumber/detail.html?fromto=481_500&type=loto6,2026-08-21T01:53:00.067175+00:00,18d57f342de659afdc8cd949116a8b3354ea23be8eb745088043ec50bdccdc18
LOTO6,492,2010-04-15,1,8,12,20,23,37,10,mizuho_bank,https://www.mizuhobank.co.jp/takarakuji/check/loto/backnumber/detail.html?fromto=481_500&type=loto6,2026-08-21T01:53:00.067175+00:00,18d57f342de659afdc8cd949116a8b3354ea23be8eb745088043ec50bdccdc18
LOTO6,493,2010-04-22,8,26,30,36,41,42,20,mizuho_bank,https://www.mizuhobank.co.jp/takarakuji/check/loto/backnumber/detail.html?fromto=481_500&type=loto6,2026-08-21T01:53:00.067175+00:00,18d57f342de659afdc8cd949116a8b3354ea23be8eb745088043ec50bdccdc18
LOTO6,494,2010-04-29,8,16,19,23,26,31,6,mizuho_bank,https://www.mizuhobank.co.jp/takarakuji/check/loto/backnumber/detail.html?fromto=481_500&type=loto6,2026-08-21T01:53:00.067175+00:00,18d57f342de659afdc8cd949116a8b3354ea23be8eb745088043ec50bdccdc18
LOTO6,495,2010-05-06,4,6,20,21,29,33,31,mizuho_bank,https://www.mizuhobank.co.jp/takarakuji/check/loto/backnumber/detail.html?fromto=481_500&type=loto6,2026-08-21T01:53:00.067175+00:00,18d57f342de659afdc8cd949116a8b3354ea23be8eb745088043ec50bdccdc18
LOTO6,496,2010-05-13,2,6,11,29,32,41,3,mizuho_bank,https://www.mizuhobank.co.jp/takarakuji/check/loto/backnumber/detail.html?fromto=481_500&type=loto6,2026-08-21T01:53:00.067175+00:00,18d57f342de659afdc8cd949116a8b3354ea23be8eb745088043ec50bdccdc18
LOTO6,497,2010-05-20,6,12,14,17,36,40,34,mizuho_bank,https://www.mizuhobank.co.jp/takarakuji/check/loto/backnumber/detail.html?fromto=481_500&type=loto6,2026-08-21T01:53:00.067175+00:00,18d57f342de659afdc8cd949116a8b3354ea23be8eb745088043ec50bdccdc18
LOTO6,498,2010-05-27,1,25,36,41,42,43,39,mizuho_bank,https://www.mizuhobank.co.jp/takarakuji/check/loto/backnumber/detail.html?fromto=481_500&type=loto6,2026-08-21T01:53:00.067175+00:00,18d57f342de659afdc8cd949116a8b3354ea23be8eb745088043ec50bdccdc18
LOTO6,499,2010-06-03,3,9,15,16,22,35,12,mizuho_bank,https://www.mizuhobank.co.jp/takarakuji/check/loto/backnumber/detail.html?fromto=481_500&type=loto6,2026-08-21T01:53:00.067175+00:00,18d57f342de659afdc8cd949116a8b3354ea23be8eb745088043ec50bdccdc18
LOTO6,500,2010-06-10,6,20,28,31,34,38,10,mizuho_bank,https://www.mizuhobank.co.jp/takarakuji/check/loto/backnumber/detail.html?fromto=481_500&type=loto6,2026-08-21T01:53:00.067175+00:00,18d57f342de659afdc8cd949116a8b3354ea23be8eb745088043ec50bdccdc18
LOTO6,501,2010-06-17,3,17,21,23,36,38,7,mizuho_bank,https://www.mizuhobank.co.jp/takarakuji/check/loto/backnumber/detail.html?fromto=501_520&type=loto6,2026-08-21T01:52:59.406869+00:00,96d447e6b2fecf083bd533d1630efd79c784766bbd4ec7b6bc2a1c33704b89ed
LOTO6,502,2010-06-24,9,12,27,28,29,41,7,mizuho_bank,https://www.mizuhobank.co.jp/takarakuji/check/loto/backnumber/detail.html?fromto=501_520&type=loto6,2026-08-21T01:52:59.406869+00:00,96d447e6b2fecf083bd533d1630efd79c784766bbd4ec7b6bc2a1c33704b89ed
LOTO6,503,2010-07-01,1,18,25,27,28,39,11,mizuho_bank,https://www.mizuhobank.co.jp/takarakuji/check/loto/backnumber/detail.html?fromto=501_520&type=loto6,2026-08-21T01:52:59.406869+00:00,96d447e6b2fecf083bd533d1630efd79c784766bbd4ec7b6bc2a1c33704b89ed
LOTO6,504,2010-07-08,12,21,22,27,29,31,35,mizuho_bank,https://www.mizuhobank.co.jp/takarakuji/check/loto/backnumber/detail.html?fromto=501_520&type=loto6,2026-08-21T01:52:59.406869+00:00,96d447e6b2fecf083bd533d1630efd79c784766bbd4ec7b6bc2a1c33704b89ed
LOTO6,505,2010-07-15,19,21,27,33,34,43,41,mizuho_bank,https://www.mizuhobank.co.jp/takarakuji/check/loto/backnumber/detail.html?fromto=501_520&type=loto6,2026-08-21T01:52:59.406869+00:00,96d447e6b2fecf083bd533d1630efd79c784766bbd4ec7b6bc2a1c33704b89ed
LOTO6,506,2010-07-22,5,11,21,27,37,39,26,mizuho_bank,https://www.mizuhobank.co.jp/takarakuji/check/loto/backnumber/detail.html?fromto=501_520&type=loto6,2026-08-21T01:52:59.406869+00:00,96d447e6b2fecf083bd533d1630efd79c784766bbd4ec7b6bc2a1c33704b89ed
LOTO6,507,2010-07-29,5,14,19,21,28,31,17,mizuho_bank,https://www.mizuhobank.co.jp/takarakuji/check/loto/backnumber/detail.html?fromto=501_520&type=loto6,2026-08-21T01:52:59.406869+00:00,96d447e6b2fecf083bd533d1630efd79c784766bbd4ec7b6bc2a1c33704b89ed
LOTO6,508,2010-08-05,1,7,14,15,24,42,13,mizuho_bank,https://www.mizuhobank.co.jp/takarakuji/check/loto/backnumber/detail.html?fromto=501_520&type=loto6,2026-08-21T01:52:59.406869+00:00,96d447e6b2fecf083bd533d1630efd79c784766bbd4ec7b6bc2a1c33704b89ed
LOTO6,509,2010-08-12,3,4,12,18,27,28,40,mizuho_bank,https://www.mizuhobank.co.jp/takarakuji/check/loto/backnumber/detail.html?fromto=501_520&type=loto6,2026-08-21T01:52:59.406869+00:00,96d447e6b2fecf083bd533d1630efd79c784766bbd4ec7b6bc2a1c33704b89ed
LOTO6,510,2010-08-19,12,15,26,35,41,43,25,mizuho_bank,https://www.mizuhobank.co.jp/takarakuji/check/loto/backnumber/detail.html?fromto=501_520&type=loto6,2026-08-21T01:52:59.406869+00:00,96d447e6b2fecf083bd533d1630efd79c784766bbd4ec7b6bc2a1c33704b89ed
LOTO6,511,2010-08-26,4,22,23,27,38,43,9,mizuho_bank,https://www.mizuhobank.co.jp/takarakuji/check/loto/backnumber/detail.html?fromto=501_520&type=loto6,2026-08-21T01:52:59.406869+00:00,96d447e6b2fecf083bd533d1630efd79c784766bbd4ec7b6bc2a1c33704b89ed
LOTO6,512,2010-09-02,14,20,23,25,33,39,34,mizuho_bank,https://www.mizuhobank.co.jp/takarakuji/check/loto/backnumber/detail.html?fromto=501_520&type=loto6,2026-08-21T01:52:59.406869+00:00,96d447e6b2fecf083bd533d1630efd79c784766bbd4ec7b6bc2a1c33704b89ed
LOTO6,513,2010-09-09,1,6,12,14,15,19,18,mizuho_bank,https://www.mizuhobank.co.jp/takarakuji/check/loto/backnumber/detail.html?fromto=501_520&type=loto6,2026-08-21T01:52:59.406869+00:00,96d447e6b2fecf083bd533d1630efd79c784766bbd4ec7b6bc2a1c33704b89ed
LOTO6,514,2010-09-16,6,7,14,15,19,41,31,mizuho_bank,https://www.mizuhobank.co.jp/takarakuji/check/loto/backnumber/detail.html?fromto=501_520&type=loto6,2026-08-21T01:52:59.406869+00:00,96d447e6b2fecf083bd533d1630efd79c784766bbd4ec7b6bc2a1c33704b89ed
LOTO6,515,2010-09-23,2,3,23,25,33,35,34,mizuho_bank,https://www.mizuhobank.co.jp/takarakuji/check/loto/backnumber/detail.html?fromto=501_520&type=loto6,2026-08-21T01:52:59.406869+00:00,96d447e6b2fecf083bd533d1630efd79c784766bbd4ec7b6bc2a1c33704b89ed
LOTO6,516,2010-09-30,2,14,16,17,29,30,10,mizuho_bank,https://www.mizuhobank.co.jp/takarakuji/check/loto/backnumber/detail.html?fromto=501_520&type=loto6,2026-08-21T01:52:59.406869+00:00,96d447e6b2fecf083bd533d1630efd79c784766bbd4ec7b6bc2a1c33704b89ed
LOTO6,517,2010-10-07,6,10,13,14,28,37,39,mizuho_bank,https://www.mizuhobank.co.jp/takarakuji/check/loto/backnumber/detail.html?fromto=501_520&type=loto6,2026-08-21T01:52:59.406869+00:00,96d447e6b2fecf083bd533d1630efd79c784766bbd4ec7b6bc2a1c33704b89ed
LOTO6,518,2010-10-14,14,31,34,35,40,42,25,mizuho_bank,https://www.mizuhobank.co.jp/takarakuji/check/loto/backnumber/detail.html?fromto=501_520&type=loto6,2026-08-21T01:52:59.406869+00:00,96d447e6b2fecf083bd533d1630efd79c784766bbd4ec7b6bc2a1c33704b89ed
LOTO6,519,2010-10-21,1,13,25,29,30,33,35,mizuho_bank,https://www.mizuhobank.co.jp/takarakuji/check/loto/backnumber/detail.html?fromto=501_520&type=loto6,2026-08-21T01:52:59.406869+00:00,96d447e6b2fecf083bd533d1630efd79c784766bbd4ec7b6bc2a1c33704b89ed
LOTO6,520,2010-10-28,2,4,12,14,26,43,40,mizuho_bank,https://www.mizuhobank.co.jp/takarakuji/check/loto/backnumber/detail.html?fromto=501_520&type=loto6,2026-08-21T01:52:59.406869+00:00,96d447e6b2fecf083bd533d1630efd79c784766bbd4ec7b6bc2a1c33704b89ed
LOTO6,521,2010-11-04,1,8,15,21,23,30,33,mizuho_bank,https://www.mizuhobank.co.jp/takarakuji/check/loto/backnumber/detail.html?fromto=521_540&type=loto6,2026-08-21T01:52:58.637689+00:00,7a842b886fba999ba3ed0a556206e963424c7bd4249421fddb17f8b727a779eb
LOTO6,522,2010-11-11,3,6,16,23,25,43,37,mizuho_bank,https://www.mizuhobank.co.jp/takarakuji/check/loto/backnumber/detail.html?fromto=521_540&type=loto6,2026-08-21T01:52:58.637689+00:00,7a842b886fba999ba3ed0a556206e963424c7bd4249421fddb17f8b727a779eb
LOTO6,523,2010-11-18,7,8,26,27,41,43,16,mizuho_bank,https://www.mizuhobank.co.jp/takarakuji/check/loto/backnumber/detail.html?fromto=521_540&type=loto6,2026-08-21T01:52:58.637689+00:00,7a842b886fba999ba3ed0a556206e963424c7bd4249421fddb17f8b727a779eb
LOTO6,524,2010-11-25,7,11,14,18,35,40,43,mizuho_bank,https://www.mizuhobank.co.jp/takarakuji/check/loto/backnumber/detail.html?fromto=521_540&type=loto6,2026-08-21T01:52:58.637689+00:00,7a842b886fba999ba3ed0a556206e963424c7bd4249421fddb17f8b727a779eb
LOTO6,525,2010-12-02,1,11,17,28,33,38,20,mizuho_bank,https://www.mizuhobank.co.jp/takarakuji/check/loto/backnumber/detail.html?fromto=521_540&type=loto6,2026-08-21T01:52:58.637689+00:00,7a842b886fba999ba3ed0a556206e963424c7bd4249421fddb17f8b727a779eb
LOTO6,526,2010-12-09,8,14,18,19,26,27,23,mizuho_bank,https://www.mizuhobank.co.jp/takarakuji/check/loto/backnumber/detail.html?fromto=521_540&type=loto6,2026-08-21T01:52:58.637689+00:00,7a842b886fba999ba3ed0a556206e963424c7bd4249421fddb17f8b727a779eb
LOTO6,527,2010-12-16,5,7,12,23,39,41,9,mizuho_bank,https://www.mizuhobank.co.jp/takarakuji/check/loto/backnumber/detail.html?fromto=521_540&type=loto6,2026-08-21T01:52:58.637689+00:00,7a842b886fba999ba3ed0a556206e963424c7bd4249421fddb17f8b727a779eb
LOTO6,528,2010-12-23,2,5,12,21,28,32,41,mizuho_bank,https://www.mizuhobank.co.jp/takarakuji/check/loto/backnumber/detail.html?fromto=521_540&type=loto6,2026-08-21T01:52:58.637689+00:00,7a842b886fba999ba3ed0a556206e963424c7bd4249421fddb17f8b727a779eb
LOTO6,529,2010-12-30,6,19,21,24,31,41,7,mizuho_bank,https://www.mizuhobank.co.jp/takarakuji/check/loto/backnumber/detail.html?fromto=521_540&type=loto6,2026-08-21T01:52:58.637689+00:00,7a842b886fba999ba3ed0a556206e963424c7bd4249421fddb17f8b727a779eb
LOTO6,530,2011-01-06,1,10,19,30,33,36,35,mizuho_bank,https://www.mizuhobank.co.jp/takarakuji/check/loto/backnumber/detail.html?fromto=521_540&type=loto6,2026-08-21T01:52:58.637689+00:00,7a842b886fba999ba3ed0a556206e963424c7bd4249421fddb17f8b727a779eb
LOTO6,531,2011-01-13,5,12,16,24,26,33,8,mizuho_bank,https://www.mizuhobank.co.jp/takarakuji/check/loto/backnumber/detail.html?fromto=521_540&type=loto6,2026-08-21T01:52:58.637689+00:00,7a842b886fba999ba3ed0a556206e963424c7bd4249421fddb17f8b727a779eb
LOTO6,532,2011-01-20,23,28,33,35,37,42,4,mizuho_bank,https://www.mizuhobank.co.jp/takarakuji/check/loto/backnumber/detail.html?fromto=521_540&type=loto6,2026-08-21T01:52:58.637689+00:00,7a842b886fba999ba3ed0a556206e963424c7bd4249421fddb17f8b727a779eb
LOTO6,533,2011-01-27,6,16,24,31,41,43,7,mizuho_bank,https://www.mizuhobank.co.jp/takarakuji/check/loto/backnumber/detail.html?fromto=521_540&type=loto6,2026-08-21T01:52:58.637689+00:00,7a842b886fba999ba3ed0a556206e963424c7bd4249421fddb17f8b727a779eb
LOTO6,534,2011-02-03,1,2,19,22,26,37,43,mizuho_bank,https://www.mizuhobank.co.jp/takarakuji/check/loto/backnumber/detail.html?fromto=521_540&type=loto6,2026-08-21T01:52:58.637689+00:00,7a842b886fba999ba3ed0a556206e963424c7bd4249421fddb17f8b727a779eb
LOTO6,535,2011-02-10,6,14,23,24,27,32,11,mizuho_bank,https://www.mizuhobank.co.jp/takarakuji/check/loto/backnumber/detail.html?fromto=521_540&type=loto6,2026-08-21T01:52:58.637689+00:00,7a842b886fba999ba3ed0a556206e963424c7bd4249421fddb17f8b727a779eb
LOTO6,536,2011-02-17,4,10,12,14,23,36,2,mizuho_bank,https://www.mizuhobank.co.jp/takarakuji/check/loto/backnumber/detail.html?fromto=521_540&type=loto6,2026-08-21T01:52:58.637689+00:00,7a842b886fba999ba3ed0a556206e963424c7bd4249421fddb17f8b727a779eb
LOTO6,537,2011-02-24,10,18,22,24,26,37,12,mizuho_bank,https://www.mizuhobank.co.jp/takarakuji/check/loto/backnumber/detail.html?fromto=521_540&type=loto6,2026-08-21T01:52:58.637689+00:00,7a842b886fba999ba3ed0a556206e963424c7bd4249421fddb17f8b727a779eb
LOTO6,538,2011-03-03,2,11,14,23,26,33,28,mizuho_bank,https://www.mizuhobank.co.jp/takarakuji/check/loto/backnumber/detail.html?fromto=521_540&type=loto6,2026-08-21T01:52:58.637689+00:00,7a842b886fba999ba3ed0a556206e963424c7bd4249421fddb17f8b727a779eb
LOTO6,539,2011-03-10,3,10,13,17,18,28,24,mizuho_bank,https://www.mizuhobank.co.jp/takarakuji/check/loto/backnumber/detail.html?fromto=521_540&type=loto6,2026-08-21T01:52:58.637689+00:00,7a842b886fba999ba3ed0a556206e963424c7bd4249421fddb17f8b727a779eb
LOTO6,540,2011-03-17,15,23,29,35,36,41,42,mizuho_bank,https://www.mizuhobank.co.jp/takarakuji/check/loto/backnumber/detail.html?fromto=521_540&type=loto6,2026-08-21T01:52:58.637689+00:00,7a842b886fba999ba3ed0a556206e963424c7bd4249421fddb17f8b727a779eb
LOTO6,541,2011-03-24,3,4,5,28,34,43,20,mizuho_bank,https://www.mizuhobank.co.jp/takarakuji/check/loto/backnumber/detail.html?fromto=541_560&type=loto6,2026-08-21T01:52:58.003644+00:00,3425c2b0cd558ab6f70a051755ae6290f3c39cd781ec4bafd620c2c5076e5239
LOTO6,542,2011-03-31,10,14,23,35,38,41,17,mizuho_bank,https://www.mizuhobank.co.jp/takarakuji/check/loto/backnumber/detail.html?fromto=541_560&type=loto6,2026-08-21T01:52:58.003644+00:00,3425c2b0cd558ab6f70a051755ae6290f3c39cd781ec4bafd620c2c5076e5239
LOTO6,543,2011-04-04,15,17,18,19,22,31,30,mizuho_bank,https://www.mizuhobank.co.jp/takarakuji/check/loto/backnumber/detail.html?fromto=541_560&type=loto6,2026-08-21T01:52:58.003644+00:00,3425c2b0cd558ab6f70a051755ae6290f3c39cd781ec4bafd620c2c5076e5239
LOTO6,544,2011-04-07,11,14,16,32,41,42,33,mizuho_bank,https://www.mizuhobank.co.jp/takarakuji/check/loto/backnumber/detail.html?fromto=541_560&type=loto6,2026-08-21T01:52:58.003644+00:00,3425c2b0cd558ab6f70a051755ae6290f3c39cd781ec4bafd620c2c5076e5239
LOTO6,545,2011-04-11,16,21,24,28,32,36,35,mizuho_bank,https://www.mizuhobank.co.jp/takarakuji/check/loto/backnumber/detail.html?fromto=541_560&type=loto6,2026-08-21T01:52:58.003644+00:00,3425c2b0cd558ab6f70a051755ae6290f3c39cd781ec4bafd620c2c5076e5239
LOTO6,546,2011-04-14,1,14,30,34,40,43,27,mizuho_bank,https://www.mizuhobank.co.jp/takarakuji/check/loto/backnumber/detail.html?fromto=541_560&type=loto6,2026-08-21T01:52:58.003644+00:00,3425c2b0cd558ab6f70a051755ae6290f3c39cd781ec4bafd620c2c5076e5239
LOTO6,547,2011-04-18,6,10,11,30,32,39,27,mizuho_bank,https://www.mizuhobank.co.jp/takarakuji/check/loto/backnumber/detail.html?fromto=541_560&type=loto6,2026-08-21T01:52:58.003644+00:00,3425c2b0cd558ab6f70a051755ae6290f3c39cd781ec4bafd620c2c5076e5239
LOTO6,548,2011-04-21,12,13,16,28,29,35,5,mizuho_bank,https://www.mizuhobank.co.jp/takarakuji/check/loto/backnumber/detail.html?fromto=541_560&type=loto6,2026-08-21T01:52:58.003644+00:00,3425c2b0cd558ab6f70a051755ae6290f3c39cd781ec4bafd620c2c5076e5239
LOTO6,549,2011-04-25,5,14,27,29,32,33,16,mizuho_bank,https://www.mizuhobank.co.jp/takarakuji/check/loto/backnumber/detail.html?fromto=541_560&type=loto6,2026-08-21T01:52:58.003644+00:00,3425c2b0cd558ab6f70a051755ae6290f3c39cd781ec4bafd620c2c5076e5239
LOTO6,550,2011-04-28,12,15,19,32,36,42,37,mizuho_bank,https://www.mizuhobank.co.jp/takarakuji/check/loto/backnumber/detail.html?fromto=541_560&type=loto6,2026-08-21T01:52:58.003644+00:00,3425c2b0cd558ab6f70a051755ae6290f3c39cd781ec4bafd620c2c5076e5239
LOTO6,551,2011-05-02,15,16,19,21,26,42,10,mizuho_bank,https://www.mizuhobank.co.jp/takarakuji/check/loto/backnumber/detail.html?fromto=541_560&type=loto6,2026-08-21T01:52:58.003644+00:00,3425c2b0cd558ab6f70a051755ae6290f3c39cd781ec4bafd620c2c5076e5239
LOTO6,552,2011-05-05,13,22,26,30,40,41,8,mizuho_bank,https://www.mizuhobank.co.jp/takarakuji/check/loto/backnumber/detail.html?fromto=541_560&type=loto6,2026-08-21T01:52:58.003644+00:00,3425c2b0cd558ab6f70a051755ae6290f3c39cd781ec4bafd620c2c5076e5239
LOTO6,553,2011-05-09,3,9,11,15,27,37,10,mizuho_bank,https://www.mizuhobank.co.jp/takarakuji/check/loto/backnumber/detail.html?fromto=541_560&type=loto6,2026-08-21T01:52:58.003644+00:00,3425c2b0cd558ab6f70a051755ae6290f3c39cd781ec4bafd620c2c5076e5239
LOTO6,554,2011-05-12,16,27,34,35,36,38,37,mizuho_bank,https://www.mizuhobank.co.jp/takarakuji/check/loto/backnumber/detail.html?fromto=541_560&type=loto6,2026-08-21T01:52:58.003644+00:00,3425c2b0cd558ab6f70a051755ae6290f3c39cd781ec4bafd620c2c5076e5239
LOTO6,555,2011-05-16,2,3,7,9,36,42,5,mizuho_bank,https://www.mizuhobank.co.jp/takarakuji/check/loto/backnumber/detail.html?fromto=541_560&type=loto6,2026-08-21T01:52:58.003644+00:00,3425c2b0cd558ab6f70a051755ae6290f3c39cd781ec4bafd620c2c5076e5239
LOTO6,556,2011-05-19,6,9,13,17,29,30,25,mizuho_bank,https://www.mizuhobank.co.jp/takarakuji/check/loto/backnumber/detail.html?fromto=541_560&type=loto6,2026-08-21T01:52:58.003644+00:00,3425c2b0cd558ab6f70a051755ae6290f3c39cd781ec4bafd620c2c5076e5239
LOTO6,557,2011-05-23,6,18,23,32,38,43,37,mizuho_bank,https://www.mizuhobank.co.jp/takarakuji/check/loto/backnumber/detail.html?fromto=541_560&type=loto6,2026-08-21T01:52:58.003644+00:00,3425c2b0cd558ab6f70a051755ae6290f3c39cd781ec4bafd620c2c5076e5239
LOTO6,558,2011-05-26,4,32,33,38,41,43,2,mizuho_bank,https://www.mizuhobank.co.jp/takarakuji/check/loto/backnumber/detail.html?fromto=541_560&type=loto6,2026-08-21T01:52:58.003644+00:00,3425c2b0cd558ab6f70a051755ae6290f3c39cd781ec4bafd620c2c5076e5239
LOTO6,559,2011-05-30,2,7,16,25,26,43,3,mizuho_bank,https://www.mizuhobank.co.jp/takarakuji/check/loto/backnumber/detail.html?fromto=541_560&type=loto6,2026-08-21T01:52:58.003644+00:00,3425c2b0cd558ab6f70a051755ae6290f3c39cd781ec4bafd620c2c5076e5239
LOTO6,560,2011-06-02,4,17,19,37,39,42,16,mizuho_bank,https://www.mizuhobank.co.jp/takarakuji/check/loto/backnumber/detail.html?fromto=541_560&type=loto6,2026-08-21T01:52:58.003644+00:00,3425c2b0cd558ab6f70a051755ae6290f3c39cd781ec4bafd620c2c5076e5239
LOTO6,561,2011-06-06,4,14,30,35,40,41,29,mizuho_bank,https://www.mizuhobank.co.jp/takarakuji/check/loto/backnumber/detail.html?fromto=561_580&type=loto6,2026-08-21T01:52:57.357756+00:00,e9d23b71f671b371e78c7e1ca9340c57feee37928e3e5d5220fd5e287b25f70b
LOTO6,562,2011-06-09,9,10,11,25,30,37,12,mizuho_bank,https://www.mizuhobank.co.jp/takarakuji/check/loto/backnumber/detail.html?fromto=561_580&type=loto6,2026-08-21T01:52:57.357756+00:00,e9d23b71f671b371e78c7e1ca9340c57feee37928e3e5d5220fd5e287b25f70b
LOTO6,563,2011-06-13,4,5,26,28,34,38,8,mizuho_bank,https://www.mizuhobank.co.jp/takarakuji/check/loto/backnumber/detail.html?fromto=561_580&type=loto6,2026-08-21T01:52:57.357756+00:00,e9d23b71f671b371e78c7e1ca9340c57feee37928e3e5d5220fd5e287b25f70b
LOTO6,564,2011-06-16,3,12,18,24,34,39,16,mizuho_bank,https://www.mizuhobank.co.jp/takarakuji/check/loto/backnumber/detail.html?fromto=561_580&type=loto6,2026-08-21T01:52:57.357756+00:00,e9d23b71f671b371e78c7e1ca9340c57feee37928e3e5d5220fd5e287b25f70b
LOTO6,565,2011-06-20,3,6,8,21,28,32,10,mizuho_bank,https://www.mizuhobank.co.jp/takarakuji/check/loto/backnumber/detail.html?fromto=561_580&type=loto6,2026-08-21T01:52:57.357756+00:00,e9d23b71f671b371e78c7e1ca9340c57feee37928e3e5d5220fd5e287b25f70b
LOTO6,566,2011-06-23,10,17,18,29,30,41,7,mizuho_bank,https://www.mizuhobank.co.jp/takarakuji/check/loto/backnumber/detail.html?fromto=561_580&type=loto6,2026-08-21T01:52:57.357756+00:00,e9d23b71f671b371e78c7e1ca9340c57feee37928e3e5d5220fd5e287b25f70b
LOTO6,567,2011-06-27,7,13,17,23,28,34,25,mizuho_bank,https://www.mizuhobank.co.jp/takarakuji/check/loto/backnumber/detail.html?fromto=561_580&type=loto6,2026-08-21T01:52:57.357756+00:00,e9d23b71f671b371e78c7e1ca9340c57feee37928e3e5d5220fd5e287b25f70b
LOTO6,568,2011-06-30,7,10,15,31,32,42,41,mizuho_bank,https://www.mizuhobank.co.jp/takarakuji/check/loto/backnumber/detail.html?fromto=561_580&type=loto6,2026-08-21T01:52:57.357756+00:00,e9d23b71f671b371e78c7e1ca9340c57feee37928e3e5d5220fd5e287b25f70b
LOTO6,569,2011-07-04,4,19,21,25,28,40,38,mizuho_bank,https://www.mizuhobank.co.jp/takarakuji/check/loto/backnumber/detail.html?fromto=561_580&type=loto6,2026-08-21T01:52:57.357756+00:00,e9d23b71f671b371e78c7e1ca9340c57feee37928e3e5d5220fd5e287b25f70b
LOTO6,570,2011-07-07,2,4,10,28,38,43,25,mizuho_bank,https://www.mizuhobank.co.jp/takarakuji/check/loto/backnumber/detail.html?fromto=561_580&type=loto6,2026-08-21T01:52:57.357756+00:00,e9d23b71f671b371e78c7e1ca9340c57feee37928e3e5d5220fd5e287b25f70b
LOTO6,571,2011-07-11,6,20,21,23,33,38,10,mizuho_bank,https://www.mizuhobank.co.jp/takarakuji/check/loto/backnumber/detail.html?fromto=561_580&type=loto6,2026-08-21T01:52:57.357756+00:00,e9d23b71f671b371e78c7e1ca9340c57feee37928e3e5d5220fd5e287b25f70b
LOTO6,572,2011-07-14,10,12,18,38,42,43,40,mizuho_bank,https://www.mizuhobank.co.jp/takarakuji/check/loto/backnumber/detail.html?fromto=561_580&type=loto6,2026-08-21T01:52:57.357756+00:00,e9d23b71f671b371e78c7e1ca9340c57feee37928e3e5d5220fd5e287b25f70b
LOTO6,573,2011-07-18,3,5,21,30,37,38,11,mizuho_bank,https://www.mizuhobank.co.jp/takarakuji/check/loto/backnumber/detail.html?fromto=561_580&type=loto6,2026-08-21T01:52:57.357756+00:00,e9d23b71f671b371e78c7e1ca9340c57feee37928e3e5d5220fd5e287b25f70b
LOTO6,574,2011-07-21,4,11,16,20,26,43,9,mizuho_bank,https://www.mizuhobank.co.jp/takarakuji/check/loto/backnumber/detail.html?fromto=561_580&type=loto6,2026-08-21T01:52:57.357756+00:00,e9d23b71f671b371e78c7e1ca9340c57feee37928e3e5d5220fd5e287b25f70b
LOTO6,575,2011-07-25,4,11,17,21,23,30,18,mizuho_bank,https://www.mizuhobank.co.jp/takarakuji/check/loto/backnumber/detail.html?fromto=561_580&type=loto6,2026-08-21T01:52:57.357756+00:00,e9d23b71f671b371e78c7e1ca9340c57feee37928e3e5d5220fd5e287b25f70b
LOTO6,576,2011-07-28,8,9,21,24,29,37,1,mizuho_bank,https://www.mizuhobank.co.jp/takarakuji/check/loto/backnumber/detail.html?fromto=561_580&type=loto6,2026-08-21T01:52:57.357756+00:00,e9d23b71f671b371e78c7e1ca9340c57feee37928e3e5d5220fd5e287b25f70b
LOTO6,577,2011-08-01,3,12,29,31,36,37,26,mizuho_bank,https://www.mizuhobank.co.jp/takarakuji/check/loto/backnumber/detail.html?fromto=561_580&type=loto6,2026-08-21T01:52:57.357756+00:00,e9d23b71f671b371e78c7e1ca9340c57feee37928e3e5d5220fd5e287b25f70b
LOTO6,578,2011-08-04,16,22,23,27,33,37,36,mizuho_bank,https://www.mizuhobank.co.jp/takarakuji/check/loto/backnumber/detail.html?fromto=561_580&type=loto6,2026-08-21T01:52:57.357756+00:00,e9d23b71f671b371e78c7e1ca9340c57feee37928e3e5d5220fd5e287b25f70b
LOTO6,579,2011-08-08,6,8,17,19,23,42,32,mizuho_bank,https://www.mizuhobank.co.jp/takarakuji/check/loto/backnumber/detail.html?fromto=561_580&type=loto6,2026-08-21T01:52:57.357756+00:00,e9d23b71f671b371e78c7e1ca9340c57feee37928e3e5d5220fd5e287b25f70b
LOTO6,580,2011-08-11,12,15,17,25,35,43,32,mizuho_bank,https://www.mizuhobank.co.jp/takarakuji/check/loto/backnumber/detail.html?fromto=561_580&type=loto6,2026-08-21T01:52:57.357756+00:00,e9d23b71f671b371e78c7e1ca9340c57feee37928e3e5d5220fd5e287b25f70b
LOTO6,581,2011-08-15,5,22,28,29,35,39,21,mizuho_bank,https://www.mizuhobank.co.jp/takarakuji/check/loto/backnumber/detail.html?fromto=581_600&type=loto6,2026-08-21T01:52:56.587588+00:00,1008813bec747d7891eb82eb4d5441d379a1eb59750e147c1213b043edd26ae4
LOTO6,582,2011-08-18,7,10,14,25,32,38,13,mizuho_bank,https://www.mizuhobank.co.jp/takarakuji/check/loto/backnumber/detail.html?fromto=581_600&type=loto6,2026-08-21T01:52:56.587588+00:00,1008813bec747d7891eb82eb4d5441d379a1eb59750e147c1213b043edd26ae4
LOTO6,583,2011-08-22,2,12,17,18,40,43,16,mizuho_bank,https://www.mizuhobank.co.jp/takarakuji/check/loto/backnumber/detail.html?fromto=581_600&type=loto6,2026-08-21T01:52:56.587588+00:00,1008813bec747d7891eb82eb4d5441d379a1eb59750e147c1213b043edd26ae4
LOTO6,584,2011-08-25,10,11,24,26,37,38,21,mizuho_bank,https://www.mizuhobank.co.jp/takarakuji/check/loto/backnumber/detail.html?fromto=581_600&type=loto6,2026-08-21T01:52:56.587588+00:00,1008813bec747d7891eb82eb4d5441d379a1eb59750e147c1213b043edd26ae4
LOTO6,585,2011-08-29,1,28,32,34,41,42,22,mizuho_bank,https://www.mizuhobank.co.jp/takarakuji/check/loto/backnumber/detail.html?fromto=581_600&type=loto6,2026-08-21T01:52:56.587588+00:00,1008813bec747d7891eb82eb4d5441d379a1eb59750e147c1213b043edd26ae4
LOTO6,586,2011-09-01,6,7,10,23,36,42,11,mizuho_bank,https://www.mizuhobank.co.jp/takarakuji/check/loto/backnumber/detail.html?fromto=581_600&type=loto6,2026-08-21T01:52:56.587588+00:00,1008813bec747d7891eb82eb4d5441d379a1eb59750e147c1213b043edd26ae4
LOTO6,587,2011-09-05,10,12,18,27,33,40,42,mizuho_bank,https://www.mizuhobank.co.jp/takarakuji/check/loto/backnumber/detail.html?fromto=581_600&type=loto6,2026-08-21T01:52:56.587588+00:00,1008813bec747d7891eb82eb4d5441d379a1eb59750e147c1213b043edd26ae4
LOTO6,588,2011-09-08,8,13,18,33,34,36,23,mizuho_bank,https://www.mizuhobank.co.jp/takarakuji/check/loto/backnumber/detail.html?fromto=581_600&type=loto6,2026-08-21T01:52:56.587588+00:00,1008813bec747d7891eb82eb4d5441d379a1eb59750e147c1213b043edd26ae4
LOTO6,589,2011-09-12,1,9,10,28,41,42,33,mizuho_bank,https://www.mizuhobank.co.jp/takarakuji/check/loto/backnumber/detail.html?fromto=581_600&type=loto6,2026-08-21T01:52:56.587588+00:00,1008813bec747d7891eb82eb4d5441d379a1eb59750e147c1213b043edd26ae4
LOTO6,590,2011-09-15,20,24,25,27,32,37,2,mizuho_bank,https://www.mizuhobank.co.jp/takarakuji/check/loto/backnumber/detail.html?fromto=581_600&type=loto6,2026-08-21T01:52:56.587588+00:00,1008813bec747d7891eb82eb4d5441d379a1eb59750e147c1213b043edd26ae4
LOTO6,591,2011-09-19,1,13,16,22,27,33,5,mizuho_bank,https://www.mizuhobank.co.jp/takarakuji/check/loto/backnumber/detail.html?fromto=581_600&type=loto6,2026-08-21T01:52:56.587588+00:00,1008813bec747d7891eb82eb4d5441d379a1eb59750e147c1213b043edd26ae4
LOTO6,592,2011-09-22,12,14,22,23,34,41,36,mizuho_bank,https://www.mizuhobank.co.jp/takarakuji/check/loto/backnumber/detail.html?fromto=581_600&type=loto6,2026-08-21T01:52:56.587588+00:00,1008813bec747d7891eb82eb4d5441d379a1eb59750e147c1213b043edd26ae4
LOTO6,593,2011-09-26,2,10,16,26,29,30,4,mizuho_bank,https://www.mizuhobank.co.jp/takarakuji/check/loto/backnumber/detail.html?fromto=581_600&type=loto6,2026-08-21T01:52:56.587588+00:00,1008813bec747d7891eb82eb4d5441d379a1eb59750e147c1213b043edd26ae4
LOTO6,594,2011-09-29,4,5,15,30,34,38,2,mizuho_bank,https://www.mizuhobank.co.jp/takarakuji/check/loto/backnumber/detail.html?fromto=581_600&type=loto6,2026-08-21T01:52:56.587588+00:00,1008813bec747d7891eb82eb4d5441d379a1eb59750e147c1213b043edd26ae4
LOTO6,595,2011-10-03,1,5,15,22,39,40,27,mizuho_bank,https://www.mizuhobank.co.jp/takarakuji/check/loto/backnumber/detail.html?fromto=581_600&type=loto6,2026-08-21T01:52:56.587588+00:00,1008813bec747d7891eb82eb4d5441d379a1eb59750e147c1213b043edd26ae4
LOTO6,596,2011-10-06,2,13,17,24,29,34,12,mizuho_bank,https://www.mizuhobank.co.jp/takarakuji/check/loto/backnumber/detail.html?fromto=581_600&type=loto6,2026-08-21T01:52:56.587588+00:00,1008813bec747d7891eb82eb4d5441d379a1eb59750e147c1213b043edd26ae4
LOTO6,597,2011-10-10,3,4,7,13,16,23,1,mizuho_bank,https://www.mizuhobank.co.jp/takarakuji/check/loto/backnumber/detail.html?fromto=581_600&type=loto6,2026-08-21T01:52:56.587588+00:00,1008813bec747d7891eb82eb4d5441d379a1eb59750e147c1213b043edd26ae4
LOTO6,598,2011-10-13,6,10,15,21,36,41,40,mizuho_bank,https://www.mizuhobank.co.jp/takarakuji/check/loto/backnumber/detail.html?fromto=581_600&type=loto6,2026-08-21T01:52:56.587588+00:00,1008813bec747d7891eb82eb4d5441d379a1eb59750e147c1213b043edd26ae4
LOTO6,599,2011-10-17,1,2,8,13,27,39,36,mizuho_bank,https://www.mizuhobank.co.jp/takarakuji/check/loto/backnumber/detail.html?fromto=581_600&type=loto6,2026-08-21T01:52:56.587588+00:00,1008813bec747d7891eb82eb4d5441d379a1eb59750e147c1213b043edd26ae4
LOTO6,600,2011-10-20,3,20,23,24,28,35,26,mizuho_bank,https://www.mizuhobank.co.jp/takarakuji/check/loto/backnumber/detail.html?fromto=581_600&type=loto6,2026-08-21T01:52:56.587588+00:00,1008813bec747d7891eb82eb4d5441d379a1eb59750e147c1213b043edd26ae4
LOTO6,601,2011-10-24,6,22,25,26,30,39,32,mizuho_bank,https://www.mizuhobank.co.jp/takarakuji/check/loto/backnumber/detail.html?fromto=601_620&type=loto6,2026-08-21T01:52:55.932066+00:00,3a87ae050e20721547c817406d4a949dc875fe7201c6ed6d91b4485f883c2cb7
LOTO6,602,2011-10-27,8,13,15,18,24,41,27,mizuho_bank,https://www.mizuhobank.co.jp/takarakuji/check/loto/backnumber/detail.html?fromto=601_620&type=loto6,2026-08-21T01:52:55.932066+00:00,3a87ae050e20721547c817406d4a949dc875fe7201c6ed6d91b4485f883c2cb7
LOTO6,603,2011-10-31,3,8,18,21,23,42,17,mizuho_bank,https://www.mizuhobank.co.jp/takarakuji/check/loto/backnumber/detail.html?fromto=601_620&type=loto6,2026-08-21T01:52:55.932066+00:00,3a87ae050e20721547c817406d4a949dc875fe7201c6ed6d91b4485f883c2cb7
LOTO6,604,2011-11-03,9,15,20,22,28,43,37,mizuho_bank,https://www.mizuhobank.co.jp/takarakuji/check/loto/backnumber/detail.html?fromto=601_620&type=loto6,2026-08-21T01:52:55.932066+00:00,3a87ae050e20721547c817406d4a949dc875fe7201c6ed6d91b4485f883c2cb7
LOTO6,605,2011-11-07,1,4,13,25,38,43,11,mizuho_bank,https://www.mizuhobank.co.jp/takarakuji/check/loto/backnumber/detail.html?fromto=601_620&type=loto6,2026-08-21T01:52:55.932066+00:00,3a87ae050e20721547c817406d4a949dc875fe7201c6ed6d91b4485f883c2cb7
LOTO6,606,2011-11-10,8,15,24,26,35,42,7,mizuho_bank,https://www.mizuhobank.co.jp/takarakuji/check/loto/backnumber/detail.html?fromto=601_620&type=loto6,2026-08-21T01:52:55.932066+00:00,3a87ae050e20721547c817406d4a949dc875fe7201c6ed6d91b4485f883c2cb7
LOTO6,607,2011-11-14,2,3,8,12,20,21,16,mizuho_bank,https://www.mizuhobank.co.jp/takarakuji/check/loto/backnumber/detail.html?fromto=601_620&type=loto6,2026-08-21T01:52:55.932066+00:00,3a87ae050e20721547c817406d4a949dc875fe7201c6ed6d91b4485f883c2cb7
LOTO6,608,2011-11-17,4,6,16,17,18,26,40,mizuho_bank,https://www.mizuhobank.co.jp/takarakuji/check/loto/backnumber/detail.html?fromto=601_620&type=loto6,2026-08-21T01:52:55.932066+00:00,3a87ae050e20721547c817406d4a949dc875fe7201c6ed6d91b4485f883c2cb7
LOTO6,609,2011-11-21,18,24,36,37,39,41,1,mizuho_bank,https://www.mizuhobank.co.jp/takarakuji/check/loto/backnumber/detail.html?fromto=601_620&type=loto6,2026-08-21T01:52:55.932066+00:00,3a87ae050e20721547c817406d4a949dc875fe7201c6ed6d91b4485f883c2cb7
LOTO6,610,2011-11-24,2,5,12,23,26,41,36,mizuho_bank,https://www.mizuhobank.co.jp/takarakuji/check/loto/backnumber/detail.html?fromto=601_620&type=loto6,2026-08-21T01:52:55.932066+00:00,3a87ae050e20721547c817406d4a949dc875fe7201c6ed6d91b4485f883c2cb7
LOTO6,611,2011-11-28,10,12,14,24,34,39,16,mizuho_bank,https://www.mizuhobank.co.jp/takarakuji/check/loto/backnumber/detail.html?fromto=601_620&type=loto6,2026-08-21T01:52:55.932066+00:00,3a87ae050e20721547c817406d4a949dc875fe7201c6ed6d91b4485f883c2cb7
LOTO6,612,2011-12-01,7,18,31,32,39,40,35,mizuho_bank,https://www.mizuhobank.co.jp/takarakuji/check/loto/backnumber/detail.html?fromto=601_620&type=loto6,2026-08-21T01:52:55.932066+00:00,3a87ae050e20721547c817406d4a949dc875fe7201c6ed6d91b4485f883c2cb7
LOTO6,613,2011-12-05,2,6,18,26,32,37,5,mizuho_bank,https://www.mizuhobank.co.jp/takarakuji/check/loto/backnumber/detail.html?fromto=601_620&type=loto6,2026-08-21T01:52:55.932066+00:00,3a87ae050e20721547c817406d4a949dc875fe7201c6ed6d91b4485f883c2cb7
LOTO6,614,2011-12-08,2,6,22,25,31,42,1,mizuho_bank,https://www.mizuhobank.co.jp/takarakuji/check/loto/backnumber/detail.html?fromto=601_620&type=loto6,2026-08-21T01:52:55.932066+00:00,3a87ae050e20721547c817406d4a949dc875fe7201c6ed6d91b4485f883c2cb7
LOTO6,615,2011-12-12,6,16,24,32,36,43,28,mizuho_bank,https://www.mizuhobank.co.jp/takarakuji/check/loto/backnumber/detail.html?fromto=601_620&type=loto6,2026-08-21T01:52:55.932066+00:00,3a87ae050e20721547c817406d4a949dc875fe7201c6ed6d91b4485f883c2cb7
LOTO6,616,2011-12-15,4,7,18,19,24,35,17,mizuho_bank,https://www.mizuhobank.co.jp/takarakuji/check/loto/backnumber/detail.html?fromto=601_620&type=loto6,2026-08-21T01:52:55.932066+00:00,3a87ae050e20721547c817406d4a949dc875fe7201c6ed6d91b4485f883c2cb7
LOTO6,617,2011-12-19,5,8,18,28,34,35,10,mizuho_bank,https://www.mizuhobank.co.jp/takarakuji/check/loto/backnumber/detail.html?fromto=601_620&type=loto6,2026-08-21T01:52:55.932066+00:00,3a87ae050e20721547c817406d4a949dc875fe7201c6ed6d91b4485f883c2cb7
LOTO6,618,2011-12-22,4,15,21,31,35,42,13,mizuho_bank,https://www.mizuhobank.co.jp/takarakuji/check/loto/backnumber/detail.html?fromto=601_620&type=loto6,2026-08-21T01:52:55.932066+00:00,3a87ae050e20721547c817406d4a949dc875fe7201c6ed6d91b4485f883c2cb7
LOTO6,619,2011-12-26,2,11,29,31,33,38,14,mizuho_bank,https://www.mizuhobank.co.jp/takarakuji/check/loto/backnumber/detail.html?fromto=601_620&type=loto6,2026-08-21T01:52:55.932066+00:00,3a87ae050e20721547c817406d4a949dc875fe7201c6ed6d91b4485f883c2cb7
LOTO6,620,2011-12-29,7,10,13,19,31,38,12,mizuho_bank,https://www.mizuhobank.co.jp/takarakuji/check/loto/backnumber/detail.html?fromto=601_620&type=loto6,2026-08-21T01:52:55.932066+00:00,3a87ae050e20721547c817406d4a949dc875fe7201c6ed6d91b4485f883c2cb7
LOTO6,621,2012-01-05,6,15,16,28,36,40,20,mizuho_bank,https://www.mizuhobank.co.jp/takarakuji/check/loto/backnumber/detail.html?fromto=621_640&type=loto6,2026-08-21T01:52:55.272048+00:00,c89ef7b259d6f931fba2a0f81147af7f836dfbb9928ce28587fe7cfb865f8da3
LOTO6,622,2012-01-09,7,16,18,20,27,36,41,mizuho_bank,https://www.mizuhobank.co.jp/takarakuji/check/loto/backnumber/detail.html?fromto=621_640&type=loto6,2026-08-21T01:52:55.272048+00:00,c89ef7b259d6f931fba2a0f81147af7f836dfbb9928ce28587fe7cfb865f8da3
LOTO6,623,2012-01-12,7,8,16,35,39,42,9,mizuho_bank,https://www.mizuhobank.co.jp/takarakuji/check/loto/backnumber/detail.html?fromto=621_640&type=loto6,2026-08-21T01:52:55.272048+00:00,c89ef7b259d6f931fba2a0f81147af7f836dfbb9928ce28587fe7cfb865f8da3
LOTO6,624,2012-01-16,4,8,12,22,25,30,43,mizuho_bank,https://www.mizuhobank.co.jp/takarakuji/check/loto/backnumber/detail.html?fromto=621_640&type=loto6,2026-08-21T01:52:55.272048+00:00,c89ef7b259d6f931fba2a0f81147af7f836dfbb9928ce28587fe7cfb865f8da3
LOTO6,625,2012-01-19,5,17,26,37,39,42,20,mizuho_bank,https://www.mizuhobank.co.jp/takarakuji/check/loto/backnumber/detail.html?fromto=621_640&type=loto6,2026-08-21T01:52:55.272048+00:00,c89ef7b259d6f931fba2a0f81147af7f836dfbb9928ce28587fe7cfb865f8da3
LOTO6,626,2012-01-23,6,13,14,22,26,28,10,mizuho_bank,https://www.mizuhobank.co.jp/takarakuji/check/loto/backnumber/detail.html?fromto=621_640&type=loto6,2026-08-21T01:52:55.272048+00:00,c89ef7b259d6f931fba2a0f81147af7f836dfbb9928ce28587fe7cfb865f8da3
LOTO6,627,2012-01-26,2,4,7,19,34,42,30,mizuho_bank,https://www.mizuhobank.co.jp/takarakuji/check/loto/backnumber/detail.html?fromto=621_640&type=loto6,2026-08-21T01:52:55.272048+00:00,c89ef7b259d6f931fba2a0f81147af7f836dfbb9928ce28587fe7cfb865f8da3
LOTO6,628,2012-01-30,7,13,15,18,29,38,30,mizuho_bank,https://www.mizuhobank.co.jp/takarakuji/check/loto/backnumber/detail.html?fromto=621_640&type=loto6,2026-08-21T01:52:55.272048+00:00,c89ef7b259d6f931fba2a0f81147af7f836dfbb9928ce28587fe7cfb865f8da3
LOTO6,629,2012-02-02,6,16,21,30,34,43,36,mizuho_bank,https://www.mizuhobank.co.jp/takarakuji/check/loto/backnumber/detail.html?fromto=621_640&type=loto6,2026-08-21T01:52:55.272048+00:00,c89ef7b259d6f931fba2a0f81147af7f836dfbb9928ce28587fe7cfb865f8da3
LOTO6,630,2012-02-06,3,7,13,18,19,41,38,mizuho_bank,https://www.mizuhobank.co.jp/takarakuji/check/loto/backnumber/detail.html?fromto=621_640&type=loto6,2026-08-21T01:52:55.272048+00:00,c89ef7b259d6f931fba2a0f81147af7f836dfbb9928ce28587fe7cfb865f8da3
LOTO6,631,2012-02-09,2,5,7,10,36,40,12,mizuho_bank,https://www.mizuhobank.co.jp/takarakuji/check/loto/backnumber/detail.html?fromto=621_640&type=loto6,2026-08-21T01:52:55.272048+00:00,c89ef7b259d6f931fba2a0f81147af7f836dfbb9928ce28587fe7cfb865f8da3
LOTO6,632,2012-02-13,3,4,14,21,22,25,26,mizuho_bank,https://www.mizuhobank.co.jp/takarakuji/check/loto/backnumber/detail.html?fromto=621_640&type=loto6,2026-08-21T01:52:55.272048+00:00,c89ef7b259d6f931fba2a0f81147af7f836dfbb9928ce28587fe7cfb865f8da3
LOTO6,633,2012-02-16,7,9,11,14,15,18,5,mizuho_bank,https://www.mizuhobank.co.jp/takarakuji/check/loto/backnumber/detail.html?fromto=621_640&type=loto6,2026-08-21T01:52:55.272048+00:00,c89ef7b259d6f931fba2a0f81147af7f836dfbb9928ce28587fe7cfb865f8da3
LOTO6,634,2012-02-20,8,10,13,15,20,40,23,mizuho_bank,https://www.mizuhobank.co.jp/takarakuji/check/loto/backnumber/detail.html?fromto=621_640&type=loto6,2026-08-21T01:52:55.272048+00:00,c89ef7b259d6f931fba2a0f81147af7f836dfbb9928ce28587fe7cfb865f8da3
LOTO6,635,2012-02-23,8,11,12,15,41,43,22,mizuho_bank,https://www.mizuhobank.co.jp/takarakuji/check/loto/backnumber/detail.html?fromto=621_640&type=loto6,2026-08-21T01:52:55.272048+00:00,c89ef7b259d6f931fba2a0f81147af7f836dfbb9928ce28587fe7cfb865f8da3
LOTO6,636,2012-02-27,2,12,21,23,24,26,36,mizuho_bank,https://www.mizuhobank.co.jp/takarakuji/check/loto/backnumber/detail.html?fromto=621_640&type=loto6,2026-08-21T01:52:55.272048+00:00,c89ef7b259d6f931fba2a0f81147af7f836dfbb9928ce28587fe7cfb865f8da3
LOTO6,637,2012-03-01,7,12,16,28,31,34,11,mizuho_bank,https://www.mizuhobank.co.jp/takarakuji/check/loto/backnumber/detail.html?fromto=621_640&type=loto6,2026-08-21T01:52:55.272048+00:00,c89ef7b259d6f931fba2a0f81147af7f836dfbb9928ce28587fe7cfb865f8da3
LOTO6,638,2012-03-05,6,11,19,28,35,40,14,mizuho_bank,https://www.mizuhobank.co.jp/takarakuji/check/loto/backnumber/detail.html?fromto=621_640&type=loto6,2026-08-21T01:52:55.272048+00:00,c89ef7b259d6f931fba2a0f81147af7f836dfbb9928ce28587fe7cfb865f8da3
LOTO6,639,2012-03-08,1,16,20,24,33,34,8,mizuho_bank,https://www.mizuhobank.co.jp/takarakuji/check/loto/backnumber/detail.html?fromto=621_640&type=loto6,2026-08-21T01:52:55.272048+00:00,c89ef7b259d6f931fba2a0f81147af7f836dfbb9928ce28587fe7cfb865f8da3
LOTO6,640,2012-03-12,3,11,18,20,33,39,22,mizuho_bank,https://www.mizuhobank.co.jp/takarakuji/check/loto/backnumber/detail.html?fromto=621_640&type=loto6,2026-08-21T01:52:55.272048+00:00,c89ef7b259d6f931fba2a0f81147af7f836dfbb9928ce28587fe7cfb865f8da3
LOTO6,641,2012-03-15,3,14,21,24,26,29,32,mizuho_bank,https://www.mizuhobank.co.jp/takarakuji/check/loto/backnumber/detail.html?fromto=641_660&type=loto6,2026-08-21T01:52:54.502826+00:00,4a9edf0c7f0ef33e02d6b854d98caccb74f4e6d4fabbd4796dde18e11616d34b
LOTO6,642,2012-03-19,8,13,14,21,33,41,18,mizuho_bank,https://www.mizuhobank.co.jp/takarakuji/check/loto/backnumber/detail.html?fromto=641_660&type=loto6,2026-08-21T01:52:54.502826+00:00,4a9edf0c7f0ef33e02d6b854d98caccb74f4e6d4fabbd4796dde18e11616d34b
LOTO6,643,2012-03-22,2,6,21,31,35,37,15,mizuho_bank,https://www.mizuhobank.co.jp/takarakuji/check/loto/backnumber/detail.html?fromto=641_660&type=loto6,2026-08-21T01:52:54.502826+00:00,4a9edf0c7f0ef33e02d6b854d98caccb74f4e6d4fabbd4796dde18e11616d34b
LOTO6,644,2012-03-26,4,14,22,23,26,42,2,mizuho_bank,https://www.mizuhobank.co.jp/takarakuji/check/loto/backnumber/detail.html?fromto=641_660&type=loto6,2026-08-21T01:52:54.502826+00:00,4a9edf0c7f0ef33e02d6b854d98caccb74f4e6d4fabbd4796dde18e11616d34b
LOTO6,645,2012-03-29,3,10,12,32,33,43,31,mizuho_bank,https://www.mizuhobank.co.jp/takarakuji/check/loto/backnumber/detail.html?fromto=641_660&type=loto6,2026-08-21T01:52:54.502826+00:00,4a9edf0c7f0ef33e02d6b854d98caccb74f4e6d4fabbd4796dde18e11616d34b
LOTO6,646,2012-04-02,9,12,14,24,28,33,37,mizuho_bank,https://www.mizuhobank.co.jp/takarakuji/check/loto/backnumber/detail.html?fromto=641_660&type=loto6,2026-08-21T01:52:54.502826+00:00,4a9edf0c7f0ef33e02d6b854d98caccb74f4e6d4fabbd4796dde18e11616d34b
LOTO6,647,2012-04-05,2,7,15,22,36,43,27,mizuho_bank,https://www.mizuhobank.co.jp/takarakuji/check/loto/backnumber/detail.html?fromto=641_660&type=loto6,2026-08-21T01:52:54.502826+00:00,4a9edf0c7f0ef33e02d6b854d98caccb74f4e6d4fabbd4796dde18e11616d34b
LOTO6,648,2012-04-09,22,26,27,28,36,43,1,mizuho_bank,https://www.mizuhobank.co.jp/takarakuji/check/loto/backnumber/detail.html?fromto=641_660&type=loto6,2026-08-21T01:52:54.502826+00:00,4a9edf0c7f0ef33e02d6b854d98caccb74f4e6d4fabbd4796dde18e11616d34b
LOTO6,649,2012-04-12,14,22,29,33,36,40,38,mizuho_bank,https://www.mizuhobank.co.jp/takarakuji/check/loto/backnumber/detail.html?fromto=641_660&type=loto6,2026-08-21T01:52:54.502826+00:00,4a9edf0c7f0ef33e02d6b854d98caccb74f4e6d4fabbd4796dde18e11616d34b
LOTO6,650,2012-04-16,12,31,34,40,41,43,6,mizuho_bank,https://www.mizuhobank.co.jp/takarakuji/check/loto/backnumber/detail.html?fromto=641_660&type=loto6,2026-08-21T01:52:54.502826+00:00,4a9edf0c7f0ef33e02d6b854d98caccb74f4e6d4fabbd4796dde18e11616d34b
LOTO6,651,2012-04-19,4,15,17,34,38,40,5,mizuho_bank,https://www.mizuhobank.co.jp/takarakuji/check/loto/backnumber/detail.html?fromto=641_660&type=loto6,2026-08-21T01:52:54.502826+00:00,4a9edf0c7f0ef33e02d6b854d98caccb74f4e6d4fabbd4796dde18e11616d34b
LOTO6,652,2012-04-23,1,10,16,19,20,39,29,mizuho_bank,https://www.mizuhobank.co.jp/takarakuji/check/loto/backnumber/detail.html?fromto=641_660&type=loto6,2026-08-21T01:52:54.502826+00:00,4a9edf0c7f0ef33e02d6b854d98caccb74f4e6d4fabbd4796dde18e11616d34b
LOTO6,653,2012-04-26,13,21,22,26,29,36,31,mizuho_bank,https://www.mizuhobank.co.jp/takarakuji/check/loto/backnumber/detail.html?fromto=641_660&type=loto6,2026-08-21T01:52:54.502826+00:00,4a9edf0c7f0ef33e02d6b854d98caccb74f4e6d4fabbd4796dde18e11616d34b
LOTO6,654,2012-04-30,12,18,21,29,32,38,2,mizuho_bank,https://www.mizuhobank.co.jp/takarakuji/check/loto/backnumber/detail.html?fromto=641_660&type=loto6,2026-08-21T01:52:54.502826+00:00,4a9edf0c7f0ef33e02d6b854d98caccb74f4e6d4fabbd4796dde18e11616d34b
LOTO6,655,2012-05-03,5,10,23,26,28,29,27,mizuho_bank,https://www.mizuhobank.co.jp/takarakuji/check/loto/backnumber/detail.html?fromto=641_660&type=loto6,2026-08-21T01:52:54.502826+00:00,4a9edf0c7f0ef33e02d6b854d98caccb74f4e6d4fabbd4796dde18e11616d34b
LOTO6,656,2012-05-07,2,8,13,17,25,37,30,mizuho_bank,https://www.mizuhobank.co.jp/takarakuji/check/loto/backnumber/detail.html?fromto=641_660&type=loto6,2026-08-21T01:52:54.502826+00:00,4a9edf0c7f0ef33e02d6b854d98caccb74f4e6d4fabbd4796dde18e11616d34b
LOTO6,657,2012-05-10,3,20,29,33,34,40,2,mizuho_bank,https://www.mizuhobank.co.jp/takarakuji/check/loto/backnumber/detail.html?fromto=641_660&type=loto6,2026-08-21T01:52:54.502826+00:00,4a9edf0c7f0ef33e02d6b854d98caccb74f4e6d4fabbd4796dde18e11616d34b
LOTO6,658,2012-05-14,14,24,32,40,41,42,9,mizuho_bank,https://www.mizuhobank.co.jp/takarakuji/check/loto/backnumber/detail.html?fromto=641_660&type=loto6,2026-08-21T01:52:54.502826+00:00,4a9edf0c7f0ef33e02d6b854d98caccb74f4e6d4fabbd4796dde18e11616d34b
LOTO6,659,2012-05-17,21,30,35,39,41,42,3,mizuho_bank,https://www.mizuhobank.co.jp/takarakuji/check/loto/backnumber/detail.html?fromto=641_660&type=loto6,2026-08-21T01:52:54.502826+00:00,4a9edf0c7f0ef33e02d6b854d98caccb74f4e6d4fabbd4796dde18e11616d34b
LOTO6,660,2012-05-21,8,20,31,36,37,38,39,mizuho_bank,https://www.mizuhobank.co.jp/takarakuji/check/loto/backnumber/detail.html?fromto=641_660&type=loto6,2026-08-21T01:52:54.502826+00:00,4a9edf0c7f0ef33e02d6b854d98caccb74f4e6d4fabbd4796dde18e11616d34b
LOTO6,661,2012-05-24,6,9,17,20,33,40,26,mizuho_bank,https://www.mizuhobank.co.jp/takarakuji/check/loto/backnumber/detail.html?fromto=661_680&type=loto6,2026-08-21T01:52:53.670237+00:00,8c4bb53306f2dc914fdd8f170e0267eb9b58f65792b6e73a7598f39c9f12f76b
LOTO6,662,2012-05-28,12,31,32,34,36,40,6,mizuho_bank,https://www.mizuhobank.co.jp/takarakuji/check/loto/backnumber/detail.html?fromto=661_680&type=loto6,2026-08-21T01:52:53.670237+00:00,8c4bb53306f2dc914fdd8f170e0267eb9b58f65792b6e73a7598f39c9f12f76b
LOTO6,663,2012-05-31,13,18,21,30,33,40,25,mizuho_bank,https://www.mizuhobank.co.jp/takarakuji/check/loto/backnumber/detail.html?fromto=661_680&type=loto6,2026-08-21T01:52:53.670237+00:00,8c4bb53306f2dc914fdd8f170e0267eb9b58f65792b6e73a7598f39c9f12f76b
LOTO6,664,2012-06-04,2,8,11,12,26,29,22,mizuho_bank,https://www.mizuhobank.co.jp/takarakuji/check/loto/backnumber/detail.html?fromto=661_680&type=loto6,2026-08-21T01:52:53.670237+00:00,8c4bb53306f2dc914fdd8f170e0267eb9b58f65792b6e73a7598f39c9f12f76b
LOTO6,665,2012-06-07,13,22,27,29,36,37,40,mizuho_bank,https://www.mizuhobank.co.jp/takarakuji/check/loto/backnumber/detail.html?fromto=661_680&type=loto6,2026-08-21T01:52:53.670237+00:00,8c4bb53306f2dc914fdd8f170e0267eb9b58f65792b6e73a7598f39c9f12f76b
LOTO6,666,2012-06-11,2,6,28,30,31,41,7,mizuho_bank,https://www.mizuhobank.co.jp/takarakuji/check/loto/backnumber/detail.html?fromto=661_680&type=loto6,2026-08-21T01:52:53.670237+00:00,8c4bb53306f2dc914fdd8f170e0267eb9b58f65792b6e73a7598f39c9f12f76b
LOTO6,667,2012-06-14,21,31,34,37,39,40,15,mizuho_bank,https://www.mizuhobank.co.jp/takarakuji/check/loto/backnumber/detail.html?fromto=661_680&type=loto6,2026-08-21T01:52:53.670237+00:00,8c4bb53306f2dc914fdd8f170e0267eb9b58f65792b6e73a7598f39c9f12f76b
LOTO6,668,2012-06-18,7,13,20,27,34,35,22,mizuho_bank,https://www.mizuhobank.co.jp/takarakuji/check/loto/backnumber/detail.html?fromto=661_680&type=loto6,2026-08-21T01:52:53.670237+00:00,8c4bb53306f2dc914fdd8f170e0267eb9b58f65792b6e73a7598f39c9f12f76b
LOTO6,669,2012-06-21,4,6,10,17,24,33,19,mizuho_bank,https://www.mizuhobank.co.jp/takarakuji/check/loto/backnumber/detail.html?fromto=661_680&type=loto6,2026-08-21T01:52:53.670237+00:00,8c4bb53306f2dc914fdd8f170e0267eb9b58f65792b6e73a7598f39c9f12f76b
LOTO6,670,2012-06-25,1,4,7,25,32,41,18,mizuho_bank,https://www.mizuhobank.co.jp/takarakuji/check/loto/backnumber/detail.html?fromto=661_680&type=loto6,2026-08-21T01:52:53.670237+00:00,8c4bb53306f2dc914fdd8f170e0267eb9b58f65792b6e73a7598f39c9f12f76b
LOTO6,671,2012-06-28,5,10,14,16,23,38,21,mizuho_bank,https://www.mizuhobank.co.jp/takarakuji/check/loto/backnumber/detail.html?fromto=661_680&type=loto6,2026-08-21T01:52:53.670237+00:00,8c4bb53306f2dc914fdd8f170e0267eb9b58f65792b6e73a7598f39c9f12f76b
LOTO6,672,2012-07-02,1,5,23,24,36,43,19,mizuho_bank,https://www.mizuhobank.co.jp/takarakuji/check/loto/backnumber/detail.html?fromto=661_680&type=loto6,2026-08-21T01:52:53.670237+00:00,8c4bb53306f2dc914fdd8f170e0267eb9b58f65792b6e73a7598f39c9f12f76b
LOTO6,673,2012-07-05,2,6,16,27,28,29,38,mizuho_bank,https://www.mizuhobank.co.jp/takarakuji/check/loto/backnumber/detail.html?fromto=661_680&type=loto6,2026-08-21T01:52:53.670237+00:00,8c4bb53306f2dc914fdd8f170e0267eb9b58f65792b6e73a7598f39c9f12f76b
LOTO6,674,2012-07-09,8,11,15,22,40,41,39,mizuho_bank,https://www.mizuhobank.co.jp/takarakuji/check/loto/backnumber/detail.html?fromto=661_680&type=loto6,2026-08-21T01:52:53.670237+00:00,8c4bb53306f2dc914fdd8f170e0267eb9b58f65792b6e73a7598f39c9f12f76b
LOTO6,675,2012-07-12,8,10,15,21,24,34,28,mizuho_bank,https://www.mizuhobank.co.jp/takarakuji/check/loto/backnumber/detail.html?fromto=661_680&type=loto6,2026-08-21T01:52:53.670237+00:00,8c4bb53306f2dc914fdd8f170e0267eb9b58f65792b6e73a7598f39c9f12f76b
LOTO6,676,2012-07-16,2,8,20,33,38,42,21,mizuho_bank,https://www.mizuhobank.co.jp/takarakuji/check/loto/backnumber/detail.html?fromto=661_680&type=loto6,2026-08-21T01:52:53.670237+00:00,8c4bb53306f2dc914fdd8f170e0267eb9b58f65792b6e73a7598f39c9f12f76b
LOTO6,677,2012-07-19,4,11,22,31,32,35,23,mizuho_bank,https://www.mizuhobank.co.jp/takarakuji/check/loto/backnumber/detail.html?fromto=661_680&type=loto6,2026-08-21T01:52:53.670237+00:00,8c4bb53306f2dc914fdd8f170e0267eb9b58f65792b6e73a7598f39c9f12f76b
LOTO6,678,2012-07-23,8,24,25,29,32,40,28,mizuho_bank,https://www.mizuhobank.co.jp/takarakuji/check/loto/backnumber/detail.html?fromto=661_680&type=loto6,2026-08-21T01:52:53.670237+00:00,8c4bb53306f2dc914fdd8f170e0267eb9b58f65792b6e73a7598f39c9f12f76b
LOTO6,679,2012-07-26,4,5,7,37,41,42,39,mizuho_bank,https://www.mizuhobank.co.jp/takarakuji/check/loto/backnumber/detail.html?fromto=661_680&type=loto6,2026-08-21T01:52:53.670237+00:00,8c4bb53306f2dc914fdd8f170e0267eb9b58f65792b6e73a7598f39c9f12f76b
LOTO6,680,2012-07-30,8,9,23,34,38,41,6,mizuho_bank,https://www.mizuhobank.co.jp/takarakuji/check/loto/backnumber/detail.html?fromto=661_680&type=loto6,2026-08-21T01:52:53.670237+00:00,8c4bb53306f2dc914fdd8f170e0267eb9b58f65792b6e73a7598f39c9f12f76b
LOTO6,681,2012-08-02,1,11,13,30,37,41,27,mizuho_bank,https://www.mizuhobank.co.jp/takarakuji/check/loto/backnumber/detail.html?fromto=681_700&type=loto6,2026-08-21T01:52:53.025178+00:00,a7c3b3a235c5811f4d75737f39968e4d7ad2f6c64b7ad4cb754554a179f3b01f
LOTO6,682,2012-08-06,3,5,7,18,19,41,34,mizuho_bank,https://www.mizuhobank.co.jp/takarakuji/check/loto/backnumber/detail.html?fromto=681_700&type=loto6,2026-08-21T01:52:53.025178+00:00,a7c3b3a235c5811f4d75737f39968e4d7ad2f6c64b7ad4cb754554a179f3b01f
LOTO6,683,2012-08-09,16,24,29,32,35,38,37,mizuho_bank,https://www.mizuhobank.co.jp/takarakuji/check/loto/backnumber/detail.html?fromto=681_700&type=loto6,2026-08-21T01:52:53.025178+00:00,a7c3b3a235c5811f4d75737f39968e4d7ad2f6c64b7ad4cb754554a179f3b01f
LOTO6,684,2012-08-13,6,7,13,18,27,33,16,mizuho_bank,https://www.mizuhobank.co.jp/takarakuji/check/loto/backnumber/detail.html?fromto=681_700&type=loto6,2026-08-21T01:52:53.025178+00:00,a7c3b3a235c5811f4d75737f39968e4d7ad2f6c64b7ad4cb754554a179f3b01f
LOTO6,685,2012-08-16,12,23,27,32,39,43,15,mizuho_bank,https://www.mizuhobank.co.jp/takarakuji/check/loto/backnumber/detail.html?fromto=681_700&type=loto6,2026-08-21T01:52:53.025178+00:00,a7c3b3a235c5811f4d75737f39968e4d7ad2f6c64b7ad4cb754554a179f3b01f
LOTO6,686,2012-08-20,21,24,26,35,37,38,16,mizuho_bank,https://www.mizuhobank.co.jp/takarakuji/check/loto/backnumber/detail.html?fromto=681_700&type=loto6,2026-08-21T01:52:53.025178+00:00,a7c3b3a235c5811f4d75737f39968e4d7ad2f6c64b7ad4cb754554a179f3b01f
LOTO6,687,2012-08-23,16,20,27,33,40,42,34,mizuho_bank,https://www.mizuhobank.co.jp/takarakuji/check/loto/backnumber/detail.html?fromto=681_700&type=loto6,2026-08-21T01:52:53.025178+00:00,a7c3b3a235c5811f4d75737f39968e4d7ad2f6c64b7ad4cb754554a179f3b01f
LOTO6,688,2012-08-27,9,12,16,33,34,35,1,mizuho_bank,https://www.mizuhobank.co.jp/takarakuji/check/loto/backnumber/detail.html?fromto=681_700&type=loto6,2026-08-21T01:52:53.025178+00:00,a7c3b3a235c5811f4d75737f39968e4d7ad2f6c64b7ad4cb754554a179f3b01f
LOTO6,689,2012-08-30,6,8,12,17,24,31,38,mizuho_bank,https://www.mizuhobank.co.jp/takarakuji/check/loto/backnumber/detail.html?fromto=681_700&type=loto6,2026-08-21T01:52:53.025178+00:00,a7c3b3a235c5811f4d75737f39968e4d7ad2f6c64b7ad4cb754554a179f3b01f
LOTO6,690,2012-09-03,7,8,10,21,34,38,30,mizuho_bank,https://www.mizuhobank.co.jp/takarakuji/check/loto/backnumber/detail.html?fromto=681_700&type=loto6,2026-08-21T01:52:53.025178+00:00,a7c3b3a235c5811f4d75737f39968e4d7ad2f6c64b7ad4cb754554a179f3b01f
LOTO6,691,2012-09-06,4,7,8,15,16,42,23,mizuho_bank,https://www.mizuhobank.co.jp/takarakuji/check/loto/backnumber/detail.html?fromto=681_700&type=loto6,2026-08-21T01:52:53.025178+00:00,a7c3b3a235c5811f4d75737f39968e4d7ad2f6c64b7ad4cb754554a179f3b01f
LOTO6,692,2012-09-10,9,10,12,19,21,42,15,mizuho_bank,https://www.mizuhobank.co.jp/takarakuji/check/loto/backnumber/detail.html?fromto=681_700&type=loto6,2026-08-21T01:52:53.025178+00:00,a7c3b3a235c5811f4d75737f39968e4d7ad2f6c64b7ad4cb754554a179f3b01f
LOTO6,693,2012-09-13,4,14,18,22,32,35,10,mizuho_bank,https://www.mizuhobank.co.jp/takarakuji/check/loto/backnumber/detail.html?fromto=681_700&type=loto6,2026-08-21T01:52:53.025178+00:00,a7c3b3a235c5811f4d75737f39968e4d7ad2f6c64b7ad4cb754554a179f3b01f
LOTO6,694,2012-09-17,8,23,27,31,38,40,3,mizuho_bank,https://www.mizuhobank.co.jp/takarakuji/check/loto/backnumber/detail.html?fromto=681_700&type=loto6,2026-08-21T01:52:53.025178+00:00,a7c3b3a235c5811f4d75737f39968e4d7ad2f6c64b7ad4cb754554a179f3b01f
LOTO6,695,2012-09-20,4,7,11,12,13,19,27,mizuho_bank,https://www.mizuhobank.co.jp/takarakuji/check/loto/backnumber/detail.html?fromto=681_700&type=loto6,2026-08-21T01:52:53.025178+00:00,a7c3b3a235c5811f4d75737f39968e4d7ad2f6c64b7ad4cb754554a179f3b01f
LOTO6,696,2012-09-24,2,10,14,19,36,39,9,mizuho_bank,https://www.mizuhobank.co.jp/takarakuji/check/loto/backnumber/detail.html?fromto=681_700&type=loto6,2026-08-21T01:52:53.025178+00:00,a7c3b3a235c5811f4d75737f39968e4d7ad2f6c64b7ad4cb754554a179f3b01f
LOTO6,697,2012-09-27,2,12,14,18,40,41,6,mizuho_bank,https://www.mizuhobank.co.jp/takarakuji/check/loto/backnumber/detail.html?fromto=681_700&type=loto6,2026-08-21T01:52:53.025178+00:00,a7c3b3a235c5811f4d75737f39968e4d7ad2f6c64b7ad4cb754554a179f3b01f
LOTO6,698,2012-10-01,5,20,21,26,30,33,27,mizuho_bank,https://www.mizuhobank.co.jp/takarakuji/check/loto/backnumber/detail.html?fromto=681_700&type=loto6,2026-08-21T01:52:53.025178+00:00,a7c3b3a235c5811f4d75737f39968e4d7ad2f6c64b7ad4cb754554a179f3b01f
LOTO6,699,2012-10-04,12,13,21,25,29,32,20,mizuho_bank,https://www.mizuhobank.co.jp/takarakuji/check/loto/backnumber/detail.html?fromto=681_700&type=loto6,2026-08-21T01:52:53.025178+00:00,a7c3b3a235c5811f4d75737f39968e4d7ad2f6c64b7ad4cb754554a179f3b01f
LOTO6,700,2012-10-08,1,8,17,24,33,35,11,mizuho_bank,https://www.mizuhobank.co.jp/takarakuji/check/loto/backnumber/detail.html?fromto=681_700&type=loto6,2026-08-21T01:52:53.025178+00:00,a7c3b3a235c5811f4d75737f39968e4d7ad2f6c64b7ad4cb754554a179f3b01f
LOTO6,701,2012-10-11,20,22,24,32,36,39,29,mizuho_bank,https://www.mizuhobank.co.jp/takarakuji/check/loto/backnumber/detail.html?fromto=701_720&type=loto6,2026-08-21T01:52:52.370355+00:00,531d51a28876e96c2b012f21d7dbcb1b1a68b91862a3bfb46805c0c3dca335c7
LOTO6,702,2012-10-15,1,20,23,37,38,40,4,mizuho_bank,https://www.mizuhobank.co.jp/takarakuji/check/loto/backnumber/detail.html?fromto=701_720&type=loto6,2026-08-21T01:52:52.370355+00:00,531d51a28876e96c2b012f21d7dbcb1b1a68b91862a3bfb46805c0c3dca335c7
LOTO6,703,2012-10-18,20,24,27,28,38,41,4,mizuho_bank,https://www.mizuhobank.co.jp/takarakuji/check/loto/backnumber/detail.html?fromto=701_720&type=loto6,2026-08-21T01:52:52.370355+00:00,531d51a28876e96c2b012f21d7dbcb1b1a68b91862a3bfb46805c0c3dca335c7
LOTO6,704,2012-10-22,7,10,16,18,19,37,20,mizuho_bank,https://www.mizuhobank.co.jp/takarakuji/check/loto/backnumber/detail.html?fromto=701_720&type=loto6,2026-08-21T01:52:52.370355+00:00,531d51a28876e96c2b012f21d7dbcb1b1a68b91862a3bfb46805c0c3dca335c7
LOTO6,705,2012-10-25,14,15,16,18,20,33,3,mizuho_bank,https://www.mizuhobank.co.jp/takarakuji/check/loto/backnumber/detail.html?fromto=701_720&type=loto6,2026-08-21T01:52:52.370355+00:00,531d51a28876e96c2b012f21d7dbcb1b1a68b91862a3bfb46805c0c3dca335c7
LOTO6,706,2012-10-29,2,8,29,31,34,37,9,mizuho_bank,https://www.mizuhobank.co.jp/takarakuji/check/loto/backnumber/detail.html?fromto=701_720&type=loto6,2026-08-21T01:52:52.370355+00:00,531d51a28876e96c2b012f21d7dbcb1b1a68b91862a3bfb46805c0c3dca335c7
LOTO6,707,2012-11-01,8,15,21,32,40,41,7,mizuho_bank,https://www.mizuhobank.co.jp/takarakuji/check/loto/backnumber/detail.html?fromto=701_720&type=loto6,2026-08-21T01:52:52.370355+00:00,531d51a28876e96c2b012f21d7dbcb1b1a68b91862a3bfb46805c0c3dca335c7
LOTO6,708,2012-11-05,2,13,20,22,25,38,35,mizuho_bank,https://www.mizuhobank.co.jp/takarakuji/check/loto/backnumber/detail.html?fromto=701_720&type=loto6,2026-08-21T01:52:52.370355+00:00,531d51a28876e96c2b012f21d7dbcb1b1a68b91862a3bfb46805c0c3dca335c7
LOTO6,709,2012-11-08,1,11,13,29,37,39,8,mizuho_bank,https://www.mizuhobank.co.jp/takarakuji/check/loto/backnumber/detail.html?fromto=701_720&type=loto6,2026-08-21T01:52:52.370355+00:00,531d51a28876e96c2b012f21d7dbcb1b1a68b91862a3bfb46805c0c3dca335c7
LOTO6,710,2012-11-12,4,5,9,20,33,37,35,mizuho_bank,https://www.mizuhobank.co.jp/takarakuji/check/loto/backnumber/detail.html?fromto=701_720&type=loto6,2026-08-21T01:52:52.370355+00:00,531d51a28876e96c2b012f21d7dbcb1b1a68b91862a3bfb46805c0c3dca335c7
LOTO6,711,2012-11-15,5,11,15,24,34,39,37,mizuho_bank,https://www.mizuhobank.co.jp/takarakuji/check/loto/backnumber/detail.html?fromto=701_720&type=loto6,2026-08-21T01:52:52.370355+00:00,531d51a28876e96c2b012f21d7dbcb1b1a68b91862a3bfb46805c0c3dca335c7
LOTO6,712,2012-11-19,2,5,8,9,14,25,18,mizuho_bank,https://www.mizuhobank.co.jp/takarakuji/check/loto/backnumber/detail.html?fromto=701_720&type=loto6,2026-08-21T01:52:52.370355+00:00,531d51a28876e96c2b012f21d7dbcb1b1a68b91862a3bfb46805c0c3dca335c7
LOTO6,713,2012-11-22,19,20,21,24,25,26,35,mizuho_bank,https://www.mizuhobank.co.jp/takarakuji/check/loto/backnumber/detail.html?fromto=701_720&type=loto6,2026-08-21T01:52:52.370355+00:00,531d51a28876e96c2b012f21d7dbcb1b1a68b91862a3bfb46805c0c3dca335c7
LOTO6,714,2012-11-26,2,14,26,28,29,42,13,mizuho_bank,https://www.mizuhobank.co.jp/takarakuji/check/loto/backnumber/detail.html?fromto=701_720&type=loto6,2026-08-21T01:52:52.370355+00:00,531d51a28876e96c2b012f21d7dbcb1b1a68b91862a3bfb46805c0c3dca335c7
LOTO6,715,2012-11-29,5,10,12,25,28,31,36,mizuho_bank,https://www.mizuhobank.co.jp/takarakuji/check/loto/backnumber/detail.html?fromto=701_720&type=loto6,2026-08-21T01:52:52.370355+00:00,531d51a28876e96c2b012f21d7dbcb1b1a68b91862a3bfb46805c0c3dca335c7
LOTO6,716,2012-12-03,5,7,14,24,25,35,32,mizuho_bank,https://www.mizuhobank.co.jp/takarakuji/check/loto/backnumber/detail.html?fromto=701_720&type=loto6,2026-08-21T01:52:52.370355+00:00,531d51a28876e96c2b012f21d7dbcb1b1a68b91862a3bfb46805c0c3dca335c7
LOTO6,717,2012-12-06,13,14,16,21,29,42,20,mizuho_bank,https://www.mizuhobank.co.jp/takarakuji/check/loto/backnumber/detail.html?fromto=701_720&type=loto6,2026-08-21T01:52:52.370355+00:00,531d51a28876e96c2b012f21d7dbcb1b1a68b91862a3bfb46805c0c3dca335c7
LOTO6,718,2012-12-10,15,20,27,29,33,43,18,mizuho_bank,https://www.mizuhobank.co.jp/takarakuji/check/loto/backnumber/detail.html?fromto=701_720&type=loto6,2026-08-21T01:52:52.370355+00:00,531d51a28876e96c2b012f21d7dbcb1b1a68b91862a3bfb46805c0c3dca335c7
LOTO6,719,2012-12-13,11,14,27,31,34,42,13,mizuho_bank,https://www.mizuhobank.co.jp/takarakuji/check/loto/backnumber/detail.html?fromto=701_720&type=loto6,2026-08-21T01:52:52.370355+00:00,531d51a28876e96c2b012f21d7dbcb1b1a68b91862a3bfb46805c0c3dca335c7
LOTO6,720,2012-12-17,25,26,27,28,35,38,19,mizuho_bank,https://www.mizuhobank.co.jp/takarakuji/check/loto/backnumber/detail.html?fromto=701_720&type=loto6,2026-08-21T01:52:52.370355+00:00,531d51a28876e96c2b012f21d7dbcb1b1a68b91862a3bfb46805c0c3dca335c7
LOTO6,721,2012-12-20,1,14,23,24,27,40,10,mizuho_bank,https://www.mizuhobank.co.jp/takarakuji/check/loto/backnumber/detail.html?fromto=721_740&type=loto6,2026-08-21T01:52:51.620431+00:00,40c8270f595f2ba88c66748ff03d6c65f736d2ae99c0859eac5acc09cdd1ddd1
LOTO6,722,2012-12-24,6,11,32,34,35,39,18,mizuho_bank,https://www.mizuhobank.co.jp/takarakuji/check/loto/backnumber/detail.html?fromto=721_740&type=loto6,2026-08-21T01:52:51.620431+00:00,40c8270f595f2ba88c66748ff03d6c65f736d2ae99c0859eac5acc09cdd1ddd1
LOTO6,723,2012-12-27,16,27,28,36,39,42,2,mizuho_bank,https://www.mizuhobank.co.jp/takarakuji/check/loto/backnumber/detail.html?fromto=721_740&type=loto6,2026-08-21T01:52:51.620431+00:00,40c8270f595f2ba88c66748ff03d6c65f736d2ae99c0859eac5acc09cdd1ddd1
LOTO6,724,2013-01-07,4,9,32,37,38,39,31,mizuho_bank,https://www.mizuhobank.co.jp/takarakuji/check/loto/backnumber/detail.html?fromto=721_740&type=loto6,2026-08-21T01:52:51.620431+00:00,40c8270f595f2ba88c66748ff03d6c65f736d2ae99c0859eac5acc09cdd1ddd1
LOTO6,725,2013-01-10,5,6,7,20,31,41,22,mizuho_bank,https://www.mizuhobank.co.jp/takarakuji/check/loto/backnumber/detail.html?fromto=721_740&type=loto6,2026-08-21T01:52:51.620431+00:00,40c8270f595f2ba88c66748ff03d6c65f736d2ae99c0859eac5acc09cdd1ddd1
LOTO6,726,2013-01-14,13,21,30,31,37,40,14,mizuho_bank,https://www.mizuhobank.co.jp/takarakuji/check/loto/backnumber/detail.html?fromto=721_740&type=loto6,2026-08-21T01:52:51.620431+00:00,40c8270f595f2ba88c66748ff03d6c65f736d2ae99c0859eac5acc09cdd1ddd1
LOTO6,727,2013-01-17,3,24,26,27,39,41,4,mizuho_bank,https://www.mizuhobank.co.jp/takarakuji/check/loto/backnumber/detail.html?fromto=721_740&type=loto6,2026-08-21T01:52:51.620431+00:00,40c8270f595f2ba88c66748ff03d6c65f736d2ae99c0859eac5acc09cdd1ddd1
LOTO6,728,2013-01-21,10,15,22,23,38,42,12,mizuho_bank,https://www.mizuhobank.co.jp/takarakuji/check/loto/backnumber/detail.html?fromto=721_740&type=loto6,2026-08-21T01:52:51.620431+00:00,40c8270f595f2ba88c66748ff03d6c65f736d2ae99c0859eac5acc09cdd1ddd1
LOTO6,729,2013-01-24,2,10,16,18,27,42,22,mizuho_bank,https://www.mizuhobank.co.jp/takarakuji/check/loto/backnumber/detail.html?fromto=721_740&type=loto6,2026-08-21T01:52:51.620431+00:00,40c8270f595f2ba88c66748ff03d6c65f736d2ae99c0859eac5acc09cdd1ddd1
LOTO6,730,2013-01-28,10,15,21,22,33,35,1,mizuho_bank,https://www.mizuhobank.co.jp/takarakuji/check/loto/backnumber/detail.html?fromto=721_740&type=loto6,2026-08-21T01:52:51.620431+00:00,40c8270f595f2ba88c66748ff03d6c65f736d2ae99c0859eac5acc09cdd1ddd1
LOTO6,731,2013-01-31,6,7,23,25,38,42,21,mizuho_bank,https://www.mizuhobank.co.jp/takarakuji/check/loto/backnumber/detail.html?fromto=721_740&type=loto6,2026-08-21T01:52:51.620431+00:00,40c8270f595f2ba88c66748ff03d6c65f736d2ae99c0859eac5acc09cdd1ddd1
LOTO6,732,2013-02-04,20,33,35,36,37,38,29,mizuho_bank,https://www.mizuhobank.co.jp/takarakuji/check/loto/backnumber/detail.html?fromto=721_740&type=loto6,2026-08-21T01:52:51.620431+00:00,40c8270f595f2ba88c66748ff03d6c65f736d2ae99c0859eac5acc09cdd1ddd1
LOTO6,733,2013-02-07,5,13,14,26,37,38,28,mizuho_bank,https://www.mizuhobank.co.jp/takarakuji/check/loto/backnumber/detail.html?fromto=721_740&type=loto6,2026-08-21T01:52:51.620431+00:00,40c8270f595f2ba88c66748ff03d6c65f736d2ae99c0859eac5acc09cdd1ddd1
LOTO6,734,2013-02-11,10,19,22,27,29,39,21,mizuho_bank,https://www.mizuhobank.co.jp/takarakuji/check/loto/backnumber/detail.html?fromto=721_740&type=loto6,2026-08-21T01:52:51.620431+00:00,40c8270f595f2ba88c66748ff03d6c65f736d2ae99c0859eac5acc09cdd1ddd1
LOTO6,735,2013-02-14,5,12,19,22,32,39,14,mizuho_bank,https://www.mizuhobank.co.jp/takarakuji/check/loto/backnumber/detail.html?fromto=721_740&type=loto6,2026-08-21T01:52:51.620431+00:00,40c8270f595f2ba88c66748ff03d6c65f736d2ae99c0859eac5acc09cdd1ddd1
LOTO6,736,2013-02-18,2,14,17,19,38,43,6,mizuho_bank,https://www.mizuhobank.co.jp/takarakuji/check/loto/backnumber/detail.html?fromto=721_740&type=loto6,2026-08-21T01:52:51.620431+00:00,40c8270f595f2ba88c66748ff03d6c65f736d2ae99c0859eac5acc09cdd1ddd1
LOTO6,737,2013-02-21,6,10,21,24,27,39,11,mizuho_bank,https://www.mizuhobank.co.jp/takarakuji/check/loto/backnumber/detail.html?fromto=721_740&type=loto6,2026-08-21T01:52:51.620431+00:00,40c8270f595f2ba88c66748ff03d6c65f736d2ae99c0859eac5acc09cdd1ddd1
LOTO6,738,2013-02-25,14,21,22,32,33,41,9,mizuho_bank,https://www.mizuhobank.co.jp/takarakuji/check/loto/backnumber/detail.html?fromto=721_740&type=loto6,2026-08-21T01:52:51.620431+00:00,40c8270f595f2ba88c66748ff03d6c65f736d2ae99c0859eac5acc09cdd1ddd1
LOTO6,739,2013-02-28,11,13,18,20,28,38,31,mizuho_bank,https://www.mizuhobank.co.jp/takarakuji/check/loto/backnumber/detail.html?fromto=721_740&type=loto6,2026-08-21T01:52:51.620431+00:00,40c8270f595f2ba88c66748ff03d6c65f736d2ae99c0859eac5acc09cdd1ddd1
LOTO6,740,2013-03-04,8,9,15,26,37,40,18,mizuho_bank,https://www.mizuhobank.co.jp/takarakuji/check/loto/backnumber/detail.html?fromto=721_740&type=loto6,2026-08-21T01:52:51.620431+00:00,40c8270f595f2ba88c66748ff03d6c65f736d2ae99c0859eac5acc09cdd1ddd1
LOTO6,741,2013-03-07,8,11,15,29,36,43,18,mizuho_bank,https://www.mizuhobank.co.jp/takarakuji/check/loto/backnumber/detail.html?fromto=741_760&type=loto6,2026-08-21T01:52:50.771652+00:00,a6b37bbdba8b71a572e37686bdf7c4ec822fd67a35bfac80b02e0b5ba7133067
LOTO6,742,2013-03-11,2,12,13,14,22,35,4,mizuho_bank,https://www.mizuhobank.co.jp/takarakuji/check/loto/backnumber/detail.html?fromto=741_760&type=loto6,2026-08-21T01:52:50.771652+00:00,a6b37bbdba8b71a572e37686bdf7c4ec822fd67a35bfac80b02e0b5ba7133067
LOTO6,743,2013-03-14,3,4,8,10,14,37,32,mizuho_bank,https://www.mizuhobank.co.jp/takarakuji/check/loto/backnumber/detail.html?fromto=741_760&type=loto6,2026-08-21T01:52:50.771652+00:00,a6b37bbdba8b71a572e37686bdf7c4ec822fd67a35bfac80b02e0b5ba7133067
LOTO6,744,2013-03-18,2,5,12,14,30,42,3,mizuho_bank,https://www.mizuhobank.co.jp/takarakuji/check/loto/backnumber/detail.html?fromto=741_760&type=loto6,2026-08-21T01:52:50.771652+00:00,a6b37bbdba8b71a572e37686bdf7c4ec822fd67a35bfac80b02e0b5ba7133067
LOTO6,745,2013-03-21,8,12,16,23,33,34,6,mizuho_bank,https://www.mizuhobank.co.jp/takarakuji/check/loto/backnumber/detail.html?fromto=741_760&type=loto6,2026-08-21T01:52:50.771652+00:00,a6b37bbdba8b71a572e37686bdf7c4ec822fd67a35bfac80b02e0b5ba7133067
LOTO6,746,2013-03-25,6,9,10,29,31,35,28,mizuho_bank,https://www.mizuhobank.co.jp/takarakuji/check/loto/backnumber/detail.html?fromto=741_760&type=loto6,2026-08-21T01:52:50.771652+00:00,a6b37bbdba8b71a572e37686bdf7c4ec822fd67a35bfac80b02e0b5ba7133067
LOTO6,747,2013-03-28,8,19,20,23,24,35,5,mizuho_bank,https://www.mizuhobank.co.jp/takarakuji/check/loto/backnumber/detail.html?fromto=741_760&type=loto6,2026-08-21T01:52:50.771652+00:00,a6b37bbdba8b71a572e37686bdf7c4ec822fd67a35bfac80b02e0b5ba7133067
LOTO6,748,2013-04-01,2,14,16,27,28,30,21,mizuho_bank,https://www.mizuhobank.co.jp/takarakuji/check/loto/backnumber/detail.html?fromto=741_760&type=loto6,2026-08-21T01:52:50.771652+00:00,a6b37bbdba8b71a572e37686bdf7c4ec822fd67a35bfac80b02e0b5ba7133067
LOTO6,749,2013-04-04,7,8,11,13,23,40,25,mizuho_bank,https://www.mizuhobank.co.jp/takarakuji/check/loto/backnumber/detail.html?fromto=741_760&type=loto6,2026-08-21T01:52:50.771652+00:00,a6b37bbdba8b71a572e37686bdf7c4ec822fd67a35bfac80b02e0b5ba7133067
LOTO6,750,2013-04-08,4,6,13,16,18,39,34,mizuho_bank,https://www.mizuhobank.co.jp/takarakuji/check/loto/backnumber/detail.html?fromto=741_760&type=loto6,2026-08-21T01:52:50.771652+00:00,a6b37bbdba8b71a572e37686bdf7c4ec822fd67a35bfac80b02e0b5ba7133067
LOTO6,751,2013-04-11,13,16,21,25,31,38,43,mizuho_bank,https://www.mizuhobank.co.jp/takarakuji/check/loto/backnumber/detail.html?fromto=741_760&type=loto6,2026-08-21T01:52:50.771652+00:00,a6b37bbdba8b71a572e37686bdf7c4ec822fd67a35bfac80b02e0b5ba7133067
LOTO6,752,2013-04-15,3,5,13,18,22,37,14,mizuho_bank,https://www.mizuhobank.co.jp/takarakuji/check/loto/backnumber/detail.html?fromto=741_760&type=loto6,2026-08-21T01:52:50.771652+00:00,a6b37bbdba8b71a572e37686bdf7c4ec822fd67a35bfac80b02e0b5ba7133067
LOTO6,753,2013-04-18,2,4,11,15,20,38,18,mizuho_bank,https://www.mizuhobank.co.jp/takarakuji/check/loto/backnumber/detail.html?fromto=741_760&type=loto6,2026-08-21T01:52:50.771652+00:00,a6b37bbdba8b71a572e37686bdf7c4ec822fd67a35bfac80b02e0b5ba7133067
LOTO6,754,2013-04-22,16,27,33,35,39,41,42,mizuho_bank,https://www.mizuhobank.co.jp/takarakuji/check/loto/backnumber/detail.html?fromto=741_760&type=loto6,2026-08-21T01:52:50.771652+00:00,a6b37bbdba8b71a572e37686bdf7c4ec822fd67a35bfac80b02e0b5ba7133067
LOTO6,755,2013-04-25,10,16,20,25,29,39,2,mizuho_bank,https://www.mizuhobank.co.jp/takarakuji/check/loto/backnumber/detail.html?fromto=741_760&type=loto6,2026-08-21T01:52:50.771652+00:00,a6b37bbdba8b71a572e37686bdf7c4ec822fd67a35bfac80b02e0b5ba7133067
LOTO6,756,2013-04-29,8,10,24,26,27,28,32,mizuho_bank,https://www.mizuhobank.co.jp/takarakuji/check/loto/backnumber/detail.html?fromto=741_760&type=loto6,2026-08-21T01:52:50.771652+00:00,a6b37bbdba8b71a572e37686bdf7c4ec822fd67a35bfac80b02e0b5ba7133067
LOTO6,757,2013-05-02,4,10,14,19,35,38,17,mizuho_bank,https://www.mizuhobank.co.jp/takarakuji/check/loto/backnumber/detail.html?fromto=741_760&type=loto6,2026-08-21T01:52:50.771652+00:00,a6b37bbdba8b71a572e37686bdf7c4ec822fd67a35bfac80b02e0b5ba7133067
LOTO6,758,2013-05-06,11,19,20,25,38,40,33,mizuho_bank,https://www.mizuhobank.co.jp/takarakuji/check/loto/backnumber/detail.html?fromto=741_760&type=loto6,2026-08-21T01:52:50.771652+00:00,a6b37bbdba8b71a572e37686bdf7c4ec822fd67a35bfac80b02e0b5ba7133067
LOTO6,759,2013-05-09,14,22,25,28,37,41,31,mizuho_bank,https://www.mizuhobank.co.jp/takarakuji/check/loto/backnumber/detail.html?fromto=741_760&type=loto6,2026-08-21T01:52:50.771652+00:00,a6b37bbdba8b71a572e37686bdf7c4ec822fd67a35bfac80b02e0b5ba7133067
LOTO6,760,2013-05-13,3,4,6,15,32,40,34,mizuho_bank,https://www.mizuhobank.co.jp/takarakuji/check/loto/backnumber/detail.html?fromto=741_760&type=loto6,2026-08-21T01:52:50.771652+00:00,a6b37bbdba8b71a572e37686bdf7c4ec822fd67a35bfac80b02e0b5ba7133067
LOTO6,761,2013-05-16,8,10,11,12,20,40,42,mizuho_bank,https://www.mizuhobank.co.jp/takarakuji/check/loto/backnumber/detail.html?fromto=761_780&type=loto6,2026-08-21T01:52:50.015745+00:00,3dc967368c65bb8ed9b59a46a6a2fa7782c0a8a31b9e0f17b46664e96cd14149
LOTO6,762,2013-05-20,6,8,9,20,24,27,40,mizuho_bank,https://www.mizuhobank.co.jp/takarakuji/check/loto/backnumber/detail.html?fromto=761_780&type=loto6,2026-08-21T01:52:50.015745+00:00,3dc967368c65bb8ed9b59a46a6a2fa7782c0a8a31b9e0f17b46664e96cd14149
LOTO6,763,2013-05-23,6,8,10,21,39,42,36,mizuho_bank,https://www.mizuhobank.co.jp/takarakuji/check/loto/backnumber/detail.html?fromto=761_780&type=loto6,2026-08-21T01:52:50.015745+00:00,3dc967368c65bb8ed9b59a46a6a2fa7782c0a8a31b9e0f17b46664e96cd14149
LOTO6,764,2013-05-27,6,7,24,34,42,43,14,mizuho_bank,https://www.mizuhobank.co.jp/takarakuji/check/loto/backnumber/detail.html?fromto=761_780&type=loto6,2026-08-21T01:52:50.015745+00:00,3dc967368c65bb8ed9b59a46a6a2fa7782c0a8a31b9e0f17b46664e96cd14149
LOTO6,765,2013-05-30,4,14,17,22,26,41,6,mizuho_bank,https://www.mizuhobank.co.jp/takarakuji/check/loto/backnumber/detail.html?fromto=761_780&type=loto6,2026-08-21T01:52:50.015745+00:00,3dc967368c65bb8ed9b59a46a6a2fa7782c0a8a31b9e0f17b46664e96cd14149
LOTO6,766,2013-06-03,6,10,12,32,37,39,33,mizuho_bank,https://www.mizuhobank.co.jp/takarakuji/check/loto/backnumber/detail.html?fromto=761_780&type=loto6,2026-08-21T01:52:50.015745+00:00,3dc967368c65bb8ed9b59a46a6a2fa7782c0a8a31b9e0f17b46664e96cd14149
LOTO6,767,2013-06-06,2,6,11,27,29,37,14,mizuho_bank,https://www.mizuhobank.co.jp/takarakuji/check/loto/backnumber/detail.html?fromto=761_780&type=loto6,2026-08-21T01:52:50.015745+00:00,3dc967368c65bb8ed9b59a46a6a2fa7782c0a8a31b9e0f17b46664e96cd14149
LOTO6,768,2013-06-10,1,8,19,25,32,38,39,mizuho_bank,https://www.mizuhobank.co.jp/takarakuji/check/loto/backnumber/detail.html?fromto=761_780&type=loto6,2026-08-21T01:52:50.015745+00:00,3dc967368c65bb8ed9b59a46a6a2fa7782c0a8a31b9e0f17b46664e96cd14149
LOTO6,769,2013-06-13,1,2,4,16,17,38,8,mizuho_bank,https://www.mizuhobank.co.jp/takarakuji/check/loto/backnumber/detail.html?fromto=761_780&type=loto6,2026-08-21T01:52:50.015745+00:00,3dc967368c65bb8ed9b59a46a6a2fa7782c0a8a31b9e0f17b46664e96cd14149
LOTO6,770,2013-06-17,17,19,21,22,36,37,25,mizuho_bank,https://www.mizuhobank.co.jp/takarakuji/check/loto/backnumber/detail.html?fromto=761_780&type=loto6,2026-08-21T01:52:50.015745+00:00,3dc967368c65bb8ed9b59a46a6a2fa7782c0a8a31b9e0f17b46664e96cd14149
LOTO6,771,2013-06-20,15,21,31,32,33,34,27,mizuho_bank,https://www.mizuhobank.co.jp/takarakuji/check/loto/backnumber/detail.html?fromto=761_780&type=loto6,2026-08-21T01:52:50.015745+00:00,3dc967368c65bb8ed9b59a46a6a2fa7782c0a8a31b9e0f17b46664e96cd14149
LOTO6,772,2013-06-24,7,11,16,19,20,23,30,mizuho_bank,https://www.mizuhobank.co.jp/takarakuji/check/loto/backnumber/detail.html?fromto=761_780&type=loto6,2026-08-21T01:52:50.015745+00:00,3dc967368c65bb8ed9b59a46a6a2fa7782c0a8a31b9e0f17b46664e96cd14149
LOTO6,773,2013-06-27,4,7,10,11,12,32,9,mizuho_bank,https://www.mizuhobank.co.jp/takarakuji/check/loto/backnumber/detail.html?fromto=761_780&type=loto6,2026-08-21T01:52:50.015745+00:00,3dc967368c65bb8ed9b59a46a6a2fa7782c0a8a31b9e0f17b46664e96cd14149
LOTO6,774,2013-07-01,2,4,9,13,16,33,15,mizuho_bank,https://www.mizuhobank.co.jp/takarakuji/check/loto/backnumber/detail.html?fromto=761_780&type=loto6,2026-08-21T01:52:50.015745+00:00,3dc967368c65bb8ed9b59a46a6a2fa7782c0a8a31b9e0f17b46664e96cd14149
LOTO6,775,2013-07-04,1,2,21,22,37,38,17,mizuho_bank,https://www.mizuhobank.co.jp/takarakuji/check/loto/backnumber/detail.html?fromto=761_780&type=loto6,2026-08-21T01:52:50.015745+00:00,3dc967368c65bb8ed9b59a46a6a2fa7782c0a8a31b9e0f17b46664e96cd14149
LOTO6,776,2013-07-08,2,8,14,23,28,42,25,mizuho_bank,https://www.mizuhobank.co.jp/takarakuji/check/loto/backnumber/detail.html?fromto=761_780&type=loto6,2026-08-21T01:52:50.015745+00:00,3dc967368c65bb8ed9b59a46a6a2fa7782c0a8a31b9e0f17b46664e96cd14149
LOTO6,777,2013-07-11,15,16,23,29,37,39,42,mizuho_bank,https://www.mizuhobank.co.jp/takarakuji/check/loto/backnumber/detail.html?fromto=761_780&type=loto6,2026-08-21T01:52:50.015745+00:00,3dc967368c65bb8ed9b59a46a6a2fa7782c0a8a31b9e0f17b46664e96cd14149
LOTO6,778,2013-07-15,5,11,17,24,35,41,3,mizuho_bank,https://www.mizuhobank.co.jp/takarakuji/check/loto/backnumber/detail.html?fromto=761_780&type=loto6,2026-08-21T01:52:50.015745+00:00,3dc967368c65bb8ed9b59a46a6a2fa7782c0a8a31b9e0f17b46664e96cd14149
LOTO6,779,2013-07-18,10,13,27,34,36,39,7,mizuho_bank,https://www.mizuhobank.co.jp/takarakuji/check/loto/backnumber/detail.html?fromto=761_780&type=loto6,2026-08-21T01:52:50.015745+00:00,3dc967368c65bb8ed9b59a46a6a2fa7782c0a8a31b9e0f17b46664e96cd14149
LOTO6,780,2013-07-22,6,7,12,26,39,43,4,mizuho_bank,https://www.mizuhobank.co.jp/takarakuji/check/loto/backnumber/detail.html?fromto=761_780&type=loto6,2026-08-21T01:52:50.015745+00:00,3dc967368c65bb8ed9b59a46a6a2fa7782c0a8a31b9e0f17b46664e96cd14149
LOTO6,781,2013-07-25,5,6,15,23,40,43,39,mizuho_bank,https://www.mizuhobank.co.jp/takarakuji/check/loto/backnumber/detail.html?fromto=781_800&type=loto6,2026-08-21T01:52:49.252253+00:00,7b3dac6097c3cdf743da3664d7e075f5469d209cdcfba7e5f638ad2f06ca8b4d
LOTO6,782,2013-07-29,19,21,23,24,27,43,10,mizuho_bank,https://www.mizuhobank.co.jp/takarakuji/check/loto/backnumber/detail.html?fromto=781_800&type=loto6,2026-08-21T01:52:49.252253+00:00,7b3dac6097c3cdf743da3664d7e075f5469d209cdcfba7e5f638ad2f06ca8b4d
LOTO6,783,2013-08-01,9,14,22,24,25,32,13,mizuho_bank,https://www.mizuhobank.co.jp/takarakuji/check/loto/backnumber/detail.html?fromto=781_800&type=loto6,2026-08-21T01:52:49.252253+00:00,7b3dac6097c3cdf743da3664d7e075f5469d209cdcfba7e5f638ad2f06ca8b4d
LOTO6,784,2013-08-05,1,9,23,29,37,41,22,mizuho_bank,https://www.mizuhobank.co.jp/takarakuji/check/loto/backnumber/detail.html?fromto=781_800&type=loto6,2026-08-21T01:52:49.252253+00:00,7b3dac6097c3cdf743da3664d7e075f5469d209cdcfba7e5f638ad2f06ca8b4d
LOTO6,785,2013-08-08,1,9,18,20,24,29,15,mizuho_bank,https://www.mizuhobank.co.jp/takarakuji/check/loto/backnumber/detail.html?fromto=781_800&type=loto6,2026-08-21T01:52:49.252253+00:00,7b3dac6097c3cdf743da3664d7e075f5469d209cdcfba7e5f638ad2f06ca8b4d
LOTO6,786,2013-08-12,10,11,17,31,35,39,23,mizuho_bank,https://www.mizuhobank.co.jp/takarakuji/check/loto/backnumber/detail.html?fromto=781_800&type=loto6,2026-08-21T01:52:49.252253+00:00,7b3dac6097c3cdf743da3664d7e075f5469d209cdcfba7e5f638ad2f06ca8b4d
LOTO6,787,2013-08-15,4,5,13,21,33,34,15,mizuho_bank,https://www.mizuhobank.co.jp/takarakuji/check/loto/backnumber/detail.html?fromto=781_800&type=loto6,2026-08-21T01:52:49.252253+00:00,7b3dac6097c3cdf743da3664d7e075f5469d209cdcfba7e5f638ad2f06ca8b4d
LOTO6,788,2013-08-19,2,8,13,27,31,32,16,mizuho_bank,https://www.mizuhobank.co.jp/takarakuji/check/loto/backnumber/detail.html?fromto=781_800&type=loto6,2026-08-21T01:52:49.252253+00:00,7b3dac6097c3cdf743da3664d7e075f5469d209cdcfba7e5f638ad2f06ca8b4d
LOTO6,789,2013-08-22,12,17,29,32,38,40,28,mizuho_bank,https://www.mizuhobank.co.jp/takarakuji/check/loto/backnumber/detail.html?fromto=781_800&type=loto6,2026-08-21T01:52:49.252253+00:00,7b3dac6097c3cdf743da3664d7e075f5469d209cdcfba7e5f638ad2f06ca8b4d
LOTO6,790,2013-08-26,9,13,19,27,34,38,8,mizuho_bank,https://www.mizuhobank.co.jp/takarakuji/check/loto/backnumber/detail.html?fromto=781_800&type=loto6,2026-08-21T01:52:49.252253+00:00,7b3dac6097c3cdf743da3664d7e075f5469d209cdcfba7e5f638ad2f06ca8b4d
LOTO6,791,2013-08-29,1,10,22,24,34,37,20,mizuho_bank,https://www.mizuhobank.co.jp/takarakuji/check/loto/backnumber/detail.html?fromto=781_800&type=loto6,2026-08-21T01:52:49.252253+00:00,7b3dac6097c3cdf743da3664d7e075f5469d209cdcfba7e5f638ad2f06ca8b4d
LOTO6,792,2013-09-02,1,7,14,25,37,43,4,mizuho_bank,https://www.mizuhobank.co.jp/takarakuji/check/loto/backnumber/detail.html?fromto=781_800&type=loto6,2026-08-21T01:52:49.252253+00:00,7b3dac6097c3cdf743da3664d7e075f5469d209cdcfba7e5f638ad2f06ca8b4d
LOTO6,793,2013-09-05,10,13,14,19,26,43,12,mizuho_bank,https://www.mizuhobank.co.jp/takarakuji/check/loto/backnumber/detail.html?fromto=781_800&type=loto6,2026-08-21T01:52:49.252253+00:00,7b3dac6097c3cdf743da3664d7e075f5469d209cdcfba7e5f638ad2f06ca8b4d
LOTO6,794,2013-09-09,15,22,25,29,34,42,2,mizuho_bank,https://www.mizuhobank.co.jp/takarakuji/check/loto/backnumber/detail.html?fromto=781_800&type=loto6,2026-08-21T01:52:49.252253+00:00,7b3dac6097c3cdf743da3664d7e075f5469d209cdcfba7e5f638ad2f06ca8b4d
LOTO6,795,2013-09-12,13,19,24,28,33,38,29,mizuho_bank,https://www.mizuhobank.co.jp/takarakuji/check/loto/backnumber/detail.html?fromto=781_800&type=loto6,2026-08-21T01:52:49.252253+00:00,7b3dac6097c3cdf743da3664d7e075f5469d209cdcfba7e5f638ad2f06ca8b4d
LOTO6,796,2013-09-16,1,7,11,14,22,34,2,mizuho_bank,https://www.mizuhobank.co.jp/takarakuji/check/loto/backnumber/detail.html?fromto=781_800&type=loto6,2026-08-21T01:52:49.252253+00:00,7b3dac6097c3cdf743da3664d7e075f5469d209cdcfba7e5f638ad2f06ca8b4d
LOTO6,797,2013-09-19,1,4,13,18,23,39,35,mizuho_bank,https://www.mizuhobank.co.jp/takarakuji/check/loto/backnumber/detail.html?fromto=781_800&type=loto6,2026-08-21T01:52:49.252253+00:00,7b3dac6097c3cdf743da3664d7e075f5469d209cdcfba7e5f638ad2f06ca8b4d
LOTO6,798,2013-09-23,1,3,5,25,39,41,34,mizuho_bank,https://www.mizuhobank.co.jp/takarakuji/check/loto/backnumber/detail.html?fromto=781_800&type=loto6,2026-08-21T01:52:49.252253+00:00,7b3dac6097c3cdf743da3664d7e075f5469d209cdcfba7e5f638ad2f06ca8b4d
LOTO6,799,2013-09-26,4,6,8,10,19,28,25,mizuho_bank,https://www.mizuhobank.co.jp/takarakuji/check/loto/backnumber/detail.html?fromto=781_800&type=loto6,2026-08-21T01:52:49.252253+00:00,7b3dac6097c3cdf743da3664d7e075f5469d209cdcfba7e5f638ad2f06ca8b4d
LOTO6,800,2013-09-30,8,12,22,23,25,35,43,mizuho_bank,https://www.mizuhobank.co.jp/takarakuji/check/loto/backnumber/detail.html?fromto=781_800&type=loto6,2026-08-21T01:52:49.252253+00:00,7b3dac6097c3cdf743da3664d7e075f5469d209cdcfba7e5f638ad2f06ca8b4d
LOTO6,801,2013-10-03,2,18,19,20,25,31,32,mizuho_bank,https://www.mizuhobank.co.jp/takarakuji/check/loto/backnumber/detail.html?fromto=801_820&type=loto6,2026-08-21T01:52:48.502717+00:00,77a0d6612e36dd61e0c6510ad6ab5b3329789727194279747d677bbaa7de21b2
LOTO6,802,2013-10-07,9,13,18,19,25,30,15,mizuho_bank,https://www.mizuhobank.co.jp/takarakuji/check/loto/backnumber/detail.html?fromto=801_820&type=loto6,2026-08-21T01:52:48.502717+00:00,77a0d6612e36dd61e0c6510ad6ab5b3329789727194279747d677bbaa7de21b2
LOTO6,803,2013-10-10,9,29,33,34,35,41,27,mizuho_bank,https://www.mizuhobank.co.jp/takarakuji/check/loto/backnumber/detail.html?fromto=801_820&type=loto6,2026-08-21T01:52:48.502717+00:00,77a0d6612e36dd61e0c6510ad6ab5b3329789727194279747d677bbaa7de21b2
LOTO6,804,2013-10-14,6,20,23,25,31,33,30,mizuho_bank,https://www.mizuhobank.co.jp/takarakuji/check/loto/backnumber/detail.html?fromto=801_820&type=loto6,2026-08-21T01:52:48.502717+00:00,77a0d6612e36dd61e0c6510ad6ab5b3329789727194279747d677bbaa7de21b2
LOTO6,805,2013-10-17,2,14,19,22,24,43,6,mizuho_bank,https://www.mizuhobank.co.jp/takarakuji/check/loto/backnumber/detail.html?fromto=801_820&type=loto6,2026-08-21T01:52:48.502717+00:00,77a0d6612e36dd61e0c6510ad6ab5b3329789727194279747d677bbaa7de21b2
LOTO6,806,2013-10-21,3,16,19,25,39,40,29,mizuho_bank,https://www.mizuhobank.co.jp/takarakuji/check/loto/backnumber/detail.html?fromto=801_820&type=loto6,2026-08-21T01:52:48.502717+00:00,77a0d6612e36dd61e0c6510ad6ab5b3329789727194279747d677bbaa7de21b2
LOTO6,807,2013-10-24,1,6,12,20,22,23,27,mizuho_bank,https://www.mizuhobank.co.jp/takarakuji/check/loto/backnumber/detail.html?fromto=801_820&type=loto6,2026-08-21T01:52:48.502717+00:00,77a0d6612e36dd61e0c6510ad6ab5b3329789727194279747d677bbaa7de21b2
LOTO6,808,2013-10-28,13,18,22,28,41,42,26,mizuho_bank,https://www.mizuhobank.co.jp/takarakuji/check/loto/backnumber/detail.html?fromto=801_820&type=loto6,2026-08-21T01:52:48.502717+00:00,77a0d6612e36dd61e0c6510ad6ab5b3329789727194279747d677bbaa7de21b2
LOTO6,809,2013-10-31,2,11,20,31,32,37,17,mizuho_bank,https://www.mizuhobank.co.jp/takarakuji/check/loto/backnumber/detail.html?fromto=801_820&type=loto6,2026-08-21T01:52:48.502717+00:00,77a0d6612e36dd61e0c6510ad6ab5b3329789727194279747d677bbaa7de21b2
LOTO6,810,2013-11-04,3,31,32,38,39,40,37,mizuho_bank,https://www.mizuhobank.co.jp/takarakuji/check/loto/backnumber/detail.html?fromto=801_820&type=loto6,2026-08-21T01:52:48.502717+00:00,77a0d6612e36dd61e0c6510ad6ab5b3329789727194279747d677bbaa7de21b2
LOTO6,811,2013-11-07,2,6,20,24,31,40,34,mizuho_bank,https://www.mizuhobank.co.jp/takarakuji/check/loto/backnumber/detail.html?fromto=801_820&type=loto6,2026-08-21T01:52:48.502717+00:00,77a0d6612e36dd61e0c6510ad6ab5b3329789727194279747d677bbaa7de21b2
LOTO6,812,2013-11-11,1,12,15,26,34,40,22,mizuho_bank,https://www.mizuhobank.co.jp/takarakuji/check/loto/backnumber/detail.html?fromto=801_820&type=loto6,2026-08-21T01:52:48.502717+00:00,77a0d6612e36dd61e0c6510ad6ab5b3329789727194279747d677bbaa7de21b2
LOTO6,813,2013-11-14,9,10,12,13,28,38,39,mizuho_bank,https://www.mizuhobank.co.jp/takarakuji/check/loto/backnumber/detail.html?fromto=801_820&type=loto6,2026-08-21T01:52:48.502717+00:00,77a0d6612e36dd61e0c6510ad6ab5b3329789727194279747d677bbaa7de21b2
LOTO6,814,2013-11-18,4,7,15,23,38,42,1,mizuho_bank,https://www.mizuhobank.co.jp/takarakuji/check/loto/backnumber/detail.html?fromto=801_820&type=loto6,2026-08-21T01:52:48.502717+00:00,77a0d6612e36dd61e0c6510ad6ab5b3329789727194279747d677bbaa7de21b2
LOTO6,815,2013-11-21,1,2,6,24,25,41,29,mizuho_bank,https://www.mizuhobank.co.jp/takarakuji/check/loto/backnumber/detail.html?fromto=801_820&type=loto6,2026-08-21T01:52:48.502717+00:00,77a0d6612e36dd61e0c6510ad6ab5b3329789727194279747d677bbaa7de21b2
LOTO6,816,2013-11-25,5,14,19,24,27,37,9,mizuho_bank,https://www.mizuhobank.co.jp/takarakuji/check/loto/backnumber/detail.html?fromto=801_820&type=loto6,2026-08-21T01:52:48.502717+00:00,77a0d6612e36dd61e0c6510ad6ab5b3329789727194279747d677bbaa7de21b2
LOTO6,817,2013-11-28,16,21,27,32,34,43,42,mizuho_bank,https://www.mizuhobank.co.jp/takarakuji/check/loto/backnumber/detail.html?fromto=801_820&type=loto6,2026-08-21T01:52:48.502717+00:00,77a0d6612e36dd61e0c6510ad6ab5b3329789727194279747d677bbaa7de21b2
LOTO6,818,2013-12-02,5,21,24,34,37,38,16,mizuho_bank,https://www.mizuhobank.co.jp/takarakuji/check/loto/backnumber/detail.html?fromto=801_820&type=loto6,2026-08-21T01:52:48.502717+00:00,77a0d6612e36dd61e0c6510ad6ab5b3329789727194279747d677bbaa7de21b2
LOTO6,819,2013-12-05,10,19,23,25,30,40,14,mizuho_bank,https://www.mizuhobank.co.jp/takarakuji/check/loto/backnumber/detail.html?fromto=801_820&type=loto6,2026-08-21T01:52:48.502717+00:00,77a0d6612e36dd61e0c6510ad6ab5b3329789727194279747d677bbaa7de21b2
LOTO6,820,2013-12-09,1,11,19,28,39,43,16,mizuho_bank,https://www.mizuhobank.co.jp/takarakuji/check/loto/backnumber/detail.html?fromto=801_820&type=loto6,2026-08-21T01:52:48.502717+00:00,77a0d6612e36dd61e0c6510ad6ab5b3329789727194279747d677bbaa7de21b2
LOTO6,821,2013-12-12,7,10,12,34,40,43,16,mizuho_bank,https://www.mizuhobank.co.jp/takarakuji/check/loto/backnumber/detail.html?fromto=821_840&type=loto6,2026-08-21T01:52:47.749138+00:00,4ef95f3c42c7a583a1723a07f7ae2776a7014886f3553bf75fe8d49d013f01ac
LOTO6,822,2013-12-16,6,11,15,24,27,33,29,mizuho_bank,https://www.mizuhobank.co.jp/takarakuji/check/loto/backnumber/detail.html?fromto=821_840&type=loto6,2026-08-21T01:52:47.749138+00:00,4ef95f3c42c7a583a1723a07f7ae2776a7014886f3553bf75fe8d49d013f01ac
LOTO6,823,2013-12-19,5,6,23,30,37,38,28,mizuho_bank,https://www.mizuhobank.co.jp/takarakuji/check/loto/backnumber/detail.html?fromto=821_840&type=loto6,2026-08-21T01:52:47.749138+00:00,4ef95f3c42c7a583a1723a07f7ae2776a7014886f3553bf75fe8d49d013f01ac
LOTO6,824,2013-12-23,16,19,26,27,29,32,4,mizuho_bank,https://www.mizuhobank.co.jp/takarakuji/check/loto/backnumber/detail.html?fromto=821_840&type=loto6,2026-08-21T01:52:47.749138+00:00,4ef95f3c42c7a583a1723a07f7ae2776a7014886f3553bf75fe8d49d013f01ac
LOTO6,825,2013-12-26,6,10,12,16,39,40,20,mizuho_bank,https://www.mizuhobank.co.jp/takarakuji/check/loto/backnumber/detail.html?fromto=821_840&type=loto6,2026-08-21T01:52:47.749138+00:00,4ef95f3c42c7a583a1723a07f7ae2776a7014886f3553bf75fe8d49d013f01ac
LOTO6,826,2013-12-30,5,15,22,24,29,36,2,mizuho_bank,https://www.mizuhobank.co.jp/takarakuji/check/loto/backnumber/detail.html?fromto=821_840&type=loto6,2026-08-21T01:52:47.749138+00:00,4ef95f3c42c7a583a1723a07f7ae2776a7014886f3553bf75fe8d49d013f01ac
LOTO6,827,2014-01-06,2,4,23,24,33,41,5,mizuho_bank,https://www.mizuhobank.co.jp/takarakuji/check/loto/backnumber/detail.html?fromto=821_840&type=loto6,2026-08-21T01:52:47.749138+00:00,4ef95f3c42c7a583a1723a07f7ae2776a7014886f3553bf75fe8d49d013f01ac
LOTO6,828,2014-01-09,2,9,10,24,25,43,26,mizuho_bank,https://www.mizuhobank.co.jp/takarakuji/check/loto/backnumber/detail.html?fromto=821_840&type=loto6,2026-08-21T01:52:47.749138+00:00,4ef95f3c42c7a583a1723a07f7ae2776a7014886f3553bf75fe8d49d013f01ac
LOTO6,829,2014-01-13,2,3,23,32,36,39,20,mizuho_bank,https://www.mizuhobank.co.jp/takarakuji/check/loto/backnumber/detail.html?fromto=821_840&type=loto6,2026-08-21T01:52:47.749138+00:00,4ef95f3c42c7a583a1723a07f7ae2776a7014886f3553bf75fe8d49d013f01ac
LOTO6,830,2014-01-16,5,6,9,18,28,40,22,mizuho_bank,https://www.mizuhobank.co.jp/takarakuji/check/loto/backnumber/detail.html?fromto=821_840&type=loto6,2026-08-21T01:52:47.749138+00:00,4ef95f3c42c7a583a1723a07f7ae2776a7014886f3553bf75fe8d49d013f01ac
LOTO6,831,2014-01-20,3,4,7,13,22,31,19,mizuho_bank,https://www.mizuhobank.co.jp/takarakuji/check/loto/backnumber/detail.html?fromto=821_840&type=loto6,2026-08-21T01:52:47.749138+00:00,4ef95f3c42c7a583a1723a07f7ae2776a7014886f3553bf75fe8d49d013f01ac
LOTO6,832,2014-01-23,19,24,27,31,32,33,17,mizuho_bank,https://www.mizuhobank.co.jp/takarakuji/check/loto/backnumber/detail.html?fromto=821_840&type=loto6,2026-08-21T01:52:47.749138+00:00,4ef95f3c42c7a583a1723a07f7ae2776a7014886f3553bf75fe8d49d013f01ac
LOTO6,833,2014-01-27,5,6,13,20,22,28,2,mizuho_bank,https://www.mizuhobank.co.jp/takarakuji/check/loto/backnumber/detail.html?fromto=821_840&type=loto6,2026-08-21T01:52:47.749138+00:00,4ef95f3c42c7a583a1723a07f7ae2776a7014886f3553bf75fe8d49d013f01ac
LOTO6,834,2014-01-30,4,17,27,39,41,42,8,mizuho_bank,https://www.mizuhobank.co.jp/takarakuji/check/loto/backnumber/detail.html?fromto=821_840&type=loto6,2026-08-21T01:52:47.749138+00:00,4ef95f3c42c7a583a1723a07f7ae2776a7014886f3553bf75fe8d49d013f01ac
LOTO6,835,2014-02-03,5,9,10,28,39,40,24,mizuho_bank,https://www.mizuhobank.co.jp/takarakuji/check/loto/backnumber/detail.html?fromto=821_840&type=loto6,2026-08-21T01:52:47.749138+00:00,4ef95f3c42c7a583a1723a07f7ae2776a7014886f3553bf75fe8d49d013f01ac
LOTO6,836,2014-02-06,7,11,31,34,38,43,28,mizuho_bank,https://www.mizuhobank.co.jp/takarakuji/check/loto/backnumber/detail.html?fromto=821_840&type=loto6,2026-08-21T01:52:47.749138+00:00,4ef95f3c42c7a583a1723a07f7ae2776a7014886f3553bf75fe8d49d013f01ac
LOTO6,837,2014-02-10,5,17,34,37,39,42,28,mizuho_bank,https://www.mizuhobank.co.jp/takarakuji/check/loto/backnumber/detail.html?fromto=821_840&type=loto6,2026-08-21T01:52:47.749138+00:00,4ef95f3c42c7a583a1723a07f7ae2776a7014886f3553bf75fe8d49d013f01ac
LOTO6,838,2014-02-13,12,28,32,36,38,43,13,mizuho_bank,https://www.mizuhobank.co.jp/takarakuji/check/loto/backnumber/detail.html?fromto=821_840&type=loto6,2026-08-21T01:52:47.749138+00:00,4ef95f3c42c7a583a1723a07f7ae2776a7014886f3553bf75fe8d49d013f01ac
LOTO6,839,2014-02-17,1,3,5,12,13,38,37,mizuho_bank,https://www.mizuhobank.co.jp/takarakuji/check/loto/backnumber/detail.html?fromto=821_840&type=loto6,2026-08-21T01:52:47.749138+00:00,4ef95f3c42c7a583a1723a07f7ae2776a7014886f3553bf75fe8d49d013f01ac
LOTO6,840,2014-02-20,3,4,17,24,27,34,39,mizuho_bank,https://www.mizuhobank.co.jp/takarakuji/check/loto/backnumber/detail.html?fromto=821_840&type=loto6,2026-08-21T01:52:47.749138+00:00,4ef95f3c42c7a583a1723a07f7ae2776a7014886f3553bf75fe8d49d013f01ac
LOTO6,841,2014-02-24,8,22,24,28,31,36,38,mizuho_bank,https://www.mizuhobank.co.jp/takarakuji/check/loto/backnumber/detail.html?fromto=841_860&type=loto6,2026-08-21T01:52:46.987106+00:00,60f4c1583657575137b4ddc68cb1ddc6f2c7e8a7b2c4868034b1417550192d51
LOTO6,842,2014-02-27,8,11,17,26,33,43,24,mizuho_bank,https://www.mizuhobank.co.jp/takarakuji/check/loto/backnumber/detail.html?fromto=841_860&type=loto6,2026-08-21T01:52:46.987106+00:00,60f4c1583657575137b4ddc68cb1ddc6f2c7e8a7b2c4868034b1417550192d51
LOTO6,843,2014-03-03,3,7,8,26,42,43,11,mizuho_bank,https://www.mizuhobank.co.jp/takarakuji/check/loto/backnumber/detail.html?fromto=841_860&type=loto6,2026-08-21T01:52:46.987106+00:00,60f4c1583657575137b4ddc68cb1ddc6f2c7e8a7b2c4868034b1417550192d51
LOTO6,844,2014-03-06,2,5,18,27,35,38,24,mizuho_bank,https://www.mizuhobank.co.jp/takarakuji/check/loto/backnumber/detail.html?fromto=841_860&type=loto6,2026-08-21T01:52:46.987106+00:00,60f4c1583657575137b4ddc68cb1ddc6f2c7e8a7b2c4868034b1417550192d51
LOTO6,845,2014-03-10,2,12,13,22,24,34,20,mizuho_bank,https://www.mizuhobank.co.jp/takarakuji/check/loto/backnumber/detail.html?fromto=841_860&type=loto6,2026-08-21T01:52:46.987106+00:00,60f4c1583657575137b4ddc68cb1ddc6f2c7e8a7b2c4868034b1417550192d51
LOTO6,846,2014-03-13,9,14,18,28,30,33,4,mizuho_bank,https://www.mizuhobank.co.jp/takarakuji/check/loto/backnumber/detail.html?fromto=841_860&type=loto6,2026-08-21T01:52:46.987106+00:00,60f4c1583657575137b4ddc68cb1ddc6f2c7e8a7b2c4868034b1417550192d51
LOTO6,847,2014-03-17,9,10,23,31,35,36,38,mizuho_bank,https://www.mizuhobank.co.jp/takarakuji/check/loto/backnumber/detail.html?fromto=841_860&type=loto6,2026-08-21T01:52:46.987106+00:00,60f4c1583657575137b4ddc68cb1ddc6f2c7e8a7b2c4868034b1417550192d51
LOTO6,848,2014-03-20,6,7,13,15,35,39,33,mizuho_bank,https://www.mizuhobank.co.jp/takarakuji/check/loto/backnumber/detail.html?fromto=841_860&type=loto6,2026-08-21T01:52:46.987106+00:00,60f4c1583657575137b4ddc68cb1ddc6f2c7e8a7b2c4868034b1417550192d51
LOTO6,849,2014-03-24,1,3,4,10,15,40,34,mizuho_bank,https://www.mizuhobank.co.jp/takarakuji/check/loto/backnumber/detail.html?fromto=841_860&type=loto6,2026-08-21T01:52:46.987106+00:00,60f4c1583657575137b4ddc68cb1ddc6f2c7e8a7b2c4868034b1417550192d51
LOTO6,850,2014-03-27,2,11,30,32,38,41,4,mizuho_bank,https://www.mizuhobank.co.jp/takarakuji/check/loto/backnumber/detail.html?fromto=841_860&type=loto6,2026-08-21T01:52:46.987106+00:00,60f4c1583657575137b4ddc68cb1ddc6f2c7e8a7b2c4868034b1417550192d51
LOTO6,851,2014-03-31,5,8,14,20,26,27,7,mizuho_bank,https://www.mizuhobank.co.jp/takarakuji/check/loto/backnumber/detail.html?fromto=841_860&type=loto6,2026-08-21T01:52:46.987106+00:00,60f4c1583657575137b4ddc68cb1ddc6f2c7e8a7b2c4868034b1417550192d51
LOTO6,852,2014-04-03,3,17,22,23,27,40,35,mizuho_bank,https://www.mizuhobank.co.jp/takarakuji/check/loto/backnumber/detail.html?fromto=841_860&type=loto6,2026-08-21T01:52:46.987106+00:00,60f4c1583657575137b4ddc68cb1ddc6f2c7e8a7b2c4868034b1417550192d51
LOTO6,853,2014-04-07,2,9,22,26,31,35,7,mizuho_bank,https://www.mizuhobank.co.jp/takarakuji/check/loto/backnumber/detail.html?fromto=841_860&type=loto6,2026-08-21T01:52:46.987106+00:00,60f4c1583657575137b4ddc68cb1ddc6f2c7e8a7b2c4868034b1417550192d51
LOTO6,854,2014-04-10,4,11,14,18,25,37,42,mizuho_bank,https://www.mizuhobank.co.jp/takarakuji/check/loto/backnumber/detail.html?fromto=841_860&type=loto6,2026-08-21T01:52:46.987106+00:00,60f4c1583657575137b4ddc68cb1ddc6f2c7e8a7b2c4868034b1417550192d51
LOTO6,855,2014-04-14,10,13,15,25,37,42,30,mizuho_bank,https://www.mizuhobank.co.jp/takarakuji/check/loto/backnumber/detail.html?fromto=841_860&type=loto6,2026-08-21T01:52:46.987106+00:00,60f4c1583657575137b4ddc68cb1ddc6f2c7e8a7b2c4868034b1417550192d51
LOTO6,856,2014-04-17,10,24,32,34,38,40,43,mizuho_bank,https://www.mizuhobank.co.jp/takarakuji/check/loto/backnumber/detail.html?fromto=841_860&type=loto6,2026-08-21T01:52:46.987106+00:00,60f4c1583657575137b4ddc68cb1ddc6f2c7e8a7b2c4868034b1417550192d51
LOTO6,857,2014-04-21,1,3,6,17,28,42,24,mizuho_bank,https://www.mizuhobank.co.jp/takarakuji/check/loto/backnumber/detail.html?fromto=841_860&type=loto6,2026-08-21T01:52:46.987106+00:00,60f4c1583657575137b4ddc68cb1ddc6f2c7e8a7b2c4868034b1417550192d51
LOTO6,858,2014-04-24,3,14,29,32,33,42,40,mizuho_bank,https://www.mizuhobank.co.jp/takarakuji/check/loto/backnumber/detail.html?fromto=841_860&type=loto6,2026-08-21T01:52:46.987106+00:00,60f4c1583657575137b4ddc68cb1ddc6f2c7e8a7b2c4868034b1417550192d51
LOTO6,859,2014-04-28,1,12,15,17,21,36,24,mizuho_bank,https://www.mizuhobank.co.jp/takarakuji/check/loto/backnumber/detail.html?fromto=841_860&type=loto6,2026-08-21T01:52:46.987106+00:00,60f4c1583657575137b4ddc68cb1ddc6f2c7e8a7b2c4868034b1417550192d51
LOTO6,860,2014-05-01,14,16,32,35,38,41,6,mizuho_bank,https://www.mizuhobank.co.jp/takarakuji/check/loto/backnumber/detail.html?fromto=841_860&type=loto6,2026-08-21T01:52:46.987106+00:00,60f4c1583657575137b4ddc68cb1ddc6f2c7e8a7b2c4868034b1417550192d51
LOTO6,861,2014-05-05,4,17,21,28,35,42,29,mizuho_bank,https://www.mizuhobank.co.jp/takarakuji/check/loto/backnumber/detail.html?fromto=861_880&type=loto6,2026-08-21T01:52:46.335942+00:00,a696e1299b9fc2d60592a6e137ccee5c9038f2be9a5e7f04c5d42a4c6de0c75e
LOTO6,862,2014-05-08,5,10,16,34,36,39,43,mizuho_bank,https://www.mizuhobank.co.jp/takarakuji/check/loto/backnumber/detail.html?fromto=861_880&type=loto6,2026-08-21T01:52:46.335942+00:00,a696e1299b9fc2d60592a6e137ccee5c9038f2be9a5e7f04c5d42a4c6de0c75e
LOTO6,863,2014-05-12,4,14,18,26,35,36,2,mizuho_bank,https://www.mizuhobank.co.jp/takarakuji/check/loto/backnumber/detail.html?fromto=861_880&type=loto6,2026-08-21T01:52:46.335942+00:00,a696e1299b9fc2d60592a6e137ccee5c9038f2be9a5e7f04c5d42a4c6de0c75e
LOTO6,864,2014-05-15,19,21,24,28,32,40,12,mizuho_bank,https://www.mizuhobank.co.jp/takarakuji/check/loto/backnumber/detail.html?fromto=861_880&type=loto6,2026-08-21T01:52:46.335942+00:00,a696e1299b9fc2d60592a6e137ccee5c9038f2be9a5e7f04c5d42a4c6de0c75e
LOTO6,865,2014-05-19,5,7,8,12,23,25,26,mizuho_bank,https://www.mizuhobank.co.jp/takarakuji/check/loto/backnumber/detail.html?fromto=861_880&type=loto6,2026-08-21T01:52:46.335942+00:00,a696e1299b9fc2d60592a6e137ccee5c9038f2be9a5e7f04c5d42a4c6de0c75e
LOTO6,866,2014-05-22,1,3,10,21,29,43,39,mizuho_bank,https://www.mizuhobank.co.jp/takarakuji/check/loto/backnumber/detail.html?fromto=861_880&type=loto6,2026-08-21T01:52:46.335942+00:00,a696e1299b9fc2d60592a6e137ccee5c9038f2be9a5e7f04c5d42a4c6de0c75e
LOTO6,867,2014-05-26,2,14,21,26,37,38,18,mizuho_bank,https://www.mizuhobank.co.jp/takarakuji/check/loto/backnumber/detail.html?fromto=861_880&type=loto6,2026-08-21T01:52:46.335942+00:00,a696e1299b9fc2d60592a6e137ccee5c9038f2be9a5e7f04c5d42a4c6de0c75e
LOTO6,868,2014-05-29,5,18,19,26,31,43,10,mizuho_bank,https://www.mizuhobank.co.jp/takarakuji/check/loto/backnumber/detail.html?fromto=861_880&type=loto6,2026-08-21T01:52:46.335942+00:00,a696e1299b9fc2d60592a6e137ccee5c9038f2be9a5e7f04c5d42a4c6de0c75e
LOTO6,869,2014-06-02,5,7,23,24,37,38,40,mizuho_bank,https://www.mizuhobank.co.jp/takarakuji/check/loto/backnumber/detail.html?fromto=861_880&type=loto6,2026-08-21T01:52:46.335942+00:00,a696e1299b9fc2d60592a6e137ccee5c9038f2be9a5e7f04c5d42a4c6de0c75e
LOTO6,870,2014-06-05,1,11,14,21,23,39,26,mizuho_bank,https://www.mizuhobank.co.jp/takarakuji/check/loto/backnumber/detail.html?fromto=861_880&type=loto6,2026-08-21T01:52:46.335942+00:00,a696e1299b9fc2d60592a6e137ccee5c9038f2be9a5e7f04c5d42a4c6de0c75e
LOTO6,871,2014-06-09,3,10,11,13,20,27,25,mizuho_bank,https://www.mizuhobank.co.jp/takarakuji/check/loto/backnumber/detail.html?fromto=861_880&type=loto6,2026-08-21T01:52:46.335942+00:00,a696e1299b9fc2d60592a6e137ccee5c9038f2be9a5e7f04c5d42a4c6de0c75e
LOTO6,872,2014-06-12,6,10,17,18,19,24,7,mizuho_bank,https://www.mizuhobank.co.jp/takarakuji/check/loto/backnumber/detail.html?fromto=861_880&type=loto6,2026-08-21T01:52:46.335942+00:00,a696e1299b9fc2d60592a6e137ccee5c9038f2be9a5e7f04c5d42a4c6de0c75e
LOTO6,873,2014-06-16,4,22,26,27,32,43,20,mizuho_bank,https://www.mizuhobank.co.jp/takarakuji/check/loto/backnumber/detail.html?fromto=861_880&type=loto6,2026-08-21T01:52:46.335942+00:00,a696e1299b9fc2d60592a6e137ccee5c9038f2be9a5e7f04c5d42a4c6de0c75e
LOTO6,874,2014-06-19,2,8,21,27,33,37,42,mizuho_bank,https://www.mizuhobank.co.jp/takarakuji/check/loto/backnumber/detail.html?fromto=861_880&type=loto6,2026-08-21T01:52:46.335942+00:00,a696e1299b9fc2d60592a6e137ccee5c9038f2be9a5e7f04c5d42a4c6de0c75e
LOTO6,875,2014-06-23,4,5,11,13,22,25,43,mizuho_bank,https://www.mizuhobank.co.jp/takarakuji/check/loto/backnumber/detail.html?fromto=861_880&type=loto6,2026-08-21T01:52:46.335942+00:00,a696e1299b9fc2d60592a6e137ccee5c9038f2be9a5e7f04c5d42a4c6de0c75e
LOTO6,876,2014-06-26,11,12,18,25,35,39,9,mizuho_bank,https://www.mizuhobank.co.jp/takarakuji/check/loto/backnumber/detail.html?fromto=861_880&type=loto6,2026-08-21T01:52:46.335942+00:00,a696e1299b9fc2d60592a6e137ccee5c9038f2be9a5e7f04c5d42a4c6de0c75e
LOTO6,877,2014-06-30,3,14,17,32,35,43,10,mizuho_bank,https://www.mizuhobank.co.jp/takarakuji/check/loto/backnumber/detail.html?fromto=861_880&type=loto6,2026-08-21T01:52:46.335942+00:00,a696e1299b9fc2d60592a6e137ccee5c9038f2be9a5e7f04c5d42a4c6de0c75e
LOTO6,878,2014-07-03,5,14,16,22,25,40,43,mizuho_bank,https://www.mizuhobank.co.jp/takarakuji/check/loto/backnumber/detail.html?fromto=861_880&type=loto6,2026-08-21T01:52:46.335942+00:00,a696e1299b9fc2d60592a6e137ccee5c9038f2be9a5e7f04c5d42a4c6de0c75e
LOTO6,879,2014-07-07,24,27,34,35,36,43,25,mizuho_bank,https://www.mizuhobank.co.jp/takarakuji/check/loto/backnumber/detail.html?fromto=861_880&type=loto6,2026-08-21T01:52:46.335942+00:00,a696e1299b9fc2d60592a6e137ccee5c9038f2be9a5e7f04c5d42a4c6de0c75e
LOTO6,880,2014-07-10,1,8,11,16,25,32,19,mizuho_bank,https://www.mizuhobank.co.jp/takarakuji/check/loto/backnumber/detail.html?fromto=861_880&type=loto6,2026-08-21T01:52:46.335942+00:00,a696e1299b9fc2d60592a6e137ccee5c9038f2be9a5e7f04c5d42a4c6de0c75e
LOTO6,881,2014-07-14,4,6,12,18,28,41,35,mizuho_bank,https://www.mizuhobank.co.jp/takarakuji/check/loto/backnumber/detail.html?fromto=881_900&type=loto6,2026-08-21T01:52:45.491905+00:00,27abb04a7bd2b0468b7e5c42bb9de0fde5fdba911aa800c6f518565cb182d6ef
LOTO6,882,2014-07-17,5,15,23,26,30,36,6,mizuho_bank,https://www.mizuhobank.co.jp/takarakuji/check/loto/backnumber/detail.html?fromto=881_900&type=loto6,2026-08-21T01:52:45.491905+00:00,27abb04a7bd2b0468b7e5c42bb9de0fde5fdba911aa800c6f518565cb182d6ef
LOTO6,883,2014-07-21,10,16,25,29,38,42,23,mizuho_bank,https://www.mizuhobank.co.jp/takarakuji/check/loto/backnumber/detail.html?fromto=881_900&type=loto6,2026-08-21T01:52:45.491905+00:00,27abb04a7bd2b0468b7e5c42bb9de0fde5fdba911aa800c6f518565cb182d6ef
LOTO6,884,2014-07-24,2,7,25,26,38,42,19,mizuho_bank,https://www.mizuhobank.co.jp/takarakuji/check/loto/backnumber/detail.html?fromto=881_900&type=loto6,2026-08-21T01:52:45.491905+00:00,27abb04a7bd2b0468b7e5c42bb9de0fde5fdba911aa800c6f518565cb182d6ef
LOTO6,885,2014-07-28,22,28,33,36,37,41,14,mizuho_bank,https://www.mizuhobank.co.jp/takarakuji/check/loto/backnumber/detail.html?fromto=881_900&type=loto6,2026-08-21T01:52:45.491905+00:00,27abb04a7bd2b0468b7e5c42bb9de0fde5fdba911aa800c6f518565cb182d6ef
LOTO6,886,2014-07-31,7,10,13,23,34,39,11,mizuho_bank,https://www.mizuhobank.co.jp/takarakuji/check/loto/backnumber/detail.html?fromto=881_900&type=loto6,2026-08-21T01:52:45.491905+00:00,27abb04a7bd2b0468b7e5c42bb9de0fde5fdba911aa800c6f518565cb182d6ef
LOTO6,887,2014-08-04,3,4,6,18,32,37,7,mizuho_bank,https://www.mizuhobank.co.jp/takarakuji/check/loto/backnumber/detail.html?fromto=881_900&type=loto6,2026-08-21T01:52:45.491905+00:00,27abb04a7bd2b0468b7e5c42bb9de0fde5fdba911aa800c6f518565cb182d6ef
LOTO6,888,2014-08-07,2,4,9,36,37,39,43,mizuho_bank,https://www.mizuhobank.co.jp/takarakuji/check/loto/backnumber/detail.html?fromto=881_900&type=loto6,2026-08-21T01:52:45.491905+00:00,27abb04a7bd2b0468b7e5c42bb9de0fde5fdba911aa800c6f518565cb182d6ef
LOTO6,889,2014-08-11,2,10,21,28,41,43,12,mizuho_bank,https://www.mizuhobank.co.jp/takarakuji/check/loto/backnumber/detail.html?fromto=881_900&type=loto6,2026-08-21T01:52:45.491905+00:00,27abb04a7bd2b0468b7e5c42bb9de0fde5fdba911aa800c6f518565cb182d6ef
LOTO6,890,2014-08-14,1,4,6,14,28,31,21,mizuho_bank,https://www.mizuhobank.co.jp/takarakuji/check/loto/backnumber/detail.html?fromto=881_900&type=loto6,2026-08-21T01:52:45.491905+00:00,27abb04a7bd2b0468b7e5c42bb9de0fde5fdba911aa800c6f518565cb182d6ef
LOTO6,891,2014-08-18,7,9,14,30,42,43,24,mizuho_bank,https://www.mizuhobank.co.jp/takarakuji/check/loto/backnumber/detail.html?fromto=881_900&type=loto6,2026-08-21T01:52:45.491905+00:00,27abb04a7bd2b0468b7e5c42bb9de0fde5fdba911aa800c6f518565cb182d6ef
LOTO6,892,2014-08-21,14,19,31,35,40,43,38,mizuho_bank,https://www.mizuhobank.co.jp/takarakuji/check/loto/backnumber/detail.html?fromto=881_900&type=loto6,2026-08-21T01:52:45.491905+00:00,27abb04a7bd2b0468b7e5c42bb9de0fde5fdba911aa800c6f518565cb182d6ef
LOTO6,893,2014-08-25,10,12,26,28,29,37,34,mizuho_bank,https://www.mizuhobank.co.jp/takarakuji/check/loto/backnumber/detail.html?fromto=881_900&type=loto6,2026-08-21T01:52:45.491905+00:00,27abb04a7bd2b0468b7e5c42bb9de0fde5fdba911aa800c6f518565cb182d6ef
LOTO6,894,2014-08-28,4,5,9,20,21,32,40,mizuho_bank,https://www.mizuhobank.co.jp/takarakuji/check/loto/backnumber/detail.html?fromto=881_900&type=loto6,2026-08-21T01:52:45.491905+00:00,27abb04a7bd2b0468b7e5c42bb9de0fde5fdba911aa800c6f518565cb182d6ef
LOTO6,895,2014-09-01,5,12,24,25,37,38,39,mizuho_bank,https://www.mizuhobank.co.jp/takarakuji/check/loto/backnumber/detail.html?fromto=881_900&type=loto6,2026-08-21T01:52:45.491905+00:00,27abb04a7bd2b0468b7e5c42bb9de0fde5fdba911aa800c6f518565cb182d6ef
LOTO6,896,2014-09-04,5,6,21,27,32,38,34,mizuho_bank,https://www.mizuhobank.co.jp/takarakuji/check/loto/backnumber/detail.html?fromto=881_900&type=loto6,2026-08-21T01:52:45.491905+00:00,27abb04a7bd2b0468b7e5c42bb9de0fde5fdba911aa800c6f518565cb182d6ef
LOTO6,897,2014-09-08,8,10,14,15,27,30,12,mizuho_bank,https://www.mizuhobank.co.jp/takarakuji/check/loto/backnumber/detail.html?fromto=881_900&type=loto6,2026-08-21T01:52:45.491905+00:00,27abb04a7bd2b0468b7e5c42bb9de0fde5fdba911aa800c6f518565cb182d6ef
LOTO6,898,2014-09-11,13,17,21,25,29,37,23,mizuho_bank,https://www.mizuhobank.co.jp/takarakuji/check/loto/backnumber/detail.html?fromto=881_900&type=loto6,2026-08-21T01:52:45.491905+00:00,27abb04a7bd2b0468b7e5c42bb9de0fde5fdba911aa800c6f518565cb182d6ef
LOTO6,899,2014-09-15,3,10,15,18,27,40,38,mizuho_bank,https://www.mizuhobank.co.jp/takarakuji/check/loto/backnumber/detail.html?fromto=881_900&type=loto6,2026-08-21T01:52:45.491905+00:00,27abb04a7bd2b0468b7e5c42bb9de0fde5fdba911aa800c6f518565cb182d6ef
LOTO6,900,2014-09-18,8,12,21,22,31,35,2,mizuho_bank,https://www.mizuhobank.co.jp/takarakuji/check/loto/backnumber/detail.html?fromto=881_900&type=loto6,2026-08-21T01:52:45.491905+00:00,27abb04a7bd2b0468b7e5c42bb9de0fde5fdba911aa800c6f518565cb182d6ef
LOTO6,901,2014-09-22,6,13,22,28,29,37,14,mizuho_bank,https://www.mizuhobank.co.jp/takarakuji/check/loto/backnumber/detail.html?fromto=901_920&type=loto6,2026-08-21T01:52:44.699983+00:00,e4149278f468bc245be5a16f40d628c29ad77d089d28288b33c30f2d1285efad
LOTO6,902,2014-09-25,11,21,26,31,32,33,22,mizuho_bank,https://www.mizuhobank.co.jp/takarakuji/check/loto/backnumber/detail.html?fromto=901_920&type=loto6,2026-08-21T01:52:44.699983+00:00,e4149278f468bc245be5a16f40d628c29ad77d089d28288b33c30f2d1285efad
LOTO6,903,2014-09-29,1,3,6,7,16,19,12,mizuho_bank,https://www.mizuhobank.co.jp/takarakuji/check/loto/backnumber/detail.html?fromto=901_920&type=loto6,2026-08-21T01:52:44.699983+00:00,e4149278f468bc245be5a16f40d628c29ad77d089d28288b33c30f2d1285efad
LOTO6,904,2014-10-02,2,4,6,15,21,41,29,mizuho_bank,https://www.mizuhobank.co.jp/takarakuji/check/loto/backnumber/detail.html?fromto=901_920&type=loto6,2026-08-21T01:52:44.699983+00:00,e4149278f468bc245be5a16f40d628c29ad77d089d28288b33c30f2d1285efad
LOTO6,905,2014-10-06,4,15,24,40,41,42,31,mizuho_bank,https://www.mizuhobank.co.jp/takarakuji/check/loto/backnumber/detail.html?fromto=901_920&type=loto6,2026-08-21T01:52:44.699983+00:00,e4149278f468bc245be5a16f40d628c29ad77d089d28288b33c30f2d1285efad
LOTO6,906,2014-10-09,6,9,12,13,30,40,31,mizuho_bank,https://www.mizuhobank.co.jp/takarakuji/check/loto/backnumber/detail.html?fromto=901_920&type=loto6,2026-08-21T01:52:44.699983+00:00,e4149278f468bc245be5a16f40d628c29ad77d089d28288b33c30f2d1285efad
LOTO6,907,2014-10-13,5,13,18,22,27,41,19,mizuho_bank,https://www.mizuhobank.co.jp/takarakuji/check/loto/backnumber/detail.html?fromto=901_920&type=loto6,2026-08-21T01:52:44.699983+00:00,e4149278f468bc245be5a16f40d628c29ad77d089d28288b33c30f2d1285efad
LOTO6,908,2014-10-16,6,14,21,22,23,30,32,mizuho_bank,https://www.mizuhobank.co.jp/takarakuji/check/loto/backnumber/detail.html?fromto=901_920&type=loto6,2026-08-21T01:52:44.699983+00:00,e4149278f468bc245be5a16f40d628c29ad77d089d28288b33c30f2d1285efad
LOTO6,909,2014-10-20,12,15,21,27,30,35,28,mizuho_bank,https://www.mizuhobank.co.jp/takarakuji/check/loto/backnumber/detail.html?fromto=901_920&type=loto6,2026-08-21T01:52:44.699983+00:00,e4149278f468bc245be5a16f40d628c29ad77d089d28288b33c30f2d1285efad
LOTO6,910,2014-10-23,11,12,13,17,25,33,14,mizuho_bank,https://www.mizuhobank.co.jp/takarakuji/check/loto/backnumber/detail.html?fromto=901_920&type=loto6,2026-08-21T01:52:44.699983+00:00,e4149278f468bc245be5a16f40d628c29ad77d089d28288b33c30f2d1285efad
LOTO6,911,2014-10-27,8,16,18,22,27,35,3,mizuho_bank,https://www.mizuhobank.co.jp/takarakuji/check/loto/backnumber/detail.html?fromto=901_920&type=loto6,2026-08-21T01:52:44.699983+00:00,e4149278f468bc245be5a16f40d628c29ad77d089d28288b33c30f2d1285efad
LOTO6,912,2014-10-30,5,14,19,20,32,42,11,mizuho_bank,https://www.mizuhobank.co.jp/takarakuji/check/loto/backnumber/detail.html?fromto=901_920&type=loto6,2026-08-21T01:52:44.699983+00:00,e4149278f468bc245be5a16f40d628c29ad77d089d28288b33c30f2d1285efad
LOTO6,913,2014-11-03,5,8,20,31,36,41,16,mizuho_bank,https://www.mizuhobank.co.jp/takarakuji/check/loto/backnumber/detail.html?fromto=901_920&type=loto6,2026-08-21T01:52:44.699983+00:00,e4149278f468bc245be5a16f40d628c29ad77d089d28288b33c30f2d1285efad
LOTO6,914,2014-11-06,2,3,26,33,36,40,19,mizuho_bank,https://www.mizuhobank.co.jp/takarakuji/check/loto/backnumber/detail.html?fromto=901_920&type=loto6,2026-08-21T01:52:44.699983+00:00,e4149278f468bc245be5a16f40d628c29ad77d089d28288b33c30f2d1285efad
LOTO6,915,2014-11-10,7,12,21,33,38,40,42,mizuho_bank,https://www.mizuhobank.co.jp/takarakuji/check/loto/backnumber/detail.html?fromto=901_920&type=loto6,2026-08-21T01:52:44.699983+00:00,e4149278f468bc245be5a16f40d628c29ad77d089d28288b33c30f2d1285efad
LOTO6,916,2014-11-13,6,14,25,27,38,43,21,mizuho_bank,https://www.mizuhobank.co.jp/takarakuji/check/loto/backnumber/detail.html?fromto=901_920&type=loto6,2026-08-21T01:52:44.699983+00:00,e4149278f468bc245be5a16f40d628c29ad77d089d28288b33c30f2d1285efad
LOTO6,917,2014-11-17,2,6,25,26,41,42,18,mizuho_bank,https://www.mizuhobank.co.jp/takarakuji/check/loto/backnumber/detail.html?fromto=901_920&type=loto6,2026-08-21T01:52:44.699983+00:00,e4149278f468bc245be5a16f40d628c29ad77d089d28288b33c30f2d1285efad
LOTO6,918,2014-11-20,10,15,25,29,34,36,39,mizuho_bank,https://www.mizuhobank.co.jp/takarakuji/check/loto/backnumber/detail.html?fromto=901_920&type=loto6,2026-08-21T01:52:44.699983+00:00,e4149278f468bc245be5a16f40d628c29ad77d089d28288b33c30f2d1285efad
LOTO6,919,2014-11-24,2,9,12,17,33,42,26,mizuho_bank,https://www.mizuhobank.co.jp/takarakuji/check/loto/backnumber/detail.html?fromto=901_920&type=loto6,2026-08-21T01:52:44.699983+00:00,e4149278f468bc245be5a16f40d628c29ad77d089d28288b33c30f2d1285efad
LOTO6,920,2014-11-27,9,17,27,30,35,38,6,mizuho_bank,https://www.mizuhobank.co.jp/takarakuji/check/loto/backnumber/detail.html?fromto=901_920&type=loto6,2026-08-21T01:52:44.699983+00:00,e4149278f468bc245be5a16f40d628c29ad77d089d28288b33c30f2d1285efad
LOTO6,921,2014-12-01,5,7,26,36,38,39,32,mizuho_bank,https://www.mizuhobank.co.jp/takarakuji/check/loto/backnumber/detail.html?fromto=921_940&type=loto6,2026-08-21T01:52:44.050804+00:00,8ad14b0fe1eb65c724350ba9ec1d1db942c18bc76a61ed222d26e0b49783eecb
LOTO6,922,2014-12-04,4,6,19,32,33,38,1,mizuho_bank,https://www.mizuhobank.co.jp/takarakuji/check/loto/backnumber/detail.html?fromto=921_940&type=loto6,2026-08-21T01:52:44.050804+00:00,8ad14b0fe1eb65c724350ba9ec1d1db942c18bc76a61ed222d26e0b49783eecb
LOTO6,923,2014-12-08,5,13,30,31,32,35,29,mizuho_bank,https://www.mizuhobank.co.jp/takarakuji/check/loto/backnumber/detail.html?fromto=921_940&type=loto6,2026-08-21T01:52:44.050804+00:00,8ad14b0fe1eb65c724350ba9ec1d1db942c18bc76a61ed222d26e0b49783eecb
LOTO6,924,2014-12-11,13,20,24,32,35,42,43,mizuho_bank,https://www.mizuhobank.co.jp/takarakuji/check/loto/backnumber/detail.html?fromto=921_940&type=loto6,2026-08-21T01:52:44.050804+00:00,8ad14b0fe1eb65c724350ba9ec1d1db942c18bc76a61ed222d26e0b49783eecb
LOTO6,925,2014-12-15,25,26,27,28,32,37,40,mizuho_bank,https://www.mizuhobank.co.jp/takarakuji/check/loto/backnumber/detail.html?fromto=921_940&type=loto6,2026-08-21T01:52:44.050804+00:00,8ad14b0fe1eb65c724350ba9ec1d1db942c18bc76a61ed222d26e0b49783eecb
LOTO6,926,2014-12-18,16,26,32,35,37,39,25,mizuho_bank,https://www.mizuhobank.co.jp/takarakuji/check/loto/backnumber/detail.html?fromto=921_940&type=loto6,2026-08-21T01:52:44.050804+00:00,8ad14b0fe1eb65c724350ba9ec1d1db942c18bc76a61ed222d26e0b49783eecb
LOTO6,927,2014-12-22,2,29,30,31,33,34,37,mizuho_bank,https://www.mizuhobank.co.jp/takarakuji/check/loto/backnumber/detail.html?fromto=921_940&type=loto6,2026-08-21T01:52:44.050804+00:00,8ad14b0fe1eb65c724350ba9ec1d1db942c18bc76a61ed222d26e0b49783eecb
LOTO6,928,2014-12-25,1,21,23,26,31,33,14,mizuho_bank,https://www.mizuhobank.co.jp/takarakuji/check/loto/backnumber/detail.html?fromto=921_940&type=loto6,2026-08-21T01:52:44.050804+00:00,8ad14b0fe1eb65c724350ba9ec1d1db942c18bc76a61ed222d26e0b49783eecb
LOTO6,929,2014-12-29,10,12,15,25,31,34,26,mizuho_bank,https://www.mizuhobank.co.jp/takarakuji/check/loto/backnumber/detail.html?fromto=921_940&type=loto6,2026-08-21T01:52:44.050804+00:00,8ad14b0fe1eb65c724350ba9ec1d1db942c18bc76a61ed222d26e0b49783eecb
LOTO6,930,2015-01-05,10,12,37,39,40,43,11,mizuho_bank,https://www.mizuhobank.co.jp/takarakuji/check/loto/backnumber/detail.html?fromto=921_940&type=loto6,2026-08-21T01:52:44.050804+00:00,8ad14b0fe1eb65c724350ba9ec1d1db942c18bc76a61ed222d26e0b49783eecb
LOTO6,931,2015-01-08,14,18,19,24,25,33,21,mizuho_bank,https://www.mizuhobank.co.jp/takarakuji/check/loto/backnumber/detail.html?fromto=921_940&type=loto6,2026-08-21T01:52:44.050804+00:00,8ad14b0fe1eb65c724350ba9ec1d1db942c18bc76a61ed222d26e0b49783eecb
LOTO6,932,2015-01-12,4,15,30,37,42,43,32,mizuho_bank,https://www.mizuhobank.co.jp/takarakuji/check/loto/backnumber/detail.html?fromto=921_940&type=loto6,2026-08-21T01:52:44.050804+00:00,8ad14b0fe1eb65c724350ba9ec1d1db942c18bc76a61ed222d26e0b49783eecb
LOTO6,933,2015-01-15,5,9,20,21,31,41,26,mizuho_bank,https://www.mizuhobank.co.jp/takarakuji/check/loto/backnumber/detail.html?fromto=921_940&type=loto6,2026-08-21T01:52:44.050804+00:00,8ad14b0fe1eb65c724350ba9ec1d1db942c18bc76a61ed222d26e0b49783eecb
LOTO6,934,2015-01-19,3,7,16,17,20,32,12,mizuho_bank,https://www.mizuhobank.co.jp/takarakuji/check/loto/backnumber/detail.html?fromto=921_940&type=loto6,2026-08-21T01:52:44.050804+00:00,8ad14b0fe1eb65c724350ba9ec1d1db942c18bc76a61ed222d26e0b49783eecb
LOTO6,935,2015-01-22,2,12,14,26,38,43,8,mizuho_bank,https://www.mizuhobank.co.jp/takarakuji/check/loto/backnumber/detail.html?fromto=921_940&type=loto6,2026-08-21T01:52:44.050804+00:00,8ad14b0fe1eb65c724350ba9ec1d1db942c18bc76a61ed222d26e0b49783eecb
LOTO6,936,2015-01-26,1,3,12,16,20,35,5,mizuho_bank,https://www.mizuhobank.co.jp/takarakuji/check/loto/backnumber/detail.html?fromto=921_940&type=loto6,2026-08-21T01:52:44.050804+00:00,8ad14b0fe1eb65c724350ba9ec1d1db942c18bc76a61ed222d26e0b49783eecb
LOTO6,937,2015-01-29,13,15,21,25,36,41,8,mizuho_bank,https://www.mizuhobank.co.jp/takarakuji/check/loto/backnumber/detail.html?fromto=921_940&type=loto6,2026-08-21T01:52:44.050804+00:00,8ad14b0fe1eb65c724350ba9ec1d1db942c18bc76a61ed222d26e0b49783eecb
LOTO6,938,2015-02-02,5,9,12,19,30,35,29,mizuho_bank,https://www.mizuhobank.co.jp/takarakuji/check/loto/backnumber/detail.html?fromto=921_940&type=loto6,2026-08-21T01:52:44.050804+00:00,8ad14b0fe1eb65c724350ba9ec1d1db942c18bc76a61ed222d26e0b49783eecb
LOTO6,939,2015-02-05,8,11,15,17,26,43,32,mizuho_bank,https://www.mizuhobank.co.jp/takarakuji/check/loto/backnumber/detail.html?fromto=921_940&type=loto6,2026-08-21T01:52:44.050804+00:00,8ad14b0fe1eb65c724350ba9ec1d1db942c18bc76a61ed222d26e0b49783eecb
LOTO6,940,2015-02-09,1,18,28,31,35,37,39,mizuho_bank,https://www.mizuhobank.co.jp/takarakuji/check/loto/backnumber/detail.html?fromto=921_940&type=loto6,2026-08-21T01:52:44.050804+00:00,8ad14b0fe1eb65c724350ba9ec1d1db942c18bc76a61ed222d26e0b49783eecb
LOTO6,941,2015-02-12,5,12,22,29,38,39,19,mizuho_bank,https://www.mizuhobank.co.jp/takarakuji/check/loto/backnumber/detail.html?fromto=941_960&type=loto6,2026-08-21T01:52:43.210142+00:00,0863df78b1b9582dfa900300b1dc917f7ad50ff3c3f9769bba921ee7715c4866
LOTO6,942,2015-02-16,2,3,14,27,28,38,8,mizuho_bank,https://www.mizuhobank.co.jp/takarakuji/check/loto/backnumber/detail.html?fromto=941_960&type=loto6,2026-08-21T01:52:43.210142+00:00,0863df78b1b9582dfa900300b1dc917f7ad50ff3c3f9769bba921ee7715c4866
LOTO6,943,2015-02-19,9,10,14,15,39,43,25,mizuho_bank,https://www.mizuhobank.co.jp/takarakuji/check/loto/backnumber/detail.html?fromto=941_960&type=loto6,2026-08-21T01:52:43.210142+00:00,0863df78b1b9582dfa900300b1dc917f7ad50ff3c3f9769bba921ee7715c4866
LOTO6,944,2015-02-23,7,20,25,29,33,37,27,mizuho_bank,https://www.mizuhobank.co.jp/takarakuji/check/loto/backnumber/detail.html?fromto=941_960&type=loto6,2026-08-21T01:52:43.210142+00:00,0863df78b1b9582dfa900300b1dc917f7ad50ff3c3f9769bba921ee7715c4866
LOTO6,945,2015-02-26,3,10,15,23,36,37,31,mizuho_bank,https://www.mizuhobank.co.jp/takarakuji/check/loto/backnumber/detail.html?fromto=941_960&type=loto6,2026-08-21T01:52:43.210142+00:00,0863df78b1b9582dfa900300b1dc917f7ad50ff3c3f9769bba921ee7715c4866
LOTO6,946,2015-03-02,2,9,12,16,31,36,41,mizuho_bank,https://www.mizuhobank.co.jp/takarakuji/check/loto/backnumber/detail.html?fromto=941_960&type=loto6,2026-08-21T01:52:43.210142+00:00,0863df78b1b9582dfa900300b1dc917f7ad50ff3c3f9769bba921ee7715c4866
LOTO6,947,2015-03-05,1,6,21,23,27,40,9,mizuho_bank,https://www.mizuhobank.co.jp/takarakuji/check/loto/backnumber/detail.html?fromto=941_960&type=loto6,2026-08-21T01:52:43.210142+00:00,0863df78b1b9582dfa900300b1dc917f7ad50ff3c3f9769bba921ee7715c4866
LOTO6,948,2015-03-09,7,16,17,28,39,43,24,mizuho_bank,https://www.mizuhobank.co.jp/takarakuji/check/loto/backnumber/detail.html?fromto=941_960&type=loto6,2026-08-21T01:52:43.210142+00:00,0863df78b1b9582dfa900300b1dc917f7ad50ff3c3f9769bba921ee7715c4866
LOTO6,949,2015-03-12,5,19,26,36,39,43,9,mizuho_bank,https://www.mizuhobank.co.jp/takarakuji/check/loto/backnumber/detail.html?fromto=941_960&type=loto6,2026-08-21T01:52:43.210142+00:00,0863df78b1b9582dfa900300b1dc917f7ad50ff3c3f9769bba921ee7715c4866
LOTO6,950,2015-03-16,2,6,16,24,30,41,18,mizuho_bank,https://www.mizuhobank.co.jp/takarakuji/check/loto/backnumber/detail.html?fromto=941_960&type=loto6,2026-08-21T01:52:43.210142+00:00,0863df78b1b9582dfa900300b1dc917f7ad50ff3c3f9769bba921ee7715c4866
LOTO6,951,2015-03-19,11,15,22,23,26,30,37,mizuho_bank,https://www.mizuhobank.co.jp/takarakuji/check/loto/backnumber/detail.html?fromto=941_960&type=loto6,2026-08-21T01:52:43.210142+00:00,0863df78b1b9582dfa900300b1dc917f7ad50ff3c3f9769bba921ee7715c4866
LOTO6,952,2015-03-23,10,16,22,25,31,39,27,mizuho_bank,https://www.mizuhobank.co.jp/takarakuji/check/loto/backnumber/detail.html?fromto=941_960&type=loto6,2026-08-21T01:52:43.210142+00:00,0863df78b1b9582dfa900300b1dc917f7ad50ff3c3f9769bba921ee7715c4866
LOTO6,953,2015-03-26,2,9,17,38,39,42,20,mizuho_bank,https://www.mizuhobank.co.jp/takarakuji/check/loto/backnumber/detail.html?fromto=941_960&type=loto6,2026-08-21T01:52:43.210142+00:00,0863df78b1b9582dfa900300b1dc917f7ad50ff3c3f9769bba921ee7715c4866
LOTO6,954,2015-03-30,3,23,24,28,29,42,41,mizuho_bank,https://www.mizuhobank.co.jp/takarakuji/check/loto/backnumber/detail.html?fromto=941_960&type=loto6,2026-08-21T01:52:43.210142+00:00,0863df78b1b9582dfa900300b1dc917f7ad50ff3c3f9769bba921ee7715c4866
LOTO6,955,2015-04-02,14,19,27,28,37,42,24,mizuho_bank,https://www.mizuhobank.co.jp/takarakuji/check/loto/backnumber/detail.html?fromto=941_960&type=loto6,2026-08-21T01:52:43.210142+00:00,0863df78b1b9582dfa900300b1dc917f7ad50ff3c3f9769bba921ee7715c4866
LOTO6,956,2015-04-06,1,4,6,22,24,38,34,mizuho_bank,https://www.mizuhobank.co.jp/takarakuji/check/loto/backnumber/detail.html?fromto=941_960&type=loto6,2026-08-21T01:52:43.210142+00:00,0863df78b1b9582dfa900300b1dc917f7ad50ff3c3f9769bba921ee7715c4866
LOTO6,957,2015-04-09,2,11,22,32,36,42,20,mizuho_bank,https://www.mizuhobank.co.jp/takarakuji/check/loto/backnumber/detail.html?fromto=941_960&type=loto6,2026-08-21T01:52:43.210142+00:00,0863df78b1b9582dfa900300b1dc917f7ad50ff3c3f9769bba921ee7715c4866
LOTO6,958,2015-04-13,9,18,23,24,26,30,21,mizuho_bank,https://www.mizuhobank.co.jp/takarakuji/check/loto/backnumber/detail.html?fromto=941_960&type=loto6,2026-08-21T01:52:43.210142+00:00,0863df78b1b9582dfa900300b1dc917f7ad50ff3c3f9769bba921ee7715c4866
LOTO6,959,2015-04-16,1,16,18,28,36,38,42,mizuho_bank,https://www.mizuhobank.co.jp/takarakuji/check/loto/backnumber/detail.html?fromto=941_960&type=loto6,2026-08-21T01:52:43.210142+00:00,0863df78b1b9582dfa900300b1dc917f7ad50ff3c3f9769bba921ee7715c4866
LOTO6,960,2015-04-20,5,18,23,32,35,39,10,mizuho_bank,https://www.mizuhobank.co.jp/takarakuji/check/loto/backnumber/detail.html?fromto=941_960&type=loto6,2026-08-21T01:52:43.210142+00:00,0863df78b1b9582dfa900300b1dc917f7ad50ff3c3f9769bba921ee7715c4866
LOTO6,961,2015-04-23,5,11,17,18,19,25,34,mizuho_bank,https://www.mizuhobank.co.jp/takarakuji/check/loto/backnumber/detail.html?fromto=961_980&type=loto6,2026-08-21T01:52:42.452192+00:00,eac83cbf0ea722be20b5c3237846cde2e75395d504936dd2f99f94b41fea2146
LOTO6,962,2015-04-27,4,6,10,24,32,37,35,mizuho_bank,https://www.mizuhobank.co.jp/takarakuji/check/loto/backnumber/detail.html?fromto=961_980&type=loto6,2026-08-21T01:52:42.452192+00:00,eac83cbf0ea722be20b5c3237846cde2e75395d504936dd2f99f94b41fea2146
LOTO6,963,2015-04-30,4,23,29,31,32,35,17,mizuho_bank,https://www.mizuhobank.co.jp/takarakuji/check/loto/backnumber/detail.html?fromto=961_980&type=loto6,2026-08-21T01:52:42.452192+00:00,eac83cbf0ea722be20b5c3237846cde2e75395d504936dd2f99f94b41fea2146
LOTO6,964,2015-05-04,2,21,23,29,30,43,26,mizuho_bank,https://www.mizuhobank.co.jp/takarakuji/check/loto/backnumber/detail.html?fromto=961_980&type=loto6,2026-08-21T01:52:42.452192+00:00,eac83cbf0ea722be20b5c3237846cde2e75395d504936dd2f99f94b41fea2146
LOTO6,965,2015-05-07,10,12,19,20,21,22,13,mizuho_bank,https://www.mizuhobank.co.jp/takarakuji/check/loto/backnumber/detail.html?fromto=961_980&type=loto6,2026-08-21T01:52:42.452192+00:00,eac83cbf0ea722be20b5c3237846cde2e75395d504936dd2f99f94b41fea2146
LOTO6,966,2015-05-11,10,22,31,34,36,43,30,mizuho_bank,https://www.mizuhobank.co.jp/takarakuji/check/loto/backnumber/detail.html?fromto=961_980&type=loto6,2026-08-21T01:52:42.452192+00:00,eac83cbf0ea722be20b5c3237846cde2e75395d504936dd2f99f94b41fea2146
LOTO6,967,2015-05-14,1,11,26,30,32,40,8,mizuho_bank,https://www.mizuhobank.co.jp/takarakuji/check/loto/backnumber/detail.html?fromto=961_980&type=loto6,2026-08-21T01:52:42.452192+00:00,eac83cbf0ea722be20b5c3237846cde2e75395d504936dd2f99f94b41fea2146
LOTO6,968,2015-05-18,6,10,15,20,23,26,17,mizuho_bank,https://www.mizuhobank.co.jp/takarakuji/check/loto/backnumber/detail.html?fromto=961_980&type=loto6,2026-08-21T01:52:42.452192+00:00,eac83cbf0ea722be20b5c3237846cde2e75395d504936dd2f99f94b41fea2146
LOTO6,969,2015-05-21,3,9,19,22,23,40,10,mizuho_bank,https://www.mizuhobank.co.jp/takarakuji/check/loto/backnumber/detail.html?fromto=961_980&type=loto6,2026-08-21T01:52:42.452192+00:00,eac83cbf0ea722be20b5c3237846cde2e75395d504936dd2f99f94b41fea2146
LOTO6,970,2015-05-25,2,4,18,23,31,38,1,mizuho_bank,https://www.mizuhobank.co.jp/takarakuji/check/loto/backnumber/detail.html?fromto=961_980&type=loto6,2026-08-21T01:52:42.452192+00:00,eac83cbf0ea722be20b5c3237846cde2e75395d504936dd2f99f94b41fea2146
LOTO6,971,2015-05-28,2,3,4,12,22,29,11,mizuho_bank,https://www.mizuhobank.co.jp/takarakuji/check/loto/backnumber/detail.html?fromto=961_980&type=loto6,2026-08-21T01:52:42.452192+00:00,eac83cbf0ea722be20b5c3237846cde2e75395d504936dd2f99f94b41fea2146
LOTO6,972,2015-06-01,2,7,17,18,21,40,29,mizuho_bank,https://www.mizuhobank.co.jp/takarakuji/check/loto/backnumber/detail.html?fromto=961_980&type=loto6,2026-08-21T01:52:42.452192+00:00,eac83cbf0ea722be20b5c3237846cde2e75395d504936dd2f99f94b41fea2146
LOTO6,973,2015-06-04,1,5,6,12,30,31,24,mizuho_bank,https://www.mizuhobank.co.jp/takarakuji/check/loto/backnumber/detail.html?fromto=961_980&type=loto6,2026-08-21T01:52:42.452192+00:00,eac83cbf0ea722be20b5c3237846cde2e75395d504936dd2f99f94b41fea2146
LOTO6,974,2015-06-08,2,3,29,30,32,43,26,mizuho_bank,https://www.mizuhobank.co.jp/takarakuji/check/loto/backnumber/detail.html?fromto=961_980&type=loto6,2026-08-21T01:52:42.452192+00:00,eac83cbf0ea722be20b5c3237846cde2e75395d504936dd2f99f94b41fea2146
LOTO6,975,2015-06-11,3,11,13,27,29,36,15,mizuho_bank,https://www.mizuhobank.co.jp/takarakuji/check/loto/backnumber/detail.html?fromto=961_980&type=loto6,2026-08-21T01:52:42.452192+00:00,eac83cbf0ea722be20b5c3237846cde2e75395d504936dd2f99f94b41fea2146
LOTO6,976,2015-06-15,6,13,22,28,42,43,29,mizuho_bank,https://www.mizuhobank.co.jp/takarakuji/check/loto/backnumber/detail.html?fromto=961_980&type=loto6,2026-08-21T01:52:42.452192+00:00,eac83cbf0ea722be20b5c3237846cde2e75395d504936dd2f99f94b41fea2146
LOTO6,977,2015-06-18,10,15,17,27,42,43,33,mizuho_bank,https://www.mizuhobank.co.jp/takarakuji/check/loto/backnumber/detail.html?fromto=961_980&type=loto6,2026-08-21T01:52:42.452192+00:00,eac83cbf0ea722be20b5c3237846cde2e75395d504936dd2f99f94b41fea2146
LOTO6,978,2015-06-22,3,11,19,30,38,42,31,mizuho_bank,https://www.mizuhobank.co.jp/takarakuji/check/loto/backnumber/detail.html?fromto=961_980&type=loto6,2026-08-21T01:52:42.452192+00:00,eac83cbf0ea722be20b5c3237846cde2e75395d504936dd2f99f94b41fea2146
LOTO6,979,2015-06-25,9,12,16,18,27,38,10,mizuho_bank,https://www.mizuhobank.co.jp/takarakuji/check/loto/backnumber/detail.html?fromto=961_980&type=loto6,2026-08-21T01:52:42.452192+00:00,eac83cbf0ea722be20b5c3237846cde2e75395d504936dd2f99f94b41fea2146
LOTO6,980,2015-06-29,15,20,23,35,38,42,13,mizuho_bank,https://www.mizuhobank.co.jp/takarakuji/check/loto/backnumber/detail.html?fromto=961_980&type=loto6,2026-08-21T01:52:42.452192+00:00,eac83cbf0ea722be20b5c3237846cde2e75395d504936dd2f99f94b41fea2146
LOTO6,981,2015-07-02,14,19,22,23,31,37,21,mizuho_bank,https://www.mizuhobank.co.jp/takarakuji/check/loto/backnumber/detail.html?fromto=981_1000&type=loto6,2026-08-21T01:52:41.501904+00:00,192de5805377def1d68533a060f2dc5891787584adfef346ff79cd6ee69ecd4b
LOTO6,982,2015-07-06,15,19,21,22,29,40,42,mizuho_bank,https://www.mizuhobank.co.jp/takarakuji/check/loto/backnumber/detail.html?fromto=981_1000&type=loto6,2026-08-21T01:52:41.501904+00:00,192de5805377def1d68533a060f2dc5891787584adfef346ff79cd6ee69ecd4b
LOTO6,983,2015-07-09,15,19,32,35,36,38,31,mizuho_bank,https://www.mizuhobank.co.jp/takarakuji/check/loto/backnumber/detail.html?fromto=981_1000&type=loto6,2026-08-21T01:52:41.501904+00:00,192de5805377def1d68533a060f2dc5891787584adfef346ff79cd6ee69ecd4b
LOTO6,984,2015-07-13,14,23,24,28,37,38,20,mizuho_bank,https://www.mizuhobank.co.jp/takarakuji/check/loto/backnumber/detail.html?fromto=981_1000&type=loto6,2026-08-21T01:52:41.501904+00:00,192de5805377def1d68533a060f2dc5891787584adfef346ff79cd6ee69ecd4b
LOTO6,985,2015-07-16,3,11,19,26,29,38,31,mizuho_bank,https://www.mizuhobank.co.jp/takarakuji/check/loto/backnumber/detail.html?fromto=981_1000&type=loto6,2026-08-21T01:52:41.501904+00:00,192de5805377def1d68533a060f2dc5891787584adfef346ff79cd6ee69ecd4b
LOTO6,986,2015-07-20,4,11,17,30,36,43,5,mizuho_bank,https://www.mizuhobank.co.jp/takarakuji/check/loto/backnumber/detail.html?fromto=981_1000&type=loto6,2026-08-21T01:52:41.501904+00:00,192de5805377def1d68533a060f2dc5891787584adfef346ff79cd6ee69ecd4b
LOTO6,987,2015-07-23,3,14,15,24,25,36,33,mizuho_bank,https://www.mizuhobank.co.jp/takarakuji/check/loto/backnumber/detail.html?fromto=981_1000&type=loto6,2026-08-21T01:52:41.501904+00:00,192de5805377def1d68533a060f2dc5891787584adfef346ff79cd6ee69ecd4b
LOTO6,988,2015-07-27,5,6,10,22,34,41,19,mizuho_bank,https://www.mizuhobank.co.jp/takarakuji/check/loto/backnumber/detail.html?fromto=981_1000&type=loto6,2026-08-21T01:52:41.501904+00:00,192de5805377def1d68533a060f2dc5891787584adfef346ff79cd6ee69ecd4b
LOTO6,989,2015-07-30,5,7,31,33,36,39,21,mizuho_bank,https://www.mizuhobank.co.jp/takarakuji/check/loto/backnumber/detail.html?fromto=981_1000&type=loto6,2026-08-21T01:52:41.501904+00:00,192de5805377def1d68533a060f2dc5891787584adfef346ff79cd6ee69ecd4b
LOTO6,990,2015-08-03,4,12,16,27,28,41,42,mizuho_bank,https://www.mizuhobank.co.jp/takarakuji/check/loto/backnumber/detail.html?fromto=981_1000&type=loto6,2026-08-21T01:52:41.501904+00:00,192de5805377def1d68533a060f2dc5891787584adfef346ff79cd6ee69ecd4b
LOTO6,991,2015-08-06,3,18,21,25,29,37,35,mizuho_bank,https://www.mizuhobank.co.jp/takarakuji/check/loto/backnumber/detail.html?fromto=981_1000&type=loto6,2026-08-21T01:52:41.501904+00:00,192de5805377def1d68533a060f2dc5891787584adfef346ff79cd6ee69ecd4b
LOTO6,992,2015-08-10,4,6,8,22,27,38,34,mizuho_bank,https://www.mizuhobank.co.jp/takarakuji/check/loto/backnumber/detail.html?fromto=981_1000&type=loto6,2026-08-21T01:52:41.501904+00:00,192de5805377def1d68533a060f2dc5891787584adfef346ff79cd6ee69ecd4b
LOTO6,993,2015-08-13,1,5,10,32,38,40,18,mizuho_bank,https://www.mizuhobank.co.jp/takarakuji/check/loto/backnumber/detail.html?fromto=981_1000&type=loto6,2026-08-21T01:52:41.501904+00:00,192de5805377def1d68533a060f2dc5891787584adfef346ff79cd6ee69ecd4b
LOTO6,994,2015-08-17,18,22,29,31,39,43,9,mizuho_bank,https://www.mizuhobank.co.jp/takarakuji/check/loto/backnumber/detail.html?fromto=981_1000&type=loto6,2026-08-21T01:52:41.501904+00:00,192de5805377def1d68533a060f2dc5891787584adfef346ff79cd6ee69ecd4b
LOTO6,995,2015-08-20,7,11,17,21,37,39,36,mizuho_bank,https://www.mizuhobank.co.jp/takarakuji/check/loto/backnumber/detail.html?fromto=981_1000&type=loto6,2026-08-21T01:52:41.501904+00:00,192de5805377def1d68533a060f2dc5891787584adfef346ff79cd6ee69ecd4b
LOTO6,996,2015-08-24,1,3,14,26,27,42,25,mizuho_bank,https://www.mizuhobank.co.jp/takarakuji/check/loto/backnumber/detail.html?fromto=981_1000&type=loto6,2026-08-21T01:52:41.501904+00:00,192de5805377def1d68533a060f2dc5891787584adfef346ff79cd6ee69ecd4b
LOTO6,997,2015-08-27,3,5,8,11,33,43,23,mizuho_bank,https://www.mizuhobank.co.jp/takarakuji/check/loto/backnumber/detail.html?fromto=981_1000&type=loto6,2026-08-21T01:52:41.501904+00:00,192de5805377def1d68533a060f2dc5891787584adfef346ff79cd6ee69ecd4b
LOTO6,998,2015-08-31,1,3,12,19,26,29,28,mizuho_bank,https://www.mizuhobank.co.jp/takarakuji/check/loto/backnumber/detail.html?fromto=981_1000&type=loto6,2026-08-21T01:52:41.501904+00:00,192de5805377def1d68533a060f2dc5891787584adfef346ff79cd6ee69ecd4b
LOTO6,999,2015-09-03,8,15,17,30,32,36,43,mizuho_bank,https://www.mizuhobank.co.jp/takarakuji/check/loto/backnumber/detail.html?fromto=981_1000&type=loto6,2026-08-21T01:52:41.501904+00:00,192de5805377def1d68533a060f2dc5891787584adfef346ff79cd6ee69ecd4b
LOTO6,1000,2015-09-07,1,15,21,22,26,29,37,mizuho_bank,https://www.mizuhobank.co.jp/takarakuji/check/loto/backnumber/detail.html?fromto=981_1000&type=loto6,2026-08-21T01:52:41.501904+00:00,192de5805377def1d68533a060f2dc5891787584adfef346ff79cd6ee69ecd4b
LOTO6,1001,2015-09-10,9,12,15,16,18,35,2,mizuho_bank,https://www.mizuhobank.co.jp/takarakuji/check/loto/backnumber/detail.html?fromto=1001_1020&type=loto6,2026-08-21T01:52:40.834927+00:00,24018dc61d5b26a533dd1c44a3eb28b52feb7c92d763ac572fd51f436c63a1ae
LOTO6,1002,2015-09-14,8,14,22,25,27,41,11,mizuho_bank,https://www.mizuhobank.co.jp/takarakuji/check/loto/backnumber/detail.html?fromto=1001_1020&type=loto6,2026-08-21T01:52:40.834927+00:00,24018dc61d5b26a533dd1c44a3eb28b52feb7c92d763ac572fd51f436c63a1ae
LOTO6,1003,2015-09-17,13,22,26,34,38,43,42,mizuho_bank,https://www.mizuhobank.co.jp/takarakuji/check/loto/backnumber/detail.html?fromto=1001_1020&type=loto6,2026-08-21T01:52:40.834927+00:00,24018dc61d5b26a533dd1c44a3eb28b52feb7c92d763ac572fd51f436c63a1ae
LOTO6,1004,2015-09-21,3,21,23,24,27,32,36,mizuho_bank,https://www.mizuhobank.co.jp/takarakuji/check/loto/backnumber/detail.html?fromto=1001_1020&type=loto6,2026-08-21T01:52:40.834927+00:00,24018dc61d5b26a533dd1c44a3eb28b52feb7c92d763ac572fd51f436c63a1ae
LOTO6,1005,2015-09-24,5,13,20,24,25,27,42,mizuho_bank,https://www.mizuhobank.co.jp/takarakuji/check/loto/backnumber/detail.html?fromto=1001_1020&type=loto6,2026-08-21T01:52:40.834927+00:00,24018dc61d5b26a533dd1c44a3eb28b52feb7c92d763ac572fd51f436c63a1ae
LOTO6,1006,2015-09-28,7,8,16,31,32,33,12,mizuho_bank,https://www.mizuhobank.co.jp/takarakuji/check/loto/backnumber/detail.html?fromto=1001_1020&type=loto6,2026-08-21T01:52:40.834927+00:00,24018dc61d5b26a533dd1c44a3eb28b52feb7c92d763ac572fd51f436c63a1ae
LOTO6,1007,2015-10-01,3,8,17,25,28,43,42,mizuho_bank,https://www.mizuhobank.co.jp/takarakuji/check/loto/backnumber/detail.html?fromto=1001_1020&type=loto6,2026-08-21T01:52:40.834927+00:00,24018dc61d5b26a533dd1c44a3eb28b52feb7c92d763ac572fd51f436c63a1ae
LOTO6,1008,2015-10-05,11,14,16,21,24,39,36,mizuho_bank,https://www.mizuhobank.co.jp/takarakuji/check/loto/backnumber/detail.html?fromto=1001_1020&type=loto6,2026-08-21T01:52:40.834927+00:00,24018dc61d5b26a533dd1c44a3eb28b52feb7c92d763ac572fd51f436c63a1ae
LOTO6,1009,2015-10-08,3,19,34,36,40,43,28,mizuho_bank,https://www.mizuhobank.co.jp/takarakuji/check/loto/backnumber/detail.html?fromto=1001_1020&type=loto6,2026-08-21T01:52:40.834927+00:00,24018dc61d5b26a533dd1c44a3eb28b52feb7c92d763ac572fd51f436c63a1ae
LOTO6,1010,2015-10-12,6,12,16,24,25,37,17,mizuho_bank,https://www.mizuhobank.co.jp/takarakuji/check/loto/backnumber/detail.html?fromto=1001_1020&type=loto6,2026-08-21T01:52:40.834927+00:00,24018dc61d5b26a533dd1c44a3eb28b52feb7c92d763ac572fd51f436c63a1ae
LOTO6,1011,2015-10-15,23,26,27,29,30,43,6,mizuho_bank,https://www.mizuhobank.co.jp/takarakuji/check/loto/backnumber/detail.html?fromto=1001_1020&type=loto6,2026-08-21T01:52:40.834927+00:00,24018dc61d5b26a533dd1c44a3eb28b52feb7c92d763ac572fd51f436c63a1ae
LOTO6,1012,2015-10-19,9,11,19,22,27,38,2,mizuho_bank,https://www.mizuhobank.co.jp/takarakuji/check/loto/backnumber/detail.html?fromto=1001_1020&type=loto6,2026-08-21T01:52:40.834927+00:00,24018dc61d5b26a533dd1c44a3eb28b52feb7c92d763ac572fd51f436c63a1ae
LOTO6,1013,2015-10-22,3,20,36,38,39,41,22,mizuho_bank,https://www.mizuhobank.co.jp/takarakuji/check/loto/backnumber/detail.html?fromto=1001_1020&type=loto6,2026-08-21T01:52:40.834927+00:00,24018dc61d5b26a533dd1c44a3eb28b52feb7c92d763ac572fd51f436c63a1ae
LOTO6,1014,2015-10-26,2,3,9,19,40,42,6,mizuho_bank,https://www.mizuhobank.co.jp/takarakuji/check/loto/backnumber/detail.html?fromto=1001_1020&type=loto6,2026-08-21T01:52:40.834927+00:00,24018dc61d5b26a533dd1c44a3eb28b52feb7c92d763ac572fd51f436c63a1ae
LOTO6,1015,2015-10-29,9,14,20,23,27,32,22,mizuho_bank,https://www.mizuhobank.co.jp/takarakuji/check/loto/backnumber/detail.html?fromto=1001_1020&type=loto6,2026-08-21T01:52:40.834927+00:00,24018dc61d5b26a533dd1c44a3eb28b52feb7c92d763ac572fd51f436c63a1ae
LOTO6,1016,2015-11-02,1,14,31,32,39,42,34,mizuho_bank,https://www.mizuhobank.co.jp/takarakuji/check/loto/backnumber/detail.html?fromto=1001_1020&type=loto6,2026-08-21T01:52:40.834927+00:00,24018dc61d5b26a533dd1c44a3eb28b52feb7c92d763ac572fd51f436c63a1ae
LOTO6,1017,2015-11-05,1,4,24,30,39,40,5,mizuho_bank,https://www.mizuhobank.co.jp/takarakuji/check/loto/backnumber/detail.html?fromto=1001_1020&type=loto6,2026-08-21T01:52:40.834927+00:00,24018dc61d5b26a533dd1c44a3eb28b52feb7c92d763ac572fd51f436c63a1ae
LOTO6,1018,2015-11-09,3,22,25,28,32,39,21,mizuho_bank,https://www.mizuhobank.co.jp/takarakuji/check/loto/backnumber/detail.html?fromto=1001_1020&type=loto6,2026-08-21T01:52:40.834927+00:00,24018dc61d5b26a533dd1c44a3eb28b52feb7c92d763ac572fd51f436c63a1ae
LOTO6,1019,2015-11-12,8,14,15,22,25,40,19,mizuho_bank,https://www.mizuhobank.co.jp/takarakuji/check/loto/backnumber/detail.html?fromto=1001_1020&type=loto6,2026-08-21T01:52:40.834927+00:00,24018dc61d5b26a533dd1c44a3eb28b52feb7c92d763ac572fd51f436c63a1ae
LOTO6,1020,2015-11-16,2,25,27,28,35,42,6,mizuho_bank,https://www.mizuhobank.co.jp/takarakuji/check/loto/backnumber/detail.html?fromto=1001_1020&type=loto6,2026-08-21T01:52:40.834927+00:00,24018dc61d5b26a533dd1c44a3eb28b52feb7c92d763ac572fd51f436c63a1ae
LOTO6,1021,2015-11-19,3,30,32,33,34,39,28,mizuho_bank,https://www.mizuhobank.co.jp/takarakuji/check/loto/backnumber/detail.html?fromto=1021_1040&type=loto6,2026-08-21T01:52:40.185228+00:00,465de3195d2d94ea5eae29c75b9b505194dcfd589b08c354f8f0c642fe8ade68
LOTO6,1022,2015-11-23,3,15,19,30,34,37,12,mizuho_bank,https://www.mizuhobank.co.jp/takarakuji/check/loto/backnumber/detail.html?fromto=1021_1040&type=loto6,2026-08-21T01:52:40.185228+00:00,465de3195d2d94ea5eae29c75b9b505194dcfd589b08c354f8f0c642fe8ade68
LOTO6,1023,2015-11-26,9,17,24,25,33,40,43,mizuho_bank,https://www.mizuhobank.co.jp/takarakuji/check/loto/backnumber/detail.html?fromto=1021_1040&type=loto6,2026-08-21T01:52:40.185228+00:00,465de3195d2d94ea5eae29c75b9b505194dcfd589b08c354f8f0c642fe8ade68
LOTO6,1024,2015-11-30,2,4,5,20,37,43,32,mizuho_bank,https://www.mizuhobank.co.jp/takarakuji/check/loto/backnumber/detail.html?fromto=1021_1040&type=loto6,2026-08-21T01:52:40.185228+00:00,465de3195d2d94ea5eae29c75b9b505194dcfd589b08c354f8f0c642fe8ade68
LOTO6,1025,2015-12-03,10,17,20,21,36,43,34,mizuho_bank,https://www.mizuhobank.co.jp/takarakuji/check/loto/backnumber/detail.html?fromto=1021_1040&type=loto6,2026-08-21T01:52:40.185228+00:00,465de3195d2d94ea5eae29c75b9b505194dcfd589b08c354f8f0c642fe8ade68
LOTO6,1026,2015-12-07,1,8,11,17,22,26,31,mizuho_bank,https://www.mizuhobank.co.jp/takarakuji/check/loto/backnumber/detail.html?fromto=1021_1040&type=loto6,2026-08-21T01:52:40.185228+00:00,465de3195d2d94ea5eae29c75b9b505194dcfd589b08c354f8f0c642fe8ade68
LOTO6,1027,2015-12-10,13,16,17,19,20,38,18,mizuho_bank,https://www.mizuhobank.co.jp/takarakuji/check/loto/backnumber/detail.html?fromto=1021_1040&type=loto6,2026-08-21T01:52:40.185228+00:00,465de3195d2d94ea5eae29c75b9b505194dcfd589b08c354f8f0c642fe8ade68
LOTO6,1028,2015-12-14,7,10,18,21,28,36,40,mizuho_bank,https://www.mizuhobank.co.jp/takarakuji/check/loto/backnumber/detail.html?fromto=1021_1040&type=loto6,2026-08-21T01:52:40.185228+00:00,465de3195d2d94ea5eae29c75b9b505194dcfd589b08c354f8f0c642fe8ade68
LOTO6,1029,2015-12-17,5,13,22,31,37,39,4,mizuho_bank,https://www.mizuhobank.co.jp/takarakuji/check/loto/backnumber/detail.html?fromto=1021_1040&type=loto6,2026-08-21T01:52:40.185228+00:00,465de3195d2d94ea5eae29c75b9b505194dcfd589b08c354f8f0c642fe8ade68
LOTO6,1030,2015-12-21,4,9,17,20,23,42,19,mizuho_bank,https://www.mizuhobank.co.jp/takarakuji/check/loto/backnumber/detail.html?fromto=1021_1040&type=loto6,2026-08-21T01:52:40.185228+00:00,465de3195d2d94ea5eae29c75b9b505194dcfd589b08c354f8f0c642fe8ade68
LOTO6,1031,2015-12-24,2,4,7,22,32,35,1,mizuho_bank,https://www.mizuhobank.co.jp/takarakuji/check/loto/backnumber/detail.html?fromto=1021_1040&type=loto6,2026-08-21T01:52:40.185228+00:00,465de3195d2d94ea5eae29c75b9b505194dcfd589b08c354f8f0c642fe8ade68
LOTO6,1032,2015-12-28,11,20,21,30,36,43,17,mizuho_bank,https://www.mizuhobank.co.jp/takarakuji/check/loto/backnumber/detail.html?fromto=1021_1040&type=loto6,2026-08-21T01:52:40.185228+00:00,465de3195d2d94ea5eae29c75b9b505194dcfd589b08c354f8f0c642fe8ade68
LOTO6,1033,2016-01-04,1,15,21,24,37,41,7,mizuho_bank,https://www.mizuhobank.co.jp/takarakuji/check/loto/backnumber/detail.html?fromto=1021_1040&type=loto6,2026-08-21T01:52:40.185228+00:00,465de3195d2d94ea5eae29c75b9b505194dcfd589b08c354f8f0c642fe8ade68
LOTO6,1034,2016-01-07,14,20,24,25,31,32,29,mizuho_bank,https://www.mizuhobank.co.jp/takarakuji/check/loto/backnumber/detail.html?fromto=1021_1040&type=loto6,2026-08-21T01:52:40.185228+00:00,465de3195d2d94ea5eae29c75b9b505194dcfd589b08c354f8f0c642fe8ade68
LOTO6,1035,2016-01-11,9,15,17,19,27,33,40,mizuho_bank,https://www.mizuhobank.co.jp/takarakuji/check/loto/backnumber/detail.html?fromto=1021_1040&type=loto6,2026-08-21T01:52:40.185228+00:00,465de3195d2d94ea5eae29c75b9b505194dcfd589b08c354f8f0c642fe8ade68
LOTO6,1036,2016-01-14,2,8,17,27,30,31,13,mizuho_bank,https://www.mizuhobank.co.jp/takarakuji/check/loto/backnumber/detail.html?fromto=1021_1040&type=loto6,2026-08-21T01:52:40.185228+00:00,465de3195d2d94ea5eae29c75b9b505194dcfd589b08c354f8f0c642fe8ade68
LOTO6,1037,2016-01-18,1,3,12,13,21,32,41,mizuho_bank,https://www.mizuhobank.co.jp/takarakuji/check/loto/backnumber/detail.html?fromto=1021_1040&type=loto6,2026-08-21T01:52:40.185228+00:00,465de3195d2d94ea5eae29c75b9b505194dcfd589b08c354f8f0c642fe8ade68
LOTO6,1038,2016-01-21,3,7,24,25,27,39,20,mizuho_bank,https://www.mizuhobank.co.jp/takarakuji/check/loto/backnumber/detail.html?fromto=1021_1040&type=loto6,2026-08-21T01:52:40.185228+00:00,465de3195d2d94ea5eae29c75b9b505194dcfd589b08c354f8f0c642fe8ade68
LOTO6,1039,2016-01-25,6,9,20,34,37,41,25,mizuho_bank,https://www.mizuhobank.co.jp/takarakuji/check/loto/backnumber/detail.html?fromto=1021_1040&type=loto6,2026-08-21T01:52:40.185228+00:00,465de3195d2d94ea5eae29c75b9b505194dcfd589b08c354f8f0c642fe8ade68
LOTO6,1040,2016-01-28,7,13,15,21,23,34,12,mizuho_bank,https://www.mizuhobank.co.jp/takarakuji/check/loto/backnumber/detail.html?fromto=1021_1040&type=loto6,2026-08-21T01:52:40.185228+00:00,465de3195d2d94ea5eae29c75b9b505194dcfd589b08c354f8f0c642fe8ade68
LOTO6,1041,2016-02-01,14,22,27,29,33,37,24,mizuho_bank,https://www.mizuhobank.co.jp/takarakuji/check/loto/backnumber/detail.html?fromto=1041_1060&type=loto6,2026-08-21T01:52:39.567016+00:00,ad65b138e9ae57e9dc5226f71a42f96f7415ad1e313fc0daa21add87cced87aa
LOTO6,1042,2016-02-04,4,10,11,12,18,25,36,mizuho_bank,https://www.mizuhobank.co.jp/takarakuji/check/loto/backnumber/detail.html?fromto=1041_1060&type=loto6,2026-08-21T01:52:39.567016+00:00,ad65b138e9ae57e9dc5226f71a42f96f7415ad1e313fc0daa21add87cced87aa
LOTO6,1043,2016-02-08,21,29,30,32,38,42,16,mizuho_bank,https://www.mizuhobank.co.jp/takarakuji/check/loto/backnumber/detail.html?fromto=1041_1060&type=loto6,2026-08-21T01:52:39.567016+00:00,ad65b138e9ae57e9dc5226f71a42f96f7415ad1e313fc0daa21add87cced87aa
LOTO6,1044,2016-02-11,3,7,16,26,34,39,23,mizuho_bank,https://www.mizuhobank.co.jp/takarakuji/check/loto/backnumber/detail.html?fromto=1041_1060&type=loto6,2026-08-21T01:52:39.567016+00:00,ad65b138e9ae57e9dc5226f71a42f96f7415ad1e313fc0daa21add87cced87aa
LOTO6,1045,2016-02-15,1,19,21,30,31,43,18,mizuho_bank,https://www.mizuhobank.co.jp/takarakuji/check/loto/backnumber/detail.html?fromto=1041_1060&type=loto6,2026-08-21T01:52:39.567016+00:00,ad65b138e9ae57e9dc5226f71a42f96f7415ad1e313fc0daa21add87cced87aa
LOTO6,1046,2016-02-18,6,13,17,18,27,43,21,mizuho_bank,https://www.mizuhobank.co.jp/takarakuji/check/loto/backnumber/detail.html?fromto=1041_1060&type=loto6,2026-08-21T01:52:39.567016+00:00,ad65b138e9ae57e9dc5226f71a42f96f7415ad1e313fc0daa21add87cced87aa
LOTO6,1047,2016-02-22,5,9,13,31,32,35,26,mizuho_bank,https://www.mizuhobank.co.jp/takarakuji/check/loto/backnumber/detail.html?fromto=1041_1060&type=loto6,2026-08-21T01:52:39.567016+00:00,ad65b138e9ae57e9dc5226f71a42f96f7415ad1e313fc0daa21add87cced87aa
LOTO6,1048,2016-02-25,26,27,30,31,34,40,20,mizuho_bank,https://www.mizuhobank.co.jp/takarakuji/check/loto/backnumber/detail.html?fromto=1041_1060&type=loto6,2026-08-21T01:52:39.567016+00:00,ad65b138e9ae57e9dc5226f71a42f96f7415ad1e313fc0daa21add87cced87aa
LOTO6,1049,2016-02-29,3,6,15,23,24,31,11,mizuho_bank,https://www.mizuhobank.co.jp/takarakuji/check/loto/backnumber/detail.html?fromto=1041_1060&type=loto6,2026-08-21T01:52:39.567016+00:00,ad65b138e9ae57e9dc5226f71a42f96f7415ad1e313fc0daa21add87cced87aa
LOTO6,1050,2016-03-03,3,8,14,28,31,43,35,mizuho_bank,https://www.mizuhobank.co.jp/takarakuji/check/loto/backnumber/detail.html?fromto=1041_1060&type=loto6,2026-08-21T01:52:39.567016+00:00,ad65b138e9ae57e9dc5226f71a42f96f7415ad1e313fc0daa21add87cced87aa
LOTO6,1051,2016-03-07,5,13,20,28,30,32,16,mizuho_bank,https://www.mizuhobank.co.jp/takarakuji/check/loto/backnumber/detail.html?fromto=1041_1060&type=loto6,2026-08-21T01:52:39.567016+00:00,ad65b138e9ae57e9dc5226f71a42f96f7415ad1e313fc0daa21add87cced87aa
LOTO6,1052,2016-03-10,6,26,34,37,42,43,13,mizuho_bank,https://www.mizuhobank.co.jp/takarakuji/check/loto/backnumber/detail.html?fromto=1041_1060&type=loto6,2026-08-21T01:52:39.567016+00:00,ad65b138e9ae57e9dc5226f71a42f96f7415ad1e313fc0daa21add87cced87aa
LOTO6,1053,2016-03-14,4,11,23,27,35,42,15,mizuho_bank,https://www.mizuhobank.co.jp/takarakuji/check/loto/backnumber/detail.html?fromto=1041_1060&type=loto6,2026-08-21T01:52:39.567016+00:00,ad65b138e9ae57e9dc5226f71a42f96f7415ad1e313fc0daa21add87cced87aa
LOTO6,1054,2016-03-17,7,9,10,19,28,33,36,mizuho_bank,https://www.mizuhobank.co.jp/takarakuji/check/loto/backnumber/detail.html?fromto=1041_1060&type=loto6,2026-08-21T01:52:39.567016+00:00,ad65b138e9ae57e9dc5226f71a42f96f7415ad1e313fc0daa21add87cced87aa
LOTO6,1055,2016-03-21,5,11,20,25,26,32,6,mizuho_bank,https://www.mizuhobank.co.jp/takarakuji/check/loto/backnumber/detail.html?fromto=1041_1060&type=loto6,2026-08-21T01:52:39.567016+00:00,ad65b138e9ae57e9dc5226f71a42f96f7415ad1e313fc0daa21add87cced87aa
LOTO6,1056,2016-03-24,14,16,19,29,32,37,24,mizuho_bank,https://www.mizuhobank.co.jp/takarakuji/check/loto/backnumber/detail.html?fromto=1041_1060&type=loto6,2026-08-21T01:52:39.567016+00:00,ad65b138e9ae57e9dc5226f71a42f96f7415ad1e313fc0daa21add87cced87aa
LOTO6,1057,2016-03-28,2,11,19,21,28,38,25,mizuho_bank,https://www.mizuhobank.co.jp/takarakuji/check/loto/backnumber/detail.html?fromto=1041_1060&type=loto6,2026-08-21T01:52:39.567016+00:00,ad65b138e9ae57e9dc5226f71a42f96f7415ad1e313fc0daa21add87cced87aa
LOTO6,1058,2016-03-31,11,12,17,23,29,43,37,mizuho_bank,https://www.mizuhobank.co.jp/takarakuji/check/loto/backnumber/detail.html?fromto=1041_1060&type=loto6,2026-08-21T01:52:39.567016+00:00,ad65b138e9ae57e9dc5226f71a42f96f7415ad1e313fc0daa21add87cced87aa
LOTO6,1059,2016-04-04,8,26,27,29,35,43,6,mizuho_bank,https://www.mizuhobank.co.jp/takarakuji/check/loto/backnumber/detail.html?fromto=1041_1060&type=loto6,2026-08-21T01:52:39.567016+00:00,ad65b138e9ae57e9dc5226f71a42f96f7415ad1e313fc0daa21add87cced87aa
LOTO6,1060,2016-04-07,5,10,16,17,32,37,36,mizuho_bank,https://www.mizuhobank.co.jp/takarakuji/check/loto/backnumber/detail.html?fromto=1041_1060&type=loto6,2026-08-21T01:52:39.567016+00:00,ad65b138e9ae57e9dc5226f71a42f96f7415ad1e313fc0daa21add87cced87aa
LOTO6,1061,2016-04-11,1,12,14,16,20,29,4,mizuho_bank,https://www.mizuhobank.co.jp/takarakuji/check/loto/backnumber/detail.html?fromto=1061_1080&type=loto6,2026-08-21T01:52:38.819272+00:00,f52f8e66db8278abb62c665789814d1334298d1e4d34e6eb84855614e797e6ab
LOTO6,1062,2016-04-14,2,7,28,39,42,43,41,mizuho_bank,https://www.mizuhobank.co.jp/takarakuji/check/loto/backnumber/detail.html?fromto=1061_1080&type=loto6,2026-08-21T01:52:38.819272+00:00,f52f8e66db8278abb62c665789814d1334298d1e4d34e6eb84855614e797e6ab
LOTO6,1063,2016-04-18,6,12,13,34,38,42,41,mizuho_bank,https://www.mizuhobank.co.jp/takarakuji/check/loto/backnumber/detail.html?fromto=1061_1080&type=loto6,2026-08-21T01:52:38.819272+00:00,f52f8e66db8278abb62c665789814d1334298d1e4d34e6eb84855614e797e6ab
LOTO6,1064,2016-04-21,4,13,18,27,30,39,34,mizuho_bank,https://www.mizuhobank.co.jp/takarakuji/check/loto/backnumber/detail.html?fromto=1061_1080&type=loto6,2026-08-21T01:52:38.819272+00:00,f52f8e66db8278abb62c665789814d1334298d1e4d34e6eb84855614e797e6ab
LOTO6,1065,2016-04-25,11,13,27,37,41,42,40,mizuho_bank,https://www.mizuhobank.co.jp/takarakuji/check/loto/backnumber/detail.html?fromto=1061_1080&type=loto6,2026-08-21T01:52:38.819272+00:00,f52f8e66db8278abb62c665789814d1334298d1e4d34e6eb84855614e797e6ab
LOTO6,1066,2016-04-28,2,11,29,36,40,42,17,mizuho_bank,https://www.mizuhobank.co.jp/takarakuji/check/loto/backnumber/detail.html?fromto=1061_1080&type=loto6,2026-08-21T01:52:38.819272+00:00,f52f8e66db8278abb62c665789814d1334298d1e4d34e6eb84855614e797e6ab
LOTO6,1067,2016-05-02,5,9,25,27,28,33,10,mizuho_bank,https://www.mizuhobank.co.jp/takarakuji/check/loto/backnumber/detail.html?fromto=1061_1080&type=loto6,2026-08-21T01:52:38.819272+00:00,f52f8e66db8278abb62c665789814d1334298d1e4d34e6eb84855614e797e6ab
LOTO6,1068,2016-05-05,3,9,21,34,35,42,4,mizuho_bank,https://www.mizuhobank.co.jp/takarakuji/check/loto/backnumber/detail.html?fromto=1061_1080&type=loto6,2026-08-21T01:52:38.819272+00:00,f52f8e66db8278abb62c665789814d1334298d1e4d34e6eb84855614e797e6ab
LOTO6,1069,2016-05-09,12,17,26,30,33,40,8,mizuho_bank,https://www.mizuhobank.co.jp/takarakuji/check/loto/backnumber/detail.html?fromto=1061_1080&type=loto6,2026-08-21T01:52:38.819272+00:00,f52f8e66db8278abb62c665789814d1334298d1e4d34e6eb84855614e797e6ab
LOTO6,1070,2016-05-12,11,21,25,34,35,36,15,mizuho_bank,https://www.mizuhobank.co.jp/takarakuji/check/loto/backnumber/detail.html?fromto=1061_1080&type=loto6,2026-08-21T01:52:38.819272+00:00,f52f8e66db8278abb62c665789814d1334298d1e4d34e6eb84855614e797e6ab
LOTO6,1071,2016-05-16,1,10,25,27,31,40,3,mizuho_bank,https://www.mizuhobank.co.jp/takarakuji/check/loto/backnumber/detail.html?fromto=1061_1080&type=loto6,2026-08-21T01:52:38.819272+00:00,f52f8e66db8278abb62c665789814d1334298d1e4d34e6eb84855614e797e6ab
LOTO6,1072,2016-05-19,3,17,20,32,36,43,4,mizuho_bank,https://www.mizuhobank.co.jp/takarakuji/check/loto/backnumber/detail.html?fromto=1061_1080&type=loto6,2026-08-21T01:52:38.819272+00:00,f52f8e66db8278abb62c665789814d1334298d1e4d34e6eb84855614e797e6ab
LOTO6,1073,2016-05-23,1,3,5,8,20,39,30,mizuho_bank,https://www.mizuhobank.co.jp/takarakuji/check/loto/backnumber/detail.html?fromto=1061_1080&type=loto6,2026-08-21T01:52:38.819272+00:00,f52f8e66db8278abb62c665789814d1334298d1e4d34e6eb84855614e797e6ab
LOTO6,1074,2016-05-26,8,9,16,27,30,33,19,mizuho_bank,https://www.mizuhobank.co.jp/takarakuji/check/loto/backnumber/detail.html?fromto=1061_1080&type=loto6,2026-08-21T01:52:38.819272+00:00,f52f8e66db8278abb62c665789814d1334298d1e4d34e6eb84855614e797e6ab
LOTO6,1075,2016-05-30,7,8,21,24,34,42,1,mizuho_bank,https://www.mizuhobank.co.jp/takarakuji/check/loto/backnumber/detail.html?fromto=1061_1080&type=loto6,2026-08-21T01:52:38.819272+00:00,f52f8e66db8278abb62c665789814d1334298d1e4d34e6eb84855614e797e6ab
LOTO6,1076,2016-06-02,21,22,24,30,31,43,19,mizuho_bank,https://www.mizuhobank.co.jp/takarakuji/check/loto/backnumber/detail.html?fromto=1061_1080&type=loto6,2026-08-21T01:52:38.819272+00:00,f52f8e66db8278abb62c665789814d1334298d1e4d34e6eb84855614e797e6ab
LOTO6,1077,2016-06-06,1,4,9,23,30,36,5,mizuho_bank,https://www.mizuhobank.co.jp/takarakuji/check/loto/backnumber/detail.html?fromto=1061_1080&type=loto6,2026-08-21T01:52:38.819272+00:00,f52f8e66db8278abb62c665789814d1334298d1e4d34e6eb84855614e797e6ab
LOTO6,1078,2016-06-09,3,12,20,33,35,41,34,mizuho_bank,https://www.mizuhobank.co.jp/takarakuji/check/loto/backnumber/detail.html?fromto=1061_1080&type=loto6,2026-08-21T01:52:38.819272+00:00,f52f8e66db8278abb62c665789814d1334298d1e4d34e6eb84855614e797e6ab
LOTO6,1079,2016-06-13,8,12,19,24,30,36,42,mizuho_bank,https://www.mizuhobank.co.jp/takarakuji/check/loto/backnumber/detail.html?fromto=1061_1080&type=loto6,2026-08-21T01:52:38.819272+00:00,f52f8e66db8278abb62c665789814d1334298d1e4d34e6eb84855614e797e6ab
LOTO6,1080,2016-06-16,6,15,16,19,38,41,23,mizuho_bank,https://www.mizuhobank.co.jp/takarakuji/check/loto/backnumber/detail.html?fromto=1061_1080&type=loto6,2026-08-21T01:52:38.819272+00:00,f52f8e66db8278abb62c665789814d1334298d1e4d34e6eb84855614e797e6ab
LOTO6,1081,2016-06-20,6,8,13,17,18,20,28,mizuho_bank,https://www.mizuhobank.co.jp/takarakuji/check/loto/backnumber/detail.html?fromto=1081_1100&type=loto6,2026-08-21T01:52:38.077547+00:00,5df20eebd58a2669eee445c0ead1289afbfd3bddc33f0b577a512f283d8594fa
LOTO6,1082,2016-06-23,9,12,19,21,39,40,16,mizuho_bank,https://www.mizuhobank.co.jp/takarakuji/check/loto/backnumber/detail.html?fromto=1081_1100&type=loto6,2026-08-21T01:52:38.077547+00:00,5df20eebd58a2669eee445c0ead1289afbfd3bddc33f0b577a512f283d8594fa
LOTO6,1083,2016-06-27,10,13,15,18,25,38,20,mizuho_bank,https://www.mizuhobank.co.jp/takarakuji/check/loto/backnumber/detail.html?fromto=1081_1100&type=loto6,2026-08-21T01:52:38.077547+00:00,5df20eebd58a2669eee445c0ead1289afbfd3bddc33f0b577a512f283d8594fa
LOTO6,1084,2016-06-30,1,7,20,28,34,38,16,mizuho_bank,https://www.mizuhobank.co.jp/takarakuji/check/loto/backnumber/detail.html?fromto=1081_1100&type=loto6,2026-08-21T01:52:38.077547+00:00,5df20eebd58a2669eee445c0ead1289afbfd3bddc33f0b577a512f283d8594fa
LOTO6,1085,2016-07-04,3,20,21,30,34,35,23,mizuho_bank,https://www.mizuhobank.co.jp/takarakuji/check/loto/backnumber/detail.html?fromto=1081_1100&type=loto6,2026-08-21T01:52:38.077547+00:00,5df20eebd58a2669eee445c0ead1289afbfd3bddc33f0b577a512f283d8594fa
LOTO6,1086,2016-07-07,3,7,9,31,38,43,29,mizuho_bank,https://www.mizuhobank.co.jp/takarakuji/check/loto/backnumber/detail.html?fromto=1081_1100&type=loto6,2026-08-21T01:52:38.077547+00:00,5df20eebd58a2669eee445c0ead1289afbfd3bddc33f0b577a512f283d8594fa
LOTO6,1087,2016-07-11,10,13,26,27,30,36,6,mizuho_bank,https://www.mizuhobank.co.jp/takarakuji/check/loto/backnumber/detail.html?fromto=1081_1100&type=loto6,2026-08-21T01:52:38.077547+00:00,5df20eebd58a2669eee445c0ead1289afbfd3bddc33f0b577a512f283d8594fa
LOTO6,1088,2016-07-14,5,8,16,24,32,33,22,mizuho_bank,https://www.mizuhobank.co.jp/takarakuji/check/loto/backnumber/detail.html?fromto=1081_1100&type=loto6,2026-08-21T01:52:38.077547+00:00,5df20eebd58a2669eee445c0ead1289afbfd3bddc33f0b577a512f283d8594fa
LOTO6,1089,2016-07-18,5,17,19,22,41,42,4,mizuho_bank,https://www.mizuhobank.co.jp/takarakuji/check/loto/backnumber/detail.html?fromto=1081_1100&type=loto6,2026-08-21T01:52:38.077547+00:00,5df20eebd58a2669eee445c0ead1289afbfd3bddc33f0b577a512f283d8594fa
LOTO6,1090,2016-07-21,3,10,15,22,27,40,23,mizuho_bank,https://www.mizuhobank.co.jp/takarakuji/check/loto/backnumber/detail.html?fromto=1081_1100&type=loto6,2026-08-21T01:52:38.077547+00:00,5df20eebd58a2669eee445c0ead1289afbfd3bddc33f0b577a512f283d8594fa
LOTO6,1091,2016-07-25,21,22,24,26,28,30,38,mizuho_bank,https://www.mizuhobank.co.jp/takarakuji/check/loto/backnumber/detail.html?fromto=1081_1100&type=loto6,2026-08-21T01:52:38.077547+00:00,5df20eebd58a2669eee445c0ead1289afbfd3bddc33f0b577a512f283d8594fa
LOTO6,1092,2016-07-28,2,11,18,27,30,33,14,mizuho_bank,https://www.mizuhobank.co.jp/takarakuji/check/loto/backnumber/detail.html?fromto=1081_1100&type=loto6,2026-08-21T01:52:38.077547+00:00,5df20eebd58a2669eee445c0ead1289afbfd3bddc33f0b577a512f283d8594fa
LOTO6,1093,2016-08-01,4,19,26,40,42,43,9,mizuho_bank,https://www.mizuhobank.co.jp/takarakuji/check/loto/backnumber/detail.html?fromto=1081_1100&type=loto6,2026-08-21T01:52:38.077547+00:00,5df20eebd58a2669eee445c0ead1289afbfd3bddc33f0b577a512f283d8594fa
LOTO6,1094,2016-08-04,6,7,20,24,28,43,11,mizuho_bank,https://www.mizuhobank.co.jp/takarakuji/check/loto/backnumber/detail.html?fromto=1081_1100&type=loto6,2026-08-21T01:52:38.077547+00:00,5df20eebd58a2669eee445c0ead1289afbfd3bddc33f0b577a512f283d8594fa
LOTO6,1095,2016-08-08,3,6,15,18,23,27,38,mizuho_bank,https://www.mizuhobank.co.jp/takarakuji/check/loto/backnumber/detail.html?fromto=1081_1100&type=loto6,2026-08-21T01:52:38.077547+00:00,5df20eebd58a2669eee445c0ead1289afbfd3bddc33f0b577a512f283d8594fa
LOTO6,1096,2016-08-11,6,19,21,31,38,41,40,mizuho_bank,https://www.mizuhobank.co.jp/takarakuji/check/loto/backnumber/detail.html?fromto=1081_1100&type=loto6,2026-08-21T01:52:38.077547+00:00,5df20eebd58a2669eee445c0ead1289afbfd3bddc33f0b577a512f283d8594fa
LOTO6,1097,2016-08-15,1,5,8,14,19,21,4,mizuho_bank,https://www.mizuhobank.co.jp/takarakuji/check/loto/backnumber/detail.html?fromto=1081_1100&type=loto6,2026-08-21T01:52:38.077547+00:00,5df20eebd58a2669eee445c0ead1289afbfd3bddc33f0b577a512f283d8594fa
LOTO6,1098,2016-08-18,1,19,31,33,35,43,29,mizuho_bank,https://www.mizuhobank.co.jp/takarakuji/check/loto/backnumber/detail.html?fromto=1081_1100&type=loto6,2026-08-21T01:52:38.077547+00:00,5df20eebd58a2669eee445c0ead1289afbfd3bddc33f0b577a512f283d8594fa
LOTO6,1099,2016-08-22,6,8,12,17,18,24,35,mizuho_bank,https://www.mizuhobank.co.jp/takarakuji/check/loto/backnumber/detail.html?fromto=1081_1100&type=loto6,2026-08-21T01:52:38.077547+00:00,5df20eebd58a2669eee445c0ead1289afbfd3bddc33f0b577a512f283d8594fa
LOTO6,1100,2016-08-25,2,6,16,23,32,35,37,mizuho_bank,https://www.mizuhobank.co.jp/takarakuji/check/loto/backnumber/detail.html?fromto=1081_1100&type=loto6,2026-08-21T01:52:38.077547+00:00,5df20eebd58a2669eee445c0ead1289afbfd3bddc33f0b577a512f283d8594fa
LOTO6,1101,2016-08-29,4,5,7,10,13,16,1,mizuho_bank,https://www.mizuhobank.co.jp/takarakuji/check/loto/backnumber/detail.html?fromto=1101_1120&type=loto6,2026-08-21T01:52:37.333807+00:00,e5a6f1b58ea3766d157f1370ca0aca2e89f10a511210d2532884ab0b185b0703
LOTO6,1102,2016-09-01,3,6,9,13,36,37,32,mizuho_bank,https://www.mizuhobank.co.jp/takarakuji/check/loto/backnumber/detail.html?fromto=1101_1120&type=loto6,2026-08-21T01:52:37.333807+00:00,e5a6f1b58ea3766d157f1370ca0aca2e89f10a511210d2532884ab0b185b0703
LOTO6,1103,2016-09-05,8,13,14,18,24,38,25,mizuho_bank,https://www.mizuhobank.co.jp/takarakuji/check/loto/backnumber/detail.html?fromto=1101_1120&type=loto6,2026-08-21T01:52:37.333807+00:00,e5a6f1b58ea3766d157f1370ca0aca2e89f10a511210d2532884ab0b185b0703
LOTO6,1104,2016-09-08,15,25,32,33,36,38,40,mizuho_bank,https://www.mizuhobank.co.jp/takarakuji/check/loto/backnumber/detail.html?fromto=1101_1120&type=loto6,2026-08-21T01:52:37.333807+00:00,e5a6f1b58ea3766d157f1370ca0aca2e89f10a511210d2532884ab0b185b0703
LOTO6,1105,2016-09-12,12,15,25,31,39,40,26,mizuho_bank,https://www.mizuhobank.co.jp/takarakuji/check/loto/backnumber/detail.html?fromto=1101_1120&type=loto6,2026-08-21T01:52:37.333807+00:00,e5a6f1b58ea3766d157f1370ca0aca2e89f10a511210d2532884ab0b185b0703
LOTO6,1106,2016-09-15,1,4,8,10,18,33,15,mizuho_bank,https://www.mizuhobank.co.jp/takarakuji/check/loto/backnumber/detail.html?fromto=1101_1120&type=loto6,2026-08-21T01:52:37.333807+00:00,e5a6f1b58ea3766d157f1370ca0aca2e89f10a511210d2532884ab0b185b0703
LOTO6,1107,2016-09-19,6,7,12,22,30,33,36,mizuho_bank,https://www.mizuhobank.co.jp/takarakuji/check/loto/backnumber/detail.html?fromto=1101_1120&type=loto6,2026-08-21T01:52:37.333807+00:00,e5a6f1b58ea3766d157f1370ca0aca2e89f10a511210d2532884ab0b185b0703
LOTO6,1108,2016-09-22,12,25,29,32,38,43,35,mizuho_bank,https://www.mizuhobank.co.jp/takarakuji/check/loto/backnumber/detail.html?fromto=1101_1120&type=loto6,2026-08-21T01:52:37.333807+00:00,e5a6f1b58ea3766d157f1370ca0aca2e89f10a511210d2532884ab0b185b0703
LOTO6,1109,2016-09-26,6,8,14,27,36,42,28,mizuho_bank,https://www.mizuhobank.co.jp/takarakuji/check/loto/backnumber/detail.html?fromto=1101_1120&type=loto6,2026-08-21T01:52:37.333807+00:00,e5a6f1b58ea3766d157f1370ca0aca2e89f10a511210d2532884ab0b185b0703
LOTO6,1110,2016-09-29,1,6,21,34,36,39,29,mizuho_bank,https://www.mizuhobank.co.jp/takarakuji/check/loto/backnumber/detail.html?fromto=1101_1120&type=loto6,2026-08-21T01:52:37.333807+00:00,e5a6f1b58ea3766d157f1370ca0aca2e89f10a511210d2532884ab0b185b0703
LOTO6,1111,2016-10-03,6,16,17,27,33,41,42,mizuho_bank,https://www.mizuhobank.co.jp/takarakuji/check/loto/backnumber/detail.html?fromto=1101_1120&type=loto6,2026-08-21T01:52:37.333807+00:00,e5a6f1b58ea3766d157f1370ca0aca2e89f10a511210d2532884ab0b185b0703
LOTO6,1112,2016-10-06,6,9,15,19,39,42,34,mizuho_bank,https://www.mizuhobank.co.jp/takarakuji/check/loto/backnumber/detail.html?fromto=1101_1120&type=loto6,2026-08-21T01:52:37.333807+00:00,e5a6f1b58ea3766d157f1370ca0aca2e89f10a511210d2532884ab0b185b0703
LOTO6,1113,2016-10-10,1,12,14,26,34,41,6,mizuho_bank,https://www.mizuhobank.co.jp/takarakuji/check/loto/backnumber/detail.html?fromto=1101_1120&type=loto6,2026-08-21T01:52:37.333807+00:00,e5a6f1b58ea3766d157f1370ca0aca2e89f10a511210d2532884ab0b185b0703
LOTO6,1114,2016-10-13,2,7,9,28,38,39,26,mizuho_bank,https://www.mizuhobank.co.jp/takarakuji/check/loto/backnumber/detail.html?fromto=1101_1120&type=loto6,2026-08-21T01:52:37.333807+00:00,e5a6f1b58ea3766d157f1370ca0aca2e89f10a511210d2532884ab0b185b0703
LOTO6,1115,2016-10-17,3,10,12,26,38,42,4,mizuho_bank,https://www.mizuhobank.co.jp/takarakuji/check/loto/backnumber/detail.html?fromto=1101_1120&type=loto6,2026-08-21T01:52:37.333807+00:00,e5a6f1b58ea3766d157f1370ca0aca2e89f10a511210d2532884ab0b185b0703
LOTO6,1116,2016-10-20,1,11,33,34,35,38,29,mizuho_bank,https://www.mizuhobank.co.jp/takarakuji/check/loto/backnumber/detail.html?fromto=1101_1120&type=loto6,2026-08-21T01:52:37.333807+00:00,e5a6f1b58ea3766d157f1370ca0aca2e89f10a511210d2532884ab0b185b0703
LOTO6,1117,2016-10-24,2,6,7,9,19,23,21,mizuho_bank,https://www.mizuhobank.co.jp/takarakuji/check/loto/backnumber/detail.html?fromto=1101_1120&type=loto6,2026-08-21T01:52:37.333807+00:00,e5a6f1b58ea3766d157f1370ca0aca2e89f10a511210d2532884ab0b185b0703
LOTO6,1118,2016-10-27,1,11,21,25,34,36,28,mizuho_bank,https://www.mizuhobank.co.jp/takarakuji/check/loto/backnumber/detail.html?fromto=1101_1120&type=loto6,2026-08-21T01:52:37.333807+00:00,e5a6f1b58ea3766d157f1370ca0aca2e89f10a511210d2532884ab0b185b0703
LOTO6,1119,2016-10-31,3,6,15,21,42,43,11,mizuho_bank,https://www.mizuhobank.co.jp/takarakuji/check/loto/backnumber/detail.html?fromto=1101_1120&type=loto6,2026-08-21T01:52:37.333807+00:00,e5a6f1b58ea3766d157f1370ca0aca2e89f10a511210d2532884ab0b185b0703
LOTO6,1120,2016-11-03,10,12,13,29,35,39,33,mizuho_bank,https://www.mizuhobank.co.jp/takarakuji/check/loto/backnumber/detail.html?fromto=1101_1120&type=loto6,2026-08-21T01:52:37.333807+00:00,e5a6f1b58ea3766d157f1370ca0aca2e89f10a511210d2532884ab0b185b0703
LOTO6,1121,2016-11-07,2,8,31,38,40,42,41,mizuho_bank,https://www.mizuhobank.co.jp/takarakuji/check/loto/backnumber/detail.html?fromto=1121_1140&type=loto6,2026-08-21T01:52:36.598679+00:00,64e44cbcebcb66f0ba4d92f636f1ab36ada9a4cfc73ed83da89d632fd3b551a6
LOTO6,1122,2016-11-10,22,24,29,31,32,34,40,mizuho_bank,https://www.mizuhobank.co.jp/takarakuji/check/loto/backnumber/detail.html?fromto=1121_1140&type=loto6,2026-08-21T01:52:36.598679+00:00,64e44cbcebcb66f0ba4d92f636f1ab36ada9a4cfc73ed83da89d632fd3b551a6
LOTO6,1123,2016-11-14,4,8,23,29,34,35,15,mizuho_bank,https://www.mizuhobank.co.jp/takarakuji/check/loto/backnumber/detail.html?fromto=1121_1140&type=loto6,2026-08-21T01:52:36.598679+00:00,64e44cbcebcb66f0ba4d92f636f1ab36ada9a4cfc73ed83da89d632fd3b551a6
LOTO6,1124,2016-11-17,1,16,24,28,40,42,33,mizuho_bank,https://www.mizuhobank.co.jp/takarakuji/check/loto/backnumber/detail.html?fromto=1121_1140&type=loto6,2026-08-21T01:52:36.598679+00:00,64e44cbcebcb66f0ba4d92f636f1ab36ada9a4cfc73ed83da89d632fd3b551a6
LOTO6,1125,2016-11-21,2,16,19,20,24,36,27,mizuho_bank,https://www.mizuhobank.co.jp/takarakuji/check/loto/backnumber/detail.html?fromto=1121_1140&type=loto6,2026-08-21T01:52:36.598679+00:00,64e44cbcebcb66f0ba4d92f636f1ab36ada9a4cfc73ed83da89d632fd3b551a6
LOTO6,1126,2016-11-24,4,5,26,30,34,42,27,mizuho_bank,https://www.mizuhobank.co.jp/takarakuji/check/loto/backnumber/detail.html?fromto=1121_1140&type=loto6,2026-08-21T01:52:36.598679+00:00,64e44cbcebcb66f0ba4d92f636f1ab36ada9a4cfc73ed83da89d632fd3b551a6
LOTO6,1127,2016-11-28,9,15,17,21,23,42,24,mizuho_bank,https://www.mizuhobank.co.jp/takarakuji/check/loto/backnumber/detail.html?fromto=1121_1140&type=loto6,2026-08-21T01:52:36.598679+00:00,64e44cbcebcb66f0ba4d92f636f1ab36ada9a4cfc73ed83da89d632fd3b551a6
LOTO6,1128,2016-12-01,3,15,21,29,30,35,39,mizuho_bank,https://www.mizuhobank.co.jp/takarakuji/check/loto/backnumber/detail.html?fromto=1121_1140&type=loto6,2026-08-21T01:52:36.598679+00:00,64e44cbcebcb66f0ba4d92f636f1ab36ada9a4cfc73ed83da89d632fd3b551a6
LOTO6,1129,2016-12-05,6,11,19,28,30,43,32,mizuho_bank,https://www.mizuhobank.co.jp/takarakuji/check/loto/backnumber/detail.html?fromto=1121_1140&type=loto6,2026-08-21T01:52:36.598679+00:00,64e44cbcebcb66f0ba4d92f636f1ab36ada9a4cfc73ed83da89d632fd3b551a6
LOTO6,1130,2016-12-08,1,11,37,38,39,42,26,mizuho_bank,https://www.mizuhobank.co.jp/takarakuji/check/loto/backnumber/detail.html?fromto=1121_1140&type=loto6,2026-08-21T01:52:36.598679+00:00,64e44cbcebcb66f0ba4d92f636f1ab36ada9a4cfc73ed83da89d632fd3b551a6
LOTO6,1131,2016-12-12,6,12,25,36,38,41,18,mizuho_bank,https://www.mizuhobank.co.jp/takarakuji/check/loto/backnumber/detail.html?fromto=1121_1140&type=loto6,2026-08-21T01:52:36.598679+00:00,64e44cbcebcb66f0ba4d92f636f1ab36ada9a4cfc73ed83da89d632fd3b551a6
LOTO6,1132,2016-12-15,4,5,24,29,33,35,40,mizuho_bank,https://www.mizuhobank.co.jp/takarakuji/check/loto/backnumber/detail.html?fromto=1121_1140&type=loto6,2026-08-21T01:52:36.598679+00:00,64e44cbcebcb66f0ba4d92f636f1ab36ada9a4cfc73ed83da89d632fd3b551a6
LOTO6,1133,2016-12-19,3,18,19,20,37,38,9,mizuho_bank,https://www.mizuhobank.co.jp/takarakuji/check/loto/backnumber/detail.html?fromto=1121_1140&type=loto6,2026-08-21T01:52:36.598679+00:00,64e44cbcebcb66f0ba4d92f636f1ab36ada9a4cfc73ed83da89d632fd3b551a6
LOTO6,1134,2016-12-22,5,6,12,14,30,38,29,mizuho_bank,https://www.mizuhobank.co.jp/takarakuji/check/loto/backnumber/detail.html?fromto=1121_1140&type=loto6,2026-08-21T01:52:36.598679+00:00,64e44cbcebcb66f0ba4d92f636f1ab36ada9a4cfc73ed83da89d632fd3b551a6
LOTO6,1135,2016-12-26,20,22,28,29,32,41,14,mizuho_bank,https://www.mizuhobank.co.jp/takarakuji/check/loto/backnumber/detail.html?fromto=1121_1140&type=loto6,2026-08-21T01:52:36.598679+00:00,64e44cbcebcb66f0ba4d92f636f1ab36ada9a4cfc73ed83da89d632fd3b551a6
LOTO6,1136,2016-12-29,3,4,7,8,22,33,18,mizuho_bank,https://www.mizuhobank.co.jp/takarakuji/check/loto/backnumber/detail.html?fromto=1121_1140&type=loto6,2026-08-21T01:52:36.598679+00:00,64e44cbcebcb66f0ba4d92f636f1ab36ada9a4cfc73ed83da89d632fd3b551a6
LOTO6,1137,2017-01-05,1,18,21,31,37,41,20,mizuho_bank,https://www.mizuhobank.co.jp/takarakuji/check/loto/backnumber/detail.html?fromto=1121_1140&type=loto6,2026-08-21T01:52:36.598679+00:00,64e44cbcebcb66f0ba4d92f636f1ab36ada9a4cfc73ed83da89d632fd3b551a6
LOTO6,1138,2017-01-09,8,15,21,24,35,38,22,mizuho_bank,https://www.mizuhobank.co.jp/takarakuji/check/loto/backnumber/detail.html?fromto=1121_1140&type=loto6,2026-08-21T01:52:36.598679+00:00,64e44cbcebcb66f0ba4d92f636f1ab36ada9a4cfc73ed83da89d632fd3b551a6
LOTO6,1139,2017-01-12,4,6,14,17,23,33,26,mizuho_bank,https://www.mizuhobank.co.jp/takarakuji/check/loto/backnumber/detail.html?fromto=1121_1140&type=loto6,2026-08-21T01:52:36.598679+00:00,64e44cbcebcb66f0ba4d92f636f1ab36ada9a4cfc73ed83da89d632fd3b551a6
LOTO6,1140,2017-01-16,11,21,30,31,36,37,23,mizuho_bank,https://www.mizuhobank.co.jp/takarakuji/check/loto/backnumber/detail.html?fromto=1121_1140&type=loto6,2026-08-21T01:52:36.598679+00:00,64e44cbcebcb66f0ba4d92f636f1ab36ada9a4cfc73ed83da89d632fd3b551a6
LOTO6,1141,2017-01-19,1,4,10,14,24,26,29,mizuho_bank,https://www.mizuhobank.co.jp/takarakuji/check/loto/backnumber/detail.html?fromto=1141_1160&type=loto6,2026-08-21T01:52:35.953799+00:00,9face0a3da15641cfdd3c834a01b4c8e20d46facd261870f85c88bde31289cf1
LOTO6,1142,2017-01-23,12,13,19,23,28,35,31,mizuho_bank,https://www.mizuhobank.co.jp/takarakuji/check/loto/backnumber/detail.html?fromto=1141_1160&type=loto6,2026-08-21T01:52:35.953799+00:00,9face0a3da15641cfdd3c834a01b4c8e20d46facd261870f85c88bde31289cf1
LOTO6,1143,2017-01-26,19,21,31,39,42,43,29,mizuho_bank,https://www.mizuhobank.co.jp/takarakuji/check/loto/backnumber/detail.html?fromto=1141_1160&type=loto6,2026-08-21T01:52:35.953799+00:00,9face0a3da15641cfdd3c834a01b4c8e20d46facd261870f85c88bde31289cf1
LOTO6,1144,2017-01-30,7,13,14,33,39,43,29,mizuho_bank,https://www.mizuhobank.co.jp/takarakuji/check/loto/backnumber/detail.html?fromto=1141_1160&type=loto6,2026-08-21T01:52:35.953799+00:00,9face0a3da15641cfdd3c834a01b4c8e20d46facd261870f85c88bde31289cf1
LOTO6,1145,2017-02-02,1,4,15,18,25,28,36,mizuho_bank,https://www.mizuhobank.co.jp/takarakuji/check/loto/backnumber/detail.html?fromto=1141_1160&type=loto6,2026-08-21T01:52:35.953799+00:00,9face0a3da15641cfdd3c834a01b4c8e20d46facd261870f85c88bde31289cf1
LOTO6,1146,2017-02-06,1,10,19,23,26,34,27,mizuho_bank,https://www.mizuhobank.co.jp/takarakuji/check/loto/backnumber/detail.html?fromto=1141_1160&type=loto6,2026-08-21T01:52:35.953799+00:00,9face0a3da15641cfdd3c834a01b4c8e20d46facd261870f85c88bde31289cf1
LOTO6,1147,2017-02-09,2,3,10,16,26,27,23,mizuho_bank,https://www.mizuhobank.co.jp/takarakuji/check/loto/backnumber/detail.html?fromto=1141_1160&type=loto6,2026-08-21T01:52:35.953799+00:00,9face0a3da15641cfdd3c834a01b4c8e20d46facd261870f85c88bde31289cf1
LOTO6,1148,2017-02-13,3,5,16,23,31,43,39,mizuho_bank,https://www.mizuhobank.co.jp/takarakuji/check/loto/backnumber/detail.html?fromto=1141_1160&type=loto6,2026-08-21T01:52:35.953799+00:00,9face0a3da15641cfdd3c834a01b4c8e20d46facd261870f85c88bde31289cf1
LOTO6,1149,2017-02-16,2,14,22,23,35,43,31,mizuho_bank,https://www.mizuhobank.co.jp/takarakuji/check/loto/backnumber/detail.html?fromto=1141_1160&type=loto6,2026-08-21T01:52:35.953799+00:00,9face0a3da15641cfdd3c834a01b4c8e20d46facd261870f85c88bde31289cf1
LOTO6,1150,2017-02-20,7,11,17,27,32,40,18,mizuho_bank,https://www.mizuhobank.co.jp/takarakuji/check/loto/backnumber/detail.html?fromto=1141_1160&type=loto6,2026-08-21T01:52:35.953799+00:00,9face0a3da15641cfdd3c834a01b4c8e20d46facd261870f85c88bde31289cf1
LOTO6,1151,2017-02-23,5,23,25,26,29,31,19,mizuho_bank,https://www.mizuhobank.co.jp/takarakuji/check/loto/backnumber/detail.html?fromto=1141_1160&type=loto6,2026-08-21T01:52:35.953799+00:00,9face0a3da15641cfdd3c834a01b4c8e20d46facd261870f85c88bde31289cf1
LOTO6,1152,2017-02-27,6,8,10,33,35,43,22,mizuho_bank,https://www.mizuhobank.co.jp/takarakuji/check/loto/backnumber/detail.html?fromto=1141_1160&type=loto6,2026-08-21T01:52:35.953799+00:00,9face0a3da15641cfdd3c834a01b4c8e20d46facd261870f85c88bde31289cf1
LOTO6,1153,2017-03-02,4,15,20,24,26,30,29,mizuho_bank,https://www.mizuhobank.co.jp/takarakuji/check/loto/backnumber/detail.html?fromto=1141_1160&type=loto6,2026-08-21T01:52:35.953799+00:00,9face0a3da15641cfdd3c834a01b4c8e20d46facd261870f85c88bde31289cf1
LOTO6,1154,2017-03-06,8,12,30,36,41,42,4,mizuho_bank,https://www.mizuhobank.co.jp/takarakuji/check/loto/backnumber/detail.html?fromto=1141_1160&type=loto6,2026-08-21T01:52:35.953799+00:00,9face0a3da15641cfdd3c834a01b4c8e20d46facd261870f85c88bde31289cf1
LOTO6,1155,2017-03-09,14,19,22,23,28,43,25,mizuho_bank,https://www.mizuhobank.co.jp/takarakuji/check/loto/backnumber/detail.html?fromto=1141_1160&type=loto6,2026-08-21T01:52:35.953799+00:00,9face0a3da15641cfdd3c834a01b4c8e20d46facd261870f85c88bde31289cf1
LOTO6,1156,2017-03-13,3,6,19,31,35,40,12,mizuho_bank,https://www.mizuhobank.co.jp/takarakuji/check/loto/backnumber/detail.html?fromto=1141_1160&type=loto6,2026-08-21T01:52:35.953799+00:00,9face0a3da15641cfdd3c834a01b4c8e20d46facd261870f85c88bde31289cf1
LOTO6,1157,2017-03-16,5,17,20,28,39,42,1,mizuho_bank,https://www.mizuhobank.co.jp/takarakuji/check/loto/backnumber/detail.html?fromto=1141_1160&type=loto6,2026-08-21T01:52:35.953799+00:00,9face0a3da15641cfdd3c834a01b4c8e20d46facd261870f85c88bde31289cf1
LOTO6,1158,2017-03-20,22,24,27,30,32,40,23,mizuho_bank,https://www.mizuhobank.co.jp/takarakuji/check/loto/backnumber/detail.html?fromto=1141_1160&type=loto6,2026-08-21T01:52:35.953799+00:00,9face0a3da15641cfdd3c834a01b4c8e20d46facd261870f85c88bde31289cf1
LOTO6,1159,2017-03-23,1,4,15,16,23,30,17,mizuho_bank,https://www.mizuhobank.co.jp/takarakuji/check/loto/backnumber/detail.html?fromto=1141_1160&type=loto6,2026-08-21T01:52:35.953799+00:00,9face0a3da15641cfdd3c834a01b4c8e20d46facd261870f85c88bde31289cf1
LOTO6,1160,2017-03-27,9,22,31,32,34,43,24,mizuho_bank,https://www.mizuhobank.co.jp/takarakuji/check/loto/backnumber/detail.html?fromto=1141_1160&type=loto6,2026-08-21T01:52:35.953799+00:00,9face0a3da15641cfdd3c834a01b4c8e20d46facd261870f85c88bde31289cf1
LOTO6,1161,2017-03-30,1,2,12,16,19,40,18,mizuho_bank,https://www.mizuhobank.co.jp/takarakuji/check/loto/backnumber/detail.html?fromto=1161_1180&type=loto6,2026-08-21T01:52:35.219078+00:00,3a8423ea9e43b40d18a65fb21f4962c3fc9770725e8d5dd6381039632cf3f028
LOTO6,1162,2017-04-03,3,4,8,12,24,37,10,mizuho_bank,https://www.mizuhobank.co.jp/takarakuji/check/loto/backnumber/detail.html?fromto=1161_1180&type=loto6,2026-08-21T01:52:35.219078+00:00,3a8423ea9e43b40d18a65fb21f4962c3fc9770725e8d5dd6381039632cf3f028
LOTO6,1163,2017-04-06,11,17,19,24,33,41,9,mizuho_bank,https://www.mizuhobank.co.jp/takarakuji/check/loto/backnumber/detail.html?fromto=1161_1180&type=loto6,2026-08-21T01:52:35.219078+00:00,3a8423ea9e43b40d18a65fb21f4962c3fc9770725e8d5dd6381039632cf3f028
LOTO6,1164,2017-04-10,4,7,11,33,34,37,24,mizuho_bank,https://www.mizuhobank.co.jp/takarakuji/check/loto/backnumber/detail.html?fromto=1161_1180&type=loto6,2026-08-21T01:52:35.219078+00:00,3a8423ea9e43b40d18a65fb21f4962c3fc9770725e8d5dd6381039632cf3f028
LOTO6,1165,2017-04-13,18,20,21,24,40,42,25,mizuho_bank,https://www.mizuhobank.co.jp/takarakuji/check/loto/backnumber/detail.html?fromto=1161_1180&type=loto6,2026-08-21T01:52:35.219078+00:00,3a8423ea9e43b40d18a65fb21f4962c3fc9770725e8d5dd6381039632cf3f028
LOTO6,1166,2017-04-17,4,8,17,20,29,41,3,mizuho_bank,https://www.mizuhobank.co.jp/takarakuji/check/loto/backnumber/detail.html?fromto=1161_1180&type=loto6,2026-08-21T01:52:35.219078+00:00,3a8423ea9e43b40d18a65fb21f4962c3fc9770725e8d5dd6381039632cf3f028
LOTO6,1167,2017-04-20,6,13,20,25,36,42,28,mizuho_bank,https://www.mizuhobank.co.jp/takarakuji/check/loto/backnumber/detail.html?fromto=1161_1180&type=loto6,2026-08-21T01:52:35.219078+00:00,3a8423ea9e43b40d18a65fb21f4962c3fc9770725e8d5dd6381039632cf3f028
LOTO6,1168,2017-04-24,1,3,8,14,35,39,18,mizuho_bank,https://www.mizuhobank.co.jp/takarakuji/check/loto/backnumber/detail.html?fromto=1161_1180&type=loto6,2026-08-21T01:52:35.219078+00:00,3a8423ea9e43b40d18a65fb21f4962c3fc9770725e8d5dd6381039632cf3f028
LOTO6,1169,2017-04-27,19,24,25,36,37,43,10,mizuho_bank,https://www.mizuhobank.co.jp/takarakuji/check/loto/backnumber/detail.html?fromto=1161_1180&type=loto6,2026-08-21T01:52:35.219078+00:00,3a8423ea9e43b40d18a65fb21f4962c3fc9770725e8d5dd6381039632cf3f028
LOTO6,1170,2017-05-01,1,8,13,19,23,28,39,mizuho_bank,https://www.mizuhobank.co.jp/takarakuji/check/loto/backnumber/detail.html?fromto=1161_1180&type=loto6,2026-08-21T01:52:35.219078+00:00,3a8423ea9e43b40d18a65fb21f4962c3fc9770725e8d5dd6381039632cf3f028
LOTO6,1171,2017-05-04,9,10,13,21,34,36,40,mizuho_bank,https://www.mizuhobank.co.jp/takarakuji/check/loto/backnumber/detail.html?fromto=1161_1180&type=loto6,2026-08-21T01:52:35.219078+00:00,3a8423ea9e43b40d18a65fb21f4962c3fc9770725e8d5dd6381039632cf3f028
LOTO6,1172,2017-05-08,3,10,31,32,38,39,15,mizuho_bank,https://www.mizuhobank.co.jp/takarakuji/check/loto/backnumber/detail.html?fromto=1161_1180&type=loto6,2026-08-21T01:52:35.219078+00:00,3a8423ea9e43b40d18a65fb21f4962c3fc9770725e8d5dd6381039632cf3f028
LOTO6,1173,2017-05-11,5,7,11,16,33,38,25,mizuho_bank,https://www.mizuhobank.co.jp/takarakuji/check/loto/backnumber/detail.html?fromto=1161_1180&type=loto6,2026-08-21T01:52:35.219078+00:00,3a8423ea9e43b40d18a65fb21f4962c3fc9770725e8d5dd6381039632cf3f028
LOTO6,1174,2017-05-15,7,8,9,25,29,31,28,mizuho_bank,https://www.mizuhobank.co.jp/takarakuji/check/loto/backnumber/detail.html?fromto=1161_1180&type=loto6,2026-08-21T01:52:35.219078+00:00,3a8423ea9e43b40d18a65fb21f4962c3fc9770725e8d5dd6381039632cf3f028
LOTO6,1175,2017-05-18,2,4,6,21,27,37,10,mizuho_bank,https://www.mizuhobank.co.jp/takarakuji/check/loto/backnumber/detail.html?fromto=1161_1180&type=loto6,2026-08-21T01:52:35.219078+00:00,3a8423ea9e43b40d18a65fb21f4962c3fc9770725e8d5dd6381039632cf3f028
LOTO6,1176,2017-05-22,2,9,18,23,29,32,34,mizuho_bank,https://www.mizuhobank.co.jp/takarakuji/check/loto/backnumber/detail.html?fromto=1161_1180&type=loto6,2026-08-21T01:52:35.219078+00:00,3a8423ea9e43b40d18a65fb21f4962c3fc9770725e8d5dd6381039632cf3f028
LOTO6,1177,2017-05-25,2,5,21,22,23,38,36,mizuho_bank,https://www.mizuhobank.co.jp/takarakuji/check/loto/backnumber/detail.html?fromto=1161_1180&type=loto6,2026-08-21T01:52:35.219078+00:00,3a8423ea9e43b40d18a65fb21f4962c3fc9770725e8d5dd6381039632cf3f028
LOTO6,1178,2017-05-29,16,17,20,22,29,40,31,mizuho_bank,https://www.mizuhobank.co.jp/takarakuji/check/loto/backnumber/detail.html?fromto=1161_1180&type=loto6,2026-08-21T01:52:35.219078+00:00,3a8423ea9e43b40d18a65fb21f4962c3fc9770725e8d5dd6381039632cf3f028
LOTO6,1179,2017-06-01,5,12,27,36,39,40,37,mizuho_bank,https://www.mizuhobank.co.jp/takarakuji/check/loto/backnumber/detail.html?fromto=1161_1180&type=loto6,2026-08-21T01:52:35.219078+00:00,3a8423ea9e43b40d18a65fb21f4962c3fc9770725e8d5dd6381039632cf3f028
LOTO6,1180,2017-06-05,2,4,5,13,18,21,40,mizuho_bank,https://www.mizuhobank.co.jp/takarakuji/check/loto/backnumber/detail.html?fromto=1161_1180&type=loto6,2026-08-21T01:52:35.219078+00:00,3a8423ea9e43b40d18a65fb21f4962c3fc9770725e8d5dd6381039632cf3f028
LOTO6,1181,2017-06-08,15,16,17,29,31,32,12,mizuho_bank,https://www.mizuhobank.co.jp/takarakuji/check/loto/backnumber/detail.html?fromto=1181_1200&type=loto6,2026-08-21T01:52:34.481810+00:00,fb7b38bbd0118f7223cdc5a197926e08acaf340a9fa2ff12689d1b0c4f4d26ee
LOTO6,1182,2017-06-12,5,6,10,13,24,33,40,mizuho_bank,https://www.mizuhobank.co.jp/takarakuji/check/loto/backnumber/detail.html?fromto=1181_1200&type=loto6,2026-08-21T01:52:34.481810+00:00,fb7b38bbd0118f7223cdc5a197926e08acaf340a9fa2ff12689d1b0c4f4d26ee
LOTO6,1183,2017-06-15,2,19,22,25,32,36,39,mizuho_bank,https://www.mizuhobank.co.jp/takarakuji/check/loto/backnumber/detail.html?fromto=1181_1200&type=loto6,2026-08-21T01:52:34.481810+00:00,fb7b38bbd0118f7223cdc5a197926e08acaf340a9fa2ff12689d1b0c4f4d26ee
LOTO6,1184,2017-06-19,2,6,21,30,31,36,41,mizuho_bank,https://www.mizuhobank.co.jp/takarakuji/check/loto/backnumber/detail.html?fromto=1181_1200&type=loto6,2026-08-21T01:52:34.481810+00:00,fb7b38bbd0118f7223cdc5a197926e08acaf340a9fa2ff12689d1b0c4f4d26ee
LOTO6,1185,2017-06-22,6,15,18,26,27,31,38,mizuho_bank,https://www.mizuhobank.co.jp/takarakuji/check/loto/backnumber/detail.html?fromto=1181_1200&type=loto6,2026-08-21T01:52:34.481810+00:00,fb7b38bbd0118f7223cdc5a197926e08acaf340a9fa2ff12689d1b0c4f4d26ee
LOTO6,1186,2017-06-26,8,10,20,25,38,43,39,mizuho_bank,https://www.mizuhobank.co.jp/takarakuji/check/loto/backnumber/detail.html?fromto=1181_1200&type=loto6,2026-08-21T01:52:34.481810+00:00,fb7b38bbd0118f7223cdc5a197926e08acaf340a9fa2ff12689d1b0c4f4d26ee
LOTO6,1187,2017-06-29,3,13,18,20,24,31,37,mizuho_bank,https://www.mizuhobank.co.jp/takarakuji/check/loto/backnumber/detail.html?fromto=1181_1200&type=loto6,2026-08-21T01:52:34.481810+00:00,fb7b38bbd0118f7223cdc5a197926e08acaf340a9fa2ff12689d1b0c4f4d26ee
LOTO6,1188,2017-07-03,3,9,19,20,23,30,14,mizuho_bank,https://www.mizuhobank.co.jp/takarakuji/check/loto/backnumber/detail.html?fromto=1181_1200&type=loto6,2026-08-21T01:52:34.481810+00:00,fb7b38bbd0118f7223cdc5a197926e08acaf340a9fa2ff12689d1b0c4f4d26ee
LOTO6,1189,2017-07-06,8,24,28,30,38,41,32,mizuho_bank,https://www.mizuhobank.co.jp/takarakuji/check/loto/backnumber/detail.html?fromto=1181_1200&type=loto6,2026-08-21T01:52:34.481810+00:00,fb7b38bbd0118f7223cdc5a197926e08acaf340a9fa2ff12689d1b0c4f4d26ee
LOTO6,1190,2017-07-10,1,3,13,29,38,39,8,mizuho_bank,https://www.mizuhobank.co.jp/takarakuji/check/loto/backnumber/detail.html?fromto=1181_1200&type=loto6,2026-08-21T01:52:34.481810+00:00,fb7b38bbd0118f7223cdc5a197926e08acaf340a9fa2ff12689d1b0c4f4d26ee
LOTO6,1191,2017-07-13,3,5,11,20,25,32,30,mizuho_bank,https://www.mizuhobank.co.jp/takarakuji/check/loto/backnumber/detail.html?fromto=1181_1200&type=loto6,2026-08-21T01:52:34.481810+00:00,fb7b38bbd0118f7223cdc5a197926e08acaf340a9fa2ff12689d1b0c4f4d26ee
LOTO6,1192,2017-07-17,15,17,18,22,30,39,28,mizuho_bank,https://www.mizuhobank.co.jp/takarakuji/check/loto/backnumber/detail.html?fromto=1181_1200&type=loto6,2026-08-21T01:52:34.481810+00:00,fb7b38bbd0118f7223cdc5a197926e08acaf340a9fa2ff12689d1b0c4f4d26ee
LOTO6,1193,2017-07-20,1,2,7,8,10,42,28,mizuho_bank,https://www.mizuhobank.co.jp/takarakuji/check/loto/backnumber/detail.html?fromto=1181_1200&type=loto6,2026-08-21T01:52:34.481810+00:00,fb7b38bbd0118f7223cdc5a197926e08acaf340a9fa2ff12689d1b0c4f4d26ee
LOTO6,1194,2017-07-24,12,18,20,23,33,40,1,mizuho_bank,https://www.mizuhobank.co.jp/takarakuji/check/loto/backnumber/detail.html?fromto=1181_1200&type=loto6,2026-08-21T01:52:34.481810+00:00,fb7b38bbd0118f7223cdc5a197926e08acaf340a9fa2ff12689d1b0c4f4d26ee
LOTO6,1195,2017-07-27,1,4,17,22,35,42,7,mizuho_bank,https://www.mizuhobank.co.jp/takarakuji/check/loto/backnumber/detail.html?fromto=1181_1200&type=loto6,2026-08-21T01:52:34.481810+00:00,fb7b38bbd0118f7223cdc5a197926e08acaf340a9fa2ff12689d1b0c4f4d26ee
LOTO6,1196,2017-07-31,6,7,19,31,39,41,14,mizuho_bank,https://www.mizuhobank.co.jp/takarakuji/check/loto/backnumber/detail.html?fromto=1181_1200&type=loto6,2026-08-21T01:52:34.481810+00:00,fb7b38bbd0118f7223cdc5a197926e08acaf340a9fa2ff12689d1b0c4f4d26ee
LOTO6,1197,2017-08-03,3,24,28,36,37,39,27,mizuho_bank,https://www.mizuhobank.co.jp/takarakuji/check/loto/backnumber/detail.html?fromto=1181_1200&type=loto6,2026-08-21T01:52:34.481810+00:00,fb7b38bbd0118f7223cdc5a197926e08acaf340a9fa2ff12689d1b0c4f4d26ee
LOTO6,1198,2017-08-07,1,14,20,26,27,34,33,mizuho_bank,https://www.mizuhobank.co.jp/takarakuji/check/loto/backnumber/detail.html?fromto=1181_1200&type=loto6,2026-08-21T01:52:34.481810+00:00,fb7b38bbd0118f7223cdc5a197926e08acaf340a9fa2ff12689d1b0c4f4d26ee
LOTO6,1199,2017-08-10,9,10,11,20,28,40,17,mizuho_bank,https://www.mizuhobank.co.jp/takarakuji/check/loto/backnumber/detail.html?fromto=1181_1200&type=loto6,2026-08-21T01:52:34.481810+00:00,fb7b38bbd0118f7223cdc5a197926e08acaf340a9fa2ff12689d1b0c4f4d26ee
LOTO6,1200,2017-08-14,2,8,10,12,31,42,21,mizuho_bank,https://www.mizuhobank.co.jp/takarakuji/check/loto/backnumber/detail.html?fromto=1181_1200&type=loto6,2026-08-21T01:52:34.481810+00:00,fb7b38bbd0118f7223cdc5a197926e08acaf340a9fa2ff12689d1b0c4f4d26ee
LOTO6,1201,2017-08-17,1,15,19,22,26,28,33,mizuho_bank,https://www.mizuhobank.co.jp/takarakuji/check/loto/backnumber/detail.html?fromto=1201_1220&type=loto6,2026-08-21T01:52:33.822037+00:00,d44a31ae3706c3fdf435b9cceb9cfc8fcab892fbb2490e18d37ab3682c6c3295
LOTO6,1202,2017-08-21,9,12,15,19,26,39,28,mizuho_bank,https://www.mizuhobank.co.jp/takarakuji/check/loto/backnumber/detail.html?fromto=1201_1220&type=loto6,2026-08-21T01:52:33.822037+00:00,d44a31ae3706c3fdf435b9cceb9cfc8fcab892fbb2490e18d37ab3682c6c3295
LOTO6,1203,2017-08-24,2,4,6,37,39,42,41,mizuho_bank,https://www.mizuhobank.co.jp/takarakuji/check/loto/backnumber/detail.html?fromto=1201_1220&type=loto6,2026-08-21T01:52:33.822037+00:00,d44a31ae3706c3fdf435b9cceb9cfc8fcab892fbb2490e18d37ab3682c6c3295
LOTO6,1204,2017-08-28,10,20,21,24,39,43,17,mizuho_bank,https://www.mizuhobank.co.jp/takarakuji/check/loto/backnumber/detail.html?fromto=1201_1220&type=loto6,2026-08-21T01:52:33.822037+00:00,d44a31ae3706c3fdf435b9cceb9cfc8fcab892fbb2490e18d37ab3682c6c3295
LOTO6,1205,2017-08-31,12,25,26,32,35,42,2,mizuho_bank,https://www.mizuhobank.co.jp/takarakuji/check/loto/backnumber/detail.html?fromto=1201_1220&type=loto6,2026-08-21T01:52:33.822037+00:00,d44a31ae3706c3fdf435b9cceb9cfc8fcab892fbb2490e18d37ab3682c6c3295
LOTO6,1206,2017-09-04,11,19,20,26,32,33,22,mizuho_bank,https://www.mizuhobank.co.jp/takarakuji/check/loto/backnumber/detail.html?fromto=1201_1220&type=loto6,2026-08-21T01:52:33.822037+00:00,d44a31ae3706c3fdf435b9cceb9cfc8fcab892fbb2490e18d37ab3682c6c3295
LOTO6,1207,2017-09-07,6,16,17,20,22,43,34,mizuho_bank,https://www.mizuhobank.co.jp/takarakuji/check/loto/backnumber/detail.html?fromto=1201_1220&type=loto6,2026-08-21T01:52:33.822037+00:00,d44a31ae3706c3fdf435b9cceb9cfc8fcab892fbb2490e18d37ab3682c6c3295
LOTO6,1208,2017-09-11,5,14,20,30,38,41,8,mizuho_bank,https://www.mizuhobank.co.jp/takarakuji/check/loto/backnumber/detail.html?fromto=1201_1220&type=loto6,2026-08-21T01:52:33.822037+00:00,d44a31ae3706c3fdf435b9cceb9cfc8fcab892fbb2490e18d37ab3682c6c3295
LOTO6,1209,2017-09-14,11,12,24,32,38,40,7,mizuho_bank,https://www.mizuhobank.co.jp/takarakuji/check/loto/backnumber/detail.html?fromto=1201_1220&type=loto6,2026-08-21T01:52:33.822037+00:00,d44a31ae3706c3fdf435b9cceb9cfc8fcab892fbb2490e18d37ab3682c6c3295
LOTO6,1210,2017-09-18,5,6,12,16,23,36,9,mizuho_bank,https://www.mizuhobank.co.jp/takarakuji/check/loto/backnumber/detail.html?fromto=1201_1220&type=loto6,2026-08-21T01:52:33.822037+00:00,d44a31ae3706c3fdf435b9cceb9cfc8fcab892fbb2490e18d37ab3682c6c3295
LOTO6,1211,2017-09-21,3,8,24,25,26,28,43,mizuho_bank,https://www.mizuhobank.co.jp/takarakuji/check/loto/backnumber/detail.html?fromto=1201_1220&type=loto6,2026-08-21T01:52:33.822037+00:00,d44a31ae3706c3fdf435b9cceb9cfc8fcab892fbb2490e18d37ab3682c6c3295
LOTO6,1212,2017-09-25,2,16,27,35,40,42,25,mizuho_bank,https://www.mizuhobank.co.jp/takarakuji/check/loto/backnumber/detail.html?fromto=1201_1220&type=loto6,2026-08-21T01:52:33.822037+00:00,d44a31ae3706c3fdf435b9cceb9cfc8fcab892fbb2490e18d37ab3682c6c3295
LOTO6,1213,2017-09-28,3,13,22,26,30,39,1,mizuho_bank,https://www.mizuhobank.co.jp/takarakuji/check/loto/backnumber/detail.html?fromto=1201_1220&type=loto6,2026-08-21T01:52:33.822037+00:00,d44a31ae3706c3fdf435b9cceb9cfc8fcab892fbb2490e18d37ab3682c6c3295
LOTO6,1214,2017-10-02,2,19,23,30,33,36,40,mizuho_bank,https://www.mizuhobank.co.jp/takarakuji/check/loto/backnumber/detail.html?fromto=1201_1220&type=loto6,2026-08-21T01:52:33.822037+00:00,d44a31ae3706c3fdf435b9cceb9cfc8fcab892fbb2490e18d37ab3682c6c3295
LOTO6,1215,2017-10-05,3,6,9,15,21,42,7,mizuho_bank,https://www.mizuhobank.co.jp/takarakuji/check/loto/backnumber/detail.html?fromto=1201_1220&type=loto6,2026-08-21T01:52:33.822037+00:00,d44a31ae3706c3fdf435b9cceb9cfc8fcab892fbb2490e18d37ab3682c6c3295
LOTO6,1216,2017-10-09,8,14,25,39,42,43,37,mizuho_bank,https://www.mizuhobank.co.jp/takarakuji/check/loto/backnumber/detail.html?fromto=1201_1220&type=loto6,2026-08-21T01:52:33.822037+00:00,d44a31ae3706c3fdf435b9cceb9cfc8fcab892fbb2490e18d37ab3682c6c3295
LOTO6,1217,2017-10-12,14,16,17,34,36,41,25,mizuho_bank,https://www.mizuhobank.co.jp/takarakuji/check/loto/backnumber/detail.html?fromto=1201_1220&type=loto6,2026-08-21T01:52:33.822037+00:00,d44a31ae3706c3fdf435b9cceb9cfc8fcab892fbb2490e18d37ab3682c6c3295
LOTO6,1218,2017-10-16,5,8,13,20,28,42,35,mizuho_bank,https://www.mizuhobank.co.jp/takarakuji/check/loto/backnumber/detail.html?fromto=1201_1220&type=loto6,2026-08-21T01:52:33.822037+00:00,d44a31ae3706c3fdf435b9cceb9cfc8fcab892fbb2490e18d37ab3682c6c3295
LOTO6,1219,2017-10-19,14,22,24,36,39,42,32,mizuho_bank,https://www.mizuhobank.co.jp/takarakuji/check/loto/backnumber/detail.html?fromto=1201_1220&type=loto6,2026-08-21T01:52:33.822037+00:00,d44a31ae3706c3fdf435b9cceb9cfc8fcab892fbb2490e18d37ab3682c6c3295
LOTO6,1220,2017-10-23,9,15,21,23,32,42,14,mizuho_bank,https://www.mizuhobank.co.jp/takarakuji/check/loto/backnumber/detail.html?fromto=1201_1220&type=loto6,2026-08-21T01:52:33.822037+00:00,d44a31ae3706c3fdf435b9cceb9cfc8fcab892fbb2490e18d37ab3682c6c3295
LOTO6,1221,2017-10-26,3,10,11,31,33,36,21,mizuho_bank,https://www.mizuhobank.co.jp/takarakuji/check/loto/backnumber/detail.html?fromto=1221_1240&type=loto6,2026-08-21T01:52:33.066170+00:00,855496c44eddeda2efbee703590493b71e7ac1948cd64f295c7f872543ffa96a
LOTO6,1222,2017-10-30,1,5,7,11,29,39,40,mizuho_bank,https://www.mizuhobank.co.jp/takarakuji/check/loto/backnumber/detail.html?fromto=1221_1240&type=loto6,2026-08-21T01:52:33.066170+00:00,855496c44eddeda2efbee703590493b71e7ac1948cd64f295c7f872543ffa96a
LOTO6,1223,2017-11-02,12,22,28,30,36,43,34,mizuho_bank,https://www.mizuhobank.co.jp/takarakuji/check/loto/backnumber/detail.html?fromto=1221_1240&type=loto6,2026-08-21T01:52:33.066170+00:00,855496c44eddeda2efbee703590493b71e7ac1948cd64f295c7f872543ffa96a
LOTO6,1224,2017-11-06,5,18,33,38,41,43,6,mizuho_bank,https://www.mizuhobank.co.jp/takarakuji/check/loto/backnumber/detail.html?fromto=1221_1240&type=loto6,2026-08-21T01:52:33.066170+00:00,855496c44eddeda2efbee703590493b71e7ac1948cd64f295c7f872543ffa96a
LOTO6,1225,2017-11-09,19,22,25,30,33,34,36,mizuho_bank,https://www.mizuhobank.co.jp/takarakuji/check/loto/backnumber/detail.html?fromto=1221_1240&type=loto6,2026-08-21T01:52:33.066170+00:00,855496c44eddeda2efbee703590493b71e7ac1948cd64f295c7f872543ffa96a
LOTO6,1226,2017-11-13,7,8,28,34,37,41,13,mizuho_bank,https://www.mizuhobank.co.jp/takarakuji/check/loto/backnumber/detail.html?fromto=1221_1240&type=loto6,2026-08-21T01:52:33.066170+00:00,855496c44eddeda2efbee703590493b71e7ac1948cd64f295c7f872543ffa96a
LOTO6,1227,2017-11-16,1,8,14,28,40,43,6,mizuho_bank,https://www.mizuhobank.co.jp/takarakuji/check/loto/backnumber/detail.html?fromto=1221_1240&type=loto6,2026-08-21T01:52:33.066170+00:00,855496c44eddeda2efbee703590493b71e7ac1948cd64f295c7f872543ffa96a
LOTO6,1228,2017-11-20,6,18,19,25,28,40,3,mizuho_bank,https://www.mizuhobank.co.jp/takarakuji/check/loto/backnumber/detail.html?fromto=1221_1240&type=loto6,2026-08-21T01:52:33.066170+00:00,855496c44eddeda2efbee703590493b71e7ac1948cd64f295c7f872543ffa96a
LOTO6,1229,2017-11-23,10,28,35,37,39,43,16,mizuho_bank,https://www.mizuhobank.co.jp/takarakuji/check/loto/backnumber/detail.html?fromto=1221_1240&type=loto6,2026-08-21T01:52:33.066170+00:00,855496c44eddeda2efbee703590493b71e7ac1948cd64f295c7f872543ffa96a
LOTO6,1230,2017-11-27,1,2,6,9,17,38,34,mizuho_bank,https://www.mizuhobank.co.jp/takarakuji/check/loto/backnumber/detail.html?fromto=1221_1240&type=loto6,2026-08-21T01:52:33.066170+00:00,855496c44eddeda2efbee703590493b71e7ac1948cd64f295c7f872543ffa96a
LOTO6,1231,2017-11-30,1,14,16,24,32,36,2,mizuho_bank,https://www.mizuhobank.co.jp/takarakuji/check/loto/backnumber/detail.html?fromto=1221_1240&type=loto6,2026-08-21T01:52:33.066170+00:00,855496c44eddeda2efbee703590493b71e7ac1948cd64f295c7f872543ffa96a
LOTO6,1232,2017-12-04,5,10,14,31,35,38,16,mizuho_bank,https://www.mizuhobank.co.jp/takarakuji/check/loto/backnumber/detail.html?fromto=1221_1240&type=loto6,2026-08-21T01:52:33.066170+00:00,855496c44eddeda2efbee703590493b71e7ac1948cd64f295c7f872543ffa96a
LOTO6,1233,2017-12-07,2,7,12,21,29,33,16,mizuho_bank,https://www.mizuhobank.co.jp/takarakuji/check/loto/backnumber/detail.html?fromto=1221_1240&type=loto6,2026-08-21T01:52:33.066170+00:00,855496c44eddeda2efbee703590493b71e7ac1948cd64f295c7f872543ffa96a
LOTO6,1234,2017-12-11,7,11,16,20,30,40,28,mizuho_bank,https://www.mizuhobank.co.jp/takarakuji/check/loto/backnumber/detail.html?fromto=1221_1240&type=loto6,2026-08-21T01:52:33.066170+00:00,855496c44eddeda2efbee703590493b71e7ac1948cd64f295c7f872543ffa96a
LOTO6,1235,2017-12-14,8,17,24,34,36,42,33,mizuho_bank,https://www.mizuhobank.co.jp/takarakuji/check/loto/backnumber/detail.html?fromto=1221_1240&type=loto6,2026-08-21T01:52:33.066170+00:00,855496c44eddeda2efbee703590493b71e7ac1948cd64f295c7f872543ffa96a
LOTO6,1236,2017-12-18,1,3,11,26,38,39,34,mizuho_bank,https://www.mizuhobank.co.jp/takarakuji/check/loto/backnumber/detail.html?fromto=1221_1240&type=loto6,2026-08-21T01:52:33.066170+00:00,855496c44eddeda2efbee703590493b71e7ac1948cd64f295c7f872543ffa96a
LOTO6,1237,2017-12-21,1,4,6,35,38,40,27,mizuho_bank,https://www.mizuhobank.co.jp/takarakuji/check/loto/backnumber/detail.html?fromto=1221_1240&type=loto6,2026-08-21T01:52:33.066170+00:00,855496c44eddeda2efbee703590493b71e7ac1948cd64f295c7f872543ffa96a
LOTO6,1238,2017-12-25,8,14,28,29,33,40,32,mizuho_bank,https://www.mizuhobank.co.jp/takarakuji/check/loto/backnumber/detail.html?fromto=1221_1240&type=loto6,2026-08-21T01:52:33.066170+00:00,855496c44eddeda2efbee703590493b71e7ac1948cd64f295c7f872543ffa96a
LOTO6,1239,2017-12-28,2,19,27,28,30,38,22,mizuho_bank,https://www.mizuhobank.co.jp/takarakuji/check/loto/backnumber/detail.html?fromto=1221_1240&type=loto6,2026-08-21T01:52:33.066170+00:00,855496c44eddeda2efbee703590493b71e7ac1948cd64f295c7f872543ffa96a
LOTO6,1240,2018-01-04,15,18,22,36,37,39,26,mizuho_bank,https://www.mizuhobank.co.jp/takarakuji/check/loto/backnumber/detail.html?fromto=1221_1240&type=loto6,2026-08-21T01:52:33.066170+00:00,855496c44eddeda2efbee703590493b71e7ac1948cd64f295c7f872543ffa96a
LOTO6,1241,2018-01-08,4,7,15,17,23,25,8,mizuho_bank,https://www.mizuhobank.co.jp/takarakuji/check/loto/backnumber/detail.html?fromto=1241_1260&type=loto6,2026-08-21T01:52:32.336688+00:00,4cb42e7354d85b17445b4879a3abc10d368b565a0edd4605df74c21b2902d6d2
LOTO6,1242,2018-01-11,12,22,28,34,37,42,33,mizuho_bank,https://www.mizuhobank.co.jp/takarakuji/check/loto/backnumber/detail.html?fromto=1241_1260&type=loto6,2026-08-21T01:52:32.336688+00:00,4cb42e7354d85b17445b4879a3abc10d368b565a0edd4605df74c21b2902d6d2
LOTO6,1243,2018-01-15,23,24,32,37,41,42,29,mizuho_bank,https://www.mizuhobank.co.jp/takarakuji/check/loto/backnumber/detail.html?fromto=1241_1260&type=loto6,2026-08-21T01:52:32.336688+00:00,4cb42e7354d85b17445b4879a3abc10d368b565a0edd4605df74c21b2902d6d2
LOTO6,1244,2018-01-18,10,15,17,18,20,41,35,mizuho_bank,https://www.mizuhobank.co.jp/takarakuji/check/loto/backnumber/detail.html?fromto=1241_1260&type=loto6,2026-08-21T01:52:32.336688+00:00,4cb42e7354d85b17445b4879a3abc10d368b565a0edd4605df74c21b2902d6d2
LOTO6,1245,2018-01-22,13,15,27,30,31,39,8,mizuho_bank,https://www.mizuhobank.co.jp/takarakuji/check/loto/backnumber/detail.html?fromto=1241_1260&type=loto6,2026-08-21T01:52:32.336688+00:00,4cb42e7354d85b17445b4879a3abc10d368b565a0edd4605df74c21b2902d6d2
LOTO6,1246,2018-01-25,4,10,11,23,36,37,34,mizuho_bank,https://www.mizuhobank.co.jp/takarakuji/check/loto/backnumber/detail.html?fromto=1241_1260&type=loto6,2026-08-21T01:52:32.336688+00:00,4cb42e7354d85b17445b4879a3abc10d368b565a0edd4605df74c21b2902d6d2
LOTO6,1247,2018-01-29,4,7,17,18,26,36,35,mizuho_bank,https://www.mizuhobank.co.jp/takarakuji/check/loto/backnumber/detail.html?fromto=1241_1260&type=loto6,2026-08-21T01:52:32.336688+00:00,4cb42e7354d85b17445b4879a3abc10d368b565a0edd4605df74c21b2902d6d2
LOTO6,1248,2018-02-01,2,6,14,28,34,37,3,mizuho_bank,https://www.mizuhobank.co.jp/takarakuji/check/loto/backnumber/detail.html?fromto=1241_1260&type=loto6,2026-08-21T01:52:32.336688+00:00,4cb42e7354d85b17445b4879a3abc10d368b565a0edd4605df74c21b2902d6d2
LOTO6,1249,2018-02-05,5,8,15,20,25,27,6,mizuho_bank,https://www.mizuhobank.co.jp/takarakuji/check/loto/backnumber/detail.html?fromto=1241_1260&type=loto6,2026-08-21T01:52:32.336688+00:00,4cb42e7354d85b17445b4879a3abc10d368b565a0edd4605df74c21b2902d6d2
LOTO6,1250,2018-02-08,3,10,18,22,23,40,27,mizuho_bank,https://www.mizuhobank.co.jp/takarakuji/check/loto/backnumber/detail.html?fromto=1241_1260&type=loto6,2026-08-21T01:52:32.336688+00:00,4cb42e7354d85b17445b4879a3abc10d368b565a0edd4605df74c21b2902d6d2
LOTO6,1251,2018-02-12,21,28,31,33,34,40,23,mizuho_bank,https://www.mizuhobank.co.jp/takarakuji/check/loto/backnumber/detail.html?fromto=1241_1260&type=loto6,2026-08-21T01:52:32.336688+00:00,4cb42e7354d85b17445b4879a3abc10d368b565a0edd4605df74c21b2902d6d2
LOTO6,1252,2018-02-15,4,15,18,19,22,29,37,mizuho_bank,https://www.mizuhobank.co.jp/takarakuji/check/loto/backnumber/detail.html?fromto=1241_1260&type=loto6,2026-08-21T01:52:32.336688+00:00,4cb42e7354d85b17445b4879a3abc10d368b565a0edd4605df74c21b2902d6d2
LOTO6,1253,2018-02-19,1,12,14,24,33,37,15,mizuho_bank,https://www.mizuhobank.co.jp/takarakuji/check/loto/backnumber/detail.html?fromto=1241_1260&type=loto6,2026-08-21T01:52:32.336688+00:00,4cb42e7354d85b17445b4879a3abc10d368b565a0edd4605df74c21b2902d6d2
LOTO6,1254,2018-02-22,7,8,11,15,36,39,37,mizuho_bank,https://www.mizuhobank.co.jp/takarakuji/check/loto/backnumber/detail.html?fromto=1241_1260&type=loto6,2026-08-21T01:52:32.336688+00:00,4cb42e7354d85b17445b4879a3abc10d368b565a0edd4605df74c21b2902d6d2
LOTO6,1255,2018-02-26,2,14,15,27,40,43,41,mizuho_bank,https://www.mizuhobank.co.jp/takarakuji/check/loto/backnumber/detail.html?fromto=1241_1260&type=loto6,2026-08-21T01:52:32.336688+00:00,4cb42e7354d85b17445b4879a3abc10d368b565a0edd4605df74c21b2902d6d2
LOTO6,1256,2018-03-01,2,5,16,32,35,41,25,mizuho_bank,https://www.mizuhobank.co.jp/takarakuji/check/loto/backnumber/detail.html?fromto=1241_1260&type=loto6,2026-08-21T01:52:32.336688+00:00,4cb42e7354d85b17445b4879a3abc10d368b565a0edd4605df74c21b2902d6d2
LOTO6,1257,2018-03-05,1,11,19,23,32,37,14,mizuho_bank,https://www.mizuhobank.co.jp/takarakuji/check/loto/backnumber/detail.html?fromto=1241_1260&type=loto6,2026-08-21T01:52:32.336688+00:00,4cb42e7354d85b17445b4879a3abc10d368b565a0edd4605df74c21b2902d6d2
LOTO6,1258,2018-03-08,8,14,20,25,31,41,35,mizuho_bank,https://www.mizuhobank.co.jp/takarakuji/check/loto/backnumber/detail.html?fromto=1241_1260&type=loto6,2026-08-21T01:52:32.336688+00:00,4cb42e7354d85b17445b4879a3abc10d368b565a0edd4605df74c21b2902d6d2
LOTO6,1259,2018-03-12,10,16,20,26,33,36,41,mizuho_bank,https://www.mizuhobank.co.jp/takarakuji/check/loto/backnumber/detail.html?fromto=1241_1260&type=loto6,2026-08-21T01:52:32.336688+00:00,4cb42e7354d85b17445b4879a3abc10d368b565a0edd4605df74c21b2902d6d2
LOTO6,1260,2018-03-15,3,8,16,19,25,26,32,mizuho_bank,https://www.mizuhobank.co.jp/takarakuji/check/loto/backnumber/detail.html?fromto=1241_1260&type=loto6,2026-08-21T01:52:32.336688+00:00,4cb42e7354d85b17445b4879a3abc10d368b565a0edd4605df74c21b2902d6d2
LOTO6,1261,2018-03-19,9,20,26,29,30,34,42,mizuho_bank,https://www.mizuhobank.co.jp/takarakuji/check/loto/backnumber/detail.html?fromto=1261_1280&type=loto6,2026-08-21T01:52:31.570262+00:00,99e4d13bd2495d4cb053c9ff578ec33c5a259628ef3e4b04840f6426cf2377cd
LOTO6,1262,2018-03-22,4,11,15,20,24,43,10,mizuho_bank,https://www.mizuhobank.co.jp/takarakuji/check/loto/backnumber/detail.html?fromto=1261_1280&type=loto6,2026-08-21T01:52:31.570262+00:00,99e4d13bd2495d4cb053c9ff578ec33c5a259628ef3e4b04840f6426cf2377cd
LOTO6,1263,2018-03-26,3,8,13,14,31,37,6,mizuho_bank,https://www.mizuhobank.co.jp/takarakuji/check/loto/backnumber/detail.html?fromto=1261_1280&type=loto6,2026-08-21T01:52:31.570262+00:00,99e4d13bd2495d4cb053c9ff578ec33c5a259628ef3e4b04840f6426cf2377cd
LOTO6,1264,2018-03-29,1,6,27,33,35,43,15,mizuho_bank,https://www.mizuhobank.co.jp/takarakuji/check/loto/backnumber/detail.html?fromto=1261_1280&type=loto6,2026-08-21T01:52:31.570262+00:00,99e4d13bd2495d4cb053c9ff578ec33c5a259628ef3e4b04840f6426cf2377cd
LOTO6,1265,2018-04-02,5,20,26,27,28,33,12,mizuho_bank,https://www.mizuhobank.co.jp/takarakuji/check/loto/backnumber/detail.html?fromto=1261_1280&type=loto6,2026-08-21T01:52:31.570262+00:00,99e4d13bd2495d4cb053c9ff578ec33c5a259628ef3e4b04840f6426cf2377cd
LOTO6,1266,2018-04-05,3,12,16,23,25,28,17,mizuho_bank,https://www.mizuhobank.co.jp/takarakuji/check/loto/backnumber/detail.html?fromto=1261_1280&type=loto6,2026-08-21T01:52:31.570262+00:00,99e4d13bd2495d4cb053c9ff578ec33c5a259628ef3e4b04840f6426cf2377cd
LOTO6,1267,2018-04-09,4,18,31,33,34,41,9,mizuho_bank,https://www.mizuhobank.co.jp/takarakuji/check/loto/backnumber/detail.html?fromto=1261_1280&type=loto6,2026-08-21T01:52:31.570262+00:00,99e4d13bd2495d4cb053c9ff578ec33c5a259628ef3e4b04840f6426cf2377cd
LOTO6,1268,2018-04-12,8,11,15,22,35,36,30,mizuho_bank,https://www.mizuhobank.co.jp/takarakuji/check/loto/backnumber/detail.html?fromto=1261_1280&type=loto6,2026-08-21T01:52:31.570262+00:00,99e4d13bd2495d4cb053c9ff578ec33c5a259628ef3e4b04840f6426cf2377cd
LOTO6,1269,2018-04-16,9,10,11,33,39,42,25,mizuho_bank,https://www.mizuhobank.co.jp/takarakuji/check/loto/backnumber/detail.html?fromto=1261_1280&type=loto6,2026-08-21T01:52:31.570262+00:00,99e4d13bd2495d4cb053c9ff578ec33c5a259628ef3e4b04840f6426cf2377cd
LOTO6,1270,2018-04-19,9,10,24,30,35,40,38,mizuho_bank,https://www.mizuhobank.co.jp/takarakuji/check/loto/backnumber/detail.html?fromto=1261_1280&type=loto6,2026-08-21T01:52:31.570262+00:00,99e4d13bd2495d4cb053c9ff578ec33c5a259628ef3e4b04840f6426cf2377cd
LOTO6,1271,2018-04-23,1,11,14,27,39,42,32,mizuho_bank,https://www.mizuhobank.co.jp/takarakuji/check/loto/backnumber/detail.html?fromto=1261_1280&type=loto6,2026-08-21T01:52:31.570262+00:00,99e4d13bd2495d4cb053c9ff578ec33c5a259628ef3e4b04840f6426cf2377cd
LOTO6,1272,2018-04-26,4,9,13,32,37,38,42,mizuho_bank,https://www.mizuhobank.co.jp/takarakuji/check/loto/backnumber/detail.html?fromto=1261_1280&type=loto6,2026-08-21T01:52:31.570262+00:00,99e4d13bd2495d4cb053c9ff578ec33c5a259628ef3e4b04840f6426cf2377cd
LOTO6,1273,2018-04-30,18,20,22,26,34,37,4,mizuho_bank,https://www.mizuhobank.co.jp/takarakuji/check/loto/backnumber/detail.html?fromto=1261_1280&type=loto6,2026-08-21T01:52:31.570262+00:00,99e4d13bd2495d4cb053c9ff578ec33c5a259628ef3e4b04840f6426cf2377cd
LOTO6,1274,2018-05-03,3,15,18,23,31,37,34,mizuho_bank,https://www.mizuhobank.co.jp/takarakuji/check/loto/backnumber/detail.html?fromto=1261_1280&type=loto6,2026-08-21T01:52:31.570262+00:00,99e4d13bd2495d4cb053c9ff578ec33c5a259628ef3e4b04840f6426cf2377cd
LOTO6,1275,2018-05-07,7,19,21,28,40,41,3,mizuho_bank,https://www.mizuhobank.co.jp/takarakuji/check/loto/backnumber/detail.html?fromto=1261_1280&type=loto6,2026-08-21T01:52:31.570262+00:00,99e4d13bd2495d4cb053c9ff578ec33c5a259628ef3e4b04840f6426cf2377cd
LOTO6,1276,2018-05-10,5,6,9,11,16,35,22,mizuho_bank,https://www.mizuhobank.co.jp/takarakuji/check/loto/backnumber/detail.html?fromto=1261_1280&type=loto6,2026-08-21T01:52:31.570262+00:00,99e4d13bd2495d4cb053c9ff578ec33c5a259628ef3e4b04840f6426cf2377cd
LOTO6,1277,2018-05-14,12,16,20,22,31,43,33,mizuho_bank,https://www.mizuhobank.co.jp/takarakuji/check/loto/backnumber/detail.html?fromto=1261_1280&type=loto6,2026-08-21T01:52:31.570262+00:00,99e4d13bd2495d4cb053c9ff578ec33c5a259628ef3e4b04840f6426cf2377cd
LOTO6,1278,2018-05-17,3,4,18,28,34,36,6,mizuho_bank,https://www.mizuhobank.co.jp/takarakuji/check/loto/backnumber/detail.html?fromto=1261_1280&type=loto6,2026-08-21T01:52:31.570262+00:00,99e4d13bd2495d4cb053c9ff578ec33c5a259628ef3e4b04840f6426cf2377cd
LOTO6,1279,2018-05-21,4,10,16,17,20,24,31,mizuho_bank,https://www.mizuhobank.co.jp/takarakuji/check/loto/backnumber/detail.html?fromto=1261_1280&type=loto6,2026-08-21T01:52:31.570262+00:00,99e4d13bd2495d4cb053c9ff578ec33c5a259628ef3e4b04840f6426cf2377cd
LOTO6,1280,2018-05-24,1,9,11,21,29,36,7,mizuho_bank,https://www.mizuhobank.co.jp/takarakuji/check/loto/backnumber/detail.html?fromto=1261_1280&type=loto6,2026-08-21T01:52:31.570262+00:00,99e4d13bd2495d4cb053c9ff578ec33c5a259628ef3e4b04840f6426cf2377cd
LOTO6,1281,2018-05-28,3,7,9,15,29,40,17,mizuho_bank,https://www.mizuhobank.co.jp/takarakuji/check/loto/backnumber/detail.html?fromto=1281_1300&type=loto6,2026-08-21T01:52:30.717097+00:00,4c72d0052ce2c9a9bb87834f65f1eaeaf9c9c943ec616f891cdd265dc376ae64
LOTO6,1282,2018-05-31,1,4,10,11,24,28,29,mizuho_bank,https://www.mizuhobank.co.jp/takarakuji/check/loto/backnumber/detail.html?fromto=1281_1300&type=loto6,2026-08-21T01:52:30.717097+00:00,4c72d0052ce2c9a9bb87834f65f1eaeaf9c9c943ec616f891cdd265dc376ae64
LOTO6,1283,2018-06-04,1,26,27,30,37,38,4,mizuho_bank,https://www.mizuhobank.co.jp/takarakuji/check/loto/backnumber/detail.html?fromto=1281_1300&type=loto6,2026-08-21T01:52:30.717097+00:00,4c72d0052ce2c9a9bb87834f65f1eaeaf9c9c943ec616f891cdd265dc376ae64
LOTO6,1284,2018-06-07,4,14,17,21,24,39,7,mizuho_bank,https://www.mizuhobank.co.jp/takarakuji/check/loto/backnumber/detail.html?fromto=1281_1300&type=loto6,2026-08-21T01:52:30.717097+00:00,4c72d0052ce2c9a9bb87834f65f1eaeaf9c9c943ec616f891cdd265dc376ae64
LOTO6,1285,2018-06-11,7,8,13,36,38,42,6,mizuho_bank,https://www.mizuhobank.co.jp/takarakuji/check/loto/backnumber/detail.html?fromto=1281_1300&type=loto6,2026-08-21T01:52:30.717097+00:00,4c72d0052ce2c9a9bb87834f65f1eaeaf9c9c943ec616f891cdd265dc376ae64
LOTO6,1286,2018-06-14,11,32,37,39,41,42,43,mizuho_bank,https://www.mizuhobank.co.jp/takarakuji/check/loto/backnumber/detail.html?fromto=1281_1300&type=loto6,2026-08-21T01:52:30.717097+00:00,4c72d0052ce2c9a9bb87834f65f1eaeaf9c9c943ec616f891cdd265dc376ae64
LOTO6,1287,2018-06-18,9,21,23,34,37,38,40,mizuho_bank,https://www.mizuhobank.co.jp/takarakuji/check/loto/backnumber/detail.html?fromto=1281_1300&type=loto6,2026-08-21T01:52:30.717097+00:00,4c72d0052ce2c9a9bb87834f65f1eaeaf9c9c943ec616f891cdd265dc376ae64
LOTO6,1288,2018-06-21,8,9,19,24,35,43,11,mizuho_bank,https://www.mizuhobank.co.jp/takarakuji/check/loto/backnumber/detail.html?fromto=1281_1300&type=loto6,2026-08-21T01:52:30.717097+00:00,4c72d0052ce2c9a9bb87834f65f1eaeaf9c9c943ec616f891cdd265dc376ae64
LOTO6,1289,2018-06-25,6,9,16,24,29,37,3,mizuho_bank,https://www.mizuhobank.co.jp/takarakuji/check/loto/backnumber/detail.html?fromto=1281_1300&type=loto6,2026-08-21T01:52:30.717097+00:00,4c72d0052ce2c9a9bb87834f65f1eaeaf9c9c943ec616f891cdd265dc376ae64
LOTO6,1290,2018-06-28,18,24,27,32,35,41,10,mizuho_bank,https://www.mizuhobank.co.jp/takarakuji/check/loto/backnumber/detail.html?fromto=1281_1300&type=loto6,2026-08-21T01:52:30.717097+00:00,4c72d0052ce2c9a9bb87834f65f1eaeaf9c9c943ec616f891cdd265dc376ae64
LOTO6,1291,2018-07-02,2,6,8,12,13,17,1,mizuho_bank,https://www.mizuhobank.co.jp/takarakuji/check/loto/backnumber/detail.html?fromto=1281_1300&type=loto6,2026-08-21T01:52:30.717097+00:00,4c72d0052ce2c9a9bb87834f65f1eaeaf9c9c943ec616f891cdd265dc376ae64
LOTO6,1292,2018-07-05,1,18,29,30,31,37,35,mizuho_bank,https://www.mizuhobank.co.jp/takarakuji/check/loto/backnumber/detail.html?fromto=1281_1300&type=loto6,2026-08-21T01:52:30.717097+00:00,4c72d0052ce2c9a9bb87834f65f1eaeaf9c9c943ec616f891cdd265dc376ae64
LOTO6,1293,2018-07-09,2,5,15,27,30,35,11,mizuho_bank,https://www.mizuhobank.co.jp/takarakuji/check/loto/backnumber/detail.html?fromto=1281_1300&type=loto6,2026-08-21T01:52:30.717097+00:00,4c72d0052ce2c9a9bb87834f65f1eaeaf9c9c943ec616f891cdd265dc376ae64
LOTO6,1294,2018-07-12,7,14,18,26,28,39,2,mizuho_bank,https://www.mizuhobank.co.jp/takarakuji/check/loto/backnumber/detail.html?fromto=1281_1300&type=loto6,2026-08-21T01:52:30.717097+00:00,4c72d0052ce2c9a9bb87834f65f1eaeaf9c9c943ec616f891cdd265dc376ae64
LOTO6,1295,2018-07-16,14,23,31,37,39,43,32,mizuho_bank,https://www.mizuhobank.co.jp/takarakuji/check/loto/backnumber/detail.html?fromto=1281_1300&type=loto6,2026-08-21T01:52:30.717097+00:00,4c72d0052ce2c9a9bb87834f65f1eaeaf9c9c943ec616f891cdd265dc376ae64
LOTO6,1296,2018-07-19,5,11,15,16,23,32,4,mizuho_bank,https://www.mizuhobank.co.jp/takarakuji/check/loto/backnumber/detail.html?fromto=1281_1300&type=loto6,2026-08-21T01:52:30.717097+00:00,4c72d0052ce2c9a9bb87834f65f1eaeaf9c9c943ec616f891cdd265dc376ae64
LOTO6,1297,2018-07-23,1,2,7,29,34,42,41,mizuho_bank,https://www.mizuhobank.co.jp/takarakuji/check/loto/backnumber/detail.html?fromto=1281_1300&type=loto6,2026-08-21T01:52:30.717097+00:00,4c72d0052ce2c9a9bb87834f65f1eaeaf9c9c943ec616f891cdd265dc376ae64
LOTO6,1298,2018-07-26,4,6,15,22,30,42,7,mizuho_bank,https://www.mizuhobank.co.jp/takarakuji/check/loto/backnumber/detail.html?fromto=1281_1300&type=loto6,2026-08-21T01:52:30.717097+00:00,4c72d0052ce2c9a9bb87834f65f1eaeaf9c9c943ec616f891cdd265dc376ae64
LOTO6,1299,2018-07-30,3,12,24,28,38,39,10,mizuho_bank,https://www.mizuhobank.co.jp/takarakuji/check/loto/backnumber/detail.html?fromto=1281_1300&type=loto6,2026-08-21T01:52:30.717097+00:00,4c72d0052ce2c9a9bb87834f65f1eaeaf9c9c943ec616f891cdd265dc376ae64
LOTO6,1300,2018-08-02,3,18,25,26,32,33,27,mizuho_bank,https://www.mizuhobank.co.jp/takarakuji/check/loto/backnumber/detail.html?fromto=1281_1300&type=loto6,2026-08-21T01:52:30.717097+00:00,4c72d0052ce2c9a9bb87834f65f1eaeaf9c9c943ec616f891cdd265dc376ae64
LOTO6,1301,2018-08-06,6,7,9,16,30,41,22,mizuho_bank,https://www.mizuhobank.co.jp/takarakuji/check/loto/backnumber/detail.html?fromto=1301_1320&type=loto6,2026-08-21T01:52:29.983698+00:00,8eeef43cfb57f427495761a1b93df74e3c7588b0977a803c949e08327bf4ca1b
LOTO6,1302,2018-08-09,4,7,25,30,34,43,38,mizuho_bank,https://www.mizuhobank.co.jp/takarakuji/check/loto/backnumber/detail.html?fromto=1301_1320&type=loto6,2026-08-21T01:52:29.983698+00:00,8eeef43cfb57f427495761a1b93df74e3c7588b0977a803c949e08327bf4ca1b
LOTO6,1303,2018-08-13,7,10,24,33,35,42,43,mizuho_bank,https://www.mizuhobank.co.jp/takarakuji/check/loto/backnumber/detail.html?fromto=1301_1320&type=loto6,2026-08-21T01:52:29.983698+00:00,8eeef43cfb57f427495761a1b93df74e3c7588b0977a803c949e08327bf4ca1b
LOTO6,1304,2018-08-16,6,25,30,38,40,42,17,mizuho_bank,https://www.mizuhobank.co.jp/takarakuji/check/loto/backnumber/detail.html?fromto=1301_1320&type=loto6,2026-08-21T01:52:29.983698+00:00,8eeef43cfb57f427495761a1b93df74e3c7588b0977a803c949e08327bf4ca1b
LOTO6,1305,2018-08-20,4,6,19,36,38,40,28,mizuho_bank,https://www.mizuhobank.co.jp/takarakuji/check/loto/backnumber/detail.html?fromto=1301_1320&type=loto6,2026-08-21T01:52:29.983698+00:00,8eeef43cfb57f427495761a1b93df74e3c7588b0977a803c949e08327bf4ca1b
LOTO6,1306,2018-08-23,7,11,23,36,38,41,37,mizuho_bank,https://www.mizuhobank.co.jp/takarakuji/check/loto/backnumber/detail.html?fromto=1301_1320&type=loto6,2026-08-21T01:52:29.983698+00:00,8eeef43cfb57f427495761a1b93df74e3c7588b0977a803c949e08327bf4ca1b
LOTO6,1307,2018-08-27,6,25,27,28,30,43,14,mizuho_bank,https://www.mizuhobank.co.jp/takarakuji/check/loto/backnumber/detail.html?fromto=1301_1320&type=loto6,2026-08-21T01:52:29.983698+00:00,8eeef43cfb57f427495761a1b93df74e3c7588b0977a803c949e08327bf4ca1b
LOTO6,1308,2018-08-30,6,9,10,15,34,39,3,mizuho_bank,https://www.mizuhobank.co.jp/takarakuji/check/loto/backnumber/detail.html?fromto=1301_1320&type=loto6,2026-08-21T01:52:29.983698+00:00,8eeef43cfb57f427495761a1b93df74e3c7588b0977a803c949e08327bf4ca1b
LOTO6,1309,2018-09-03,24,32,34,36,41,43,23,mizuho_bank,https://www.mizuhobank.co.jp/takarakuji/check/loto/backnumber/detail.html?fromto=1301_1320&type=loto6,2026-08-21T01:52:29.983698+00:00,8eeef43cfb57f427495761a1b93df74e3c7588b0977a803c949e08327bf4ca1b
LOTO6,1310,2018-09-06,9,24,25,27,34,36,14,mizuho_bank,https://www.mizuhobank.co.jp/takarakuji/check/loto/backnumber/detail.html?fromto=1301_1320&type=loto6,2026-08-21T01:52:29.983698+00:00,8eeef43cfb57f427495761a1b93df74e3c7588b0977a803c949e08327bf4ca1b
LOTO6,1311,2018-09-10,12,23,26,29,36,37,15,mizuho_bank,https://www.mizuhobank.co.jp/takarakuji/check/loto/backnumber/detail.html?fromto=1301_1320&type=loto6,2026-08-21T01:52:29.983698+00:00,8eeef43cfb57f427495761a1b93df74e3c7588b0977a803c949e08327bf4ca1b
LOTO6,1312,2018-09-13,13,24,25,26,32,39,6,mizuho_bank,https://www.mizuhobank.co.jp/takarakuji/check/loto/backnumber/detail.html?fromto=1301_1320&type=loto6,2026-08-21T01:52:29.983698+00:00,8eeef43cfb57f427495761a1b93df74e3c7588b0977a803c949e08327bf4ca1b
LOTO6,1313,2018-09-17,5,12,21,31,36,43,27,mizuho_bank,https://www.mizuhobank.co.jp/takarakuji/check/loto/backnumber/detail.html?fromto=1301_1320&type=loto6,2026-08-21T01:52:29.983698+00:00,8eeef43cfb57f427495761a1b93df74e3c7588b0977a803c949e08327bf4ca1b
LOTO6,1314,2018-09-20,3,10,20,21,27,33,39,mizuho_bank,https://www.mizuhobank.co.jp/takarakuji/check/loto/backnumber/detail.html?fromto=1301_1320&type=loto6,2026-08-21T01:52:29.983698+00:00,8eeef43cfb57f427495761a1b93df74e3c7588b0977a803c949e08327bf4ca1b
LOTO6,1315,2018-09-24,3,8,23,30,32,40,31,mizuho_bank,https://www.mizuhobank.co.jp/takarakuji/check/loto/backnumber/detail.html?fromto=1301_1320&type=loto6,2026-08-21T01:52:29.983698+00:00,8eeef43cfb57f427495761a1b93df74e3c7588b0977a803c949e08327bf4ca1b
LOTO6,1316,2018-09-27,6,16,26,35,36,39,14,mizuho_bank,https://www.mizuhobank.co.jp/takarakuji/check/loto/backnumber/detail.html?fromto=1301_1320&type=loto6,2026-08-21T01:52:29.983698+00:00,8eeef43cfb57f427495761a1b93df74e3c7588b0977a803c949e08327bf4ca1b
LOTO6,1317,2018-10-01,6,10,13,19,32,43,22,mizuho_bank,https://www.mizuhobank.co.jp/takarakuji/check/loto/backnumber/detail.html?fromto=1301_1320&type=loto6,2026-08-21T01:52:29.983698+00:00,8eeef43cfb57f427495761a1b93df74e3c7588b0977a803c949e08327bf4ca1b
LOTO6,1318,2018-10-04,2,3,7,14,19,41,34,mizuho_bank,https://www.mizuhobank.co.jp/takarakuji/check/loto/backnumber/detail.html?fromto=1301_1320&type=loto6,2026-08-21T01:52:29.983698+00:00,8eeef43cfb57f427495761a1b93df74e3c7588b0977a803c949e08327bf4ca1b
LOTO6,1319,2018-10-08,9,10,19,21,28,30,43,mizuho_bank,https://www.mizuhobank.co.jp/takarakuji/check/loto/backnumber/detail.html?fromto=1301_1320&type=loto6,2026-08-21T01:52:29.983698+00:00,8eeef43cfb57f427495761a1b93df74e3c7588b0977a803c949e08327bf4ca1b
LOTO6,1320,2018-10-11,4,6,12,16,17,34,28,mizuho_bank,https://www.mizuhobank.co.jp/takarakuji/check/loto/backnumber/detail.html?fromto=1301_1320&type=loto6,2026-08-21T01:52:29.983698+00:00,8eeef43cfb57f427495761a1b93df74e3c7588b0977a803c949e08327bf4ca1b
LOTO6,1321,2018-10-15,10,24,31,40,41,43,33,mizuho_bank,https://www.mizuhobank.co.jp/takarakuji/check/loto/backnumber/detail.html?fromto=1321_1340&type=loto6,2026-08-21T01:52:29.105398+00:00,c7a6e358a4fd28d97d8f26ebcc4e8168186232eec507e668d93d78f8b9235d2f
LOTO6,1322,2018-10-18,2,3,13,28,32,37,7,mizuho_bank,https://www.mizuhobank.co.jp/takarakuji/check/loto/backnumber/detail.html?fromto=1321_1340&type=loto6,2026-08-21T01:52:29.105398+00:00,c7a6e358a4fd28d97d8f26ebcc4e8168186232eec507e668d93d78f8b9235d2f
LOTO6,1323,2018-10-22,5,6,10,24,29,40,26,mizuho_bank,https://www.mizuhobank.co.jp/takarakuji/check/loto/backnumber/detail.html?fromto=1321_1340&type=loto6,2026-08-21T01:52:29.105398+00:00,c7a6e358a4fd28d97d8f26ebcc4e8168186232eec507e668d93d78f8b9235d2f
LOTO6,1324,2018-10-25,1,7,8,17,25,42,11,mizuho_bank,https://www.mizuhobank.co.jp/takarakuji/check/loto/backnumber/detail.html?fromto=1321_1340&type=loto6,2026-08-21T01:52:29.105398+00:00,c7a6e358a4fd28d97d8f26ebcc4e8168186232eec507e668d93d78f8b9235d2f
LOTO6,1325,2018-10-29,8,18,23,26,33,38,34,mizuho_bank,https://www.mizuhobank.co.jp/takarakuji/check/loto/backnumber/detail.html?fromto=1321_1340&type=loto6,2026-08-21T01:52:29.105398+00:00,c7a6e358a4fd28d97d8f26ebcc4e8168186232eec507e668d93d78f8b9235d2f
LOTO6,1326,2018-11-01,2,3,9,12,30,41,21,mizuho_bank,https://www.mizuhobank.co.jp/takarakuji/check/loto/backnumber/detail.html?fromto=1321_1340&type=loto6,2026-08-21T01:52:29.105398+00:00,c7a6e358a4fd28d97d8f26ebcc4e8168186232eec507e668d93d78f8b9235d2f
LOTO6,1327,2018-11-05,2,3,13,22,23,30,27,mizuho_bank,https://www.mizuhobank.co.jp/takarakuji/check/loto/backnumber/detail.html?fromto=1321_1340&type=loto6,2026-08-21T01:52:29.105398+00:00,c7a6e358a4fd28d97d8f26ebcc4e8168186232eec507e668d93d78f8b9235d2f
LOTO6,1328,2018-11-08,7,9,23,32,37,40,41,mizuho_bank,https://www.mizuhobank.co.jp/takarakuji/check/loto/backnumber/detail.html?fromto=1321_1340&type=loto6,2026-08-21T01:52:29.105398+00:00,c7a6e358a4fd28d97d8f26ebcc4e8168186232eec507e668d93d78f8b9235d2f
LOTO6,1329,2018-11-12,11,15,18,22,37,42,31,mizuho_bank,https://www.mizuhobank.co.jp/takarakuji/check/loto/backnumber/detail.html?fromto=1321_1340&type=loto6,2026-08-21T01:52:29.105398+00:00,c7a6e358a4fd28d97d8f26ebcc4e8168186232eec507e668d93d78f8b9235d2f
LOTO6,1330,2018-11-15,2,19,24,32,36,43,30,mizuho_bank,https://www.mizuhobank.co.jp/takarakuji/check/loto/backnumber/detail.html?fromto=1321_1340&type=loto6,2026-08-21T01:52:29.105398+00:00,c7a6e358a4fd28d97d8f26ebcc4e8168186232eec507e668d93d78f8b9235d2f
LOTO6,1331,2018-11-19,2,14,30,31,38,39,26,mizuho_bank,https://www.mizuhobank.co.jp/takarakuji/check/loto/backnumber/detail.html?fromto=1321_1340&type=loto6,2026-08-21T01:52:29.105398+00:00,c7a6e358a4fd28d97d8f26ebcc4e8168186232eec507e668d93d78f8b9235d2f
LOTO6,1332,2018-11-22,5,15,18,22,33,40,6,mizuho_bank,https://www.mizuhobank.co.jp/takarakuji/check/loto/backnumber/detail.html?fromto=1321_1340&type=loto6,2026-08-21T01:52:29.105398+00:00,c7a6e358a4fd28d97d8f26ebcc4e8168186232eec507e668d93d78f8b9235d2f
LOTO6,1333,2018-11-26,2,9,15,22,26,35,5,mizuho_bank,https://www.mizuhobank.co.jp/takarakuji/check/loto/backnumber/detail.html?fromto=1321_1340&type=loto6,2026-08-21T01:52:29.105398+00:00,c7a6e358a4fd28d97d8f26ebcc4e8168186232eec507e668d93d78f8b9235d2f
LOTO6,1334,2018-11-29,1,2,7,14,29,43,40,mizuho_bank,https://www.mizuhobank.co.jp/takarakuji/check/loto/backnumber/detail.html?fromto=1321_1340&type=loto6,2026-08-21T01:52:29.105398+00:00,c7a6e358a4fd28d97d8f26ebcc4e8168186232eec507e668d93d78f8b9235d2f
LOTO6,1335,2018-12-03,10,16,19,34,35,39,4,mizuho_bank,https://www.mizuhobank.co.jp/takarakuji/check/loto/backnumber/detail.html?fromto=1321_1340&type=loto6,2026-08-21T01:52:29.105398+00:00,c7a6e358a4fd28d97d8f26ebcc4e8168186232eec507e668d93d78f8b9235d2f
LOTO6,1336,2018-12-06,4,5,11,19,31,34,43,mizuho_bank,https://www.mizuhobank.co.jp/takarakuji/check/loto/backnumber/detail.html?fromto=1321_1340&type=loto6,2026-08-21T01:52:29.105398+00:00,c7a6e358a4fd28d97d8f26ebcc4e8168186232eec507e668d93d78f8b9235d2f
LOTO6,1337,2018-12-10,3,6,21,28,29,34,15,mizuho_bank,https://www.mizuhobank.co.jp/takarakuji/check/loto/backnumber/detail.html?fromto=1321_1340&type=loto6,2026-08-21T01:52:29.105398+00:00,c7a6e358a4fd28d97d8f26ebcc4e8168186232eec507e668d93d78f8b9235d2f
LOTO6,1338,2018-12-13,2,6,23,25,30,31,35,mizuho_bank,https://www.mizuhobank.co.jp/takarakuji/check/loto/backnumber/detail.html?fromto=1321_1340&type=loto6,2026-08-21T01:52:29.105398+00:00,c7a6e358a4fd28d97d8f26ebcc4e8168186232eec507e668d93d78f8b9235d2f
LOTO6,1339,2018-12-17,1,10,15,33,34,42,39,mizuho_bank,https://www.mizuhobank.co.jp/takarakuji/check/loto/backnumber/detail.html?fromto=1321_1340&type=loto6,2026-08-21T01:52:29.105398+00:00,c7a6e358a4fd28d97d8f26ebcc4e8168186232eec507e668d93d78f8b9235d2f
LOTO6,1340,2018-12-20,6,15,18,20,26,29,9,mizuho_bank,https://www.mizuhobank.co.jp/takarakuji/check/loto/backnumber/detail.html?fromto=1321_1340&type=loto6,2026-08-21T01:52:29.105398+00:00,c7a6e358a4fd28d97d8f26ebcc4e8168186232eec507e668d93d78f8b9235d2f
LOTO6,1341,2018-12-24,9,12,15,16,26,39,34,mizuho_bank,https://www.mizuhobank.co.jp/takarakuji/check/loto/backnumber/detail.html?fromto=1341_1360&type=loto6,2026-08-21T01:52:28.387013+00:00,aa7f7bc33da819b6e4e2ed1ceaa3ac7c8f48de5ded142bf28864ebd8644d43f0
LOTO6,1342,2018-12-27,1,4,9,16,23,31,42,mizuho_bank,https://www.mizuhobank.co.jp/takarakuji/check/loto/backnumber/detail.html?fromto=1341_1360&type=loto6,2026-08-21T01:52:28.387013+00:00,aa7f7bc33da819b6e4e2ed1ceaa3ac7c8f48de5ded142bf28864ebd8644d43f0
LOTO6,1343,2019-01-07,2,8,10,12,19,23,16,mizuho_bank,https://www.mizuhobank.co.jp/takarakuji/check/loto/backnumber/detail.html?fromto=1341_1360&type=loto6,2026-08-21T01:52:28.387013+00:00,aa7f7bc33da819b6e4e2ed1ceaa3ac7c8f48de5ded142bf28864ebd8644d43f0
LOTO6,1344,2019-01-10,8,16,20,28,37,43,29,mizuho_bank,https://www.mizuhobank.co.jp/takarakuji/check/loto/backnumber/detail.html?fromto=1341_1360&type=loto6,2026-08-21T01:52:28.387013+00:00,aa7f7bc33da819b6e4e2ed1ceaa3ac7c8f48de5ded142bf28864ebd8644d43f0
LOTO6,1345,2019-01-14,1,15,26,27,29,33,18,mizuho_bank,https://www.mizuhobank.co.jp/takarakuji/check/loto/backnumber/detail.html?fromto=1341_1360&type=loto6,2026-08-21T01:52:28.387013+00:00,aa7f7bc33da819b6e4e2ed1ceaa3ac7c8f48de5ded142bf28864ebd8644d43f0
LOTO6,1346,2019-01-17,5,10,22,27,38,42,36,mizuho_bank,https://www.mizuhobank.co.jp/takarakuji/check/loto/backnumber/detail.html?fromto=1341_1360&type=loto6,2026-08-21T01:52:28.387013+00:00,aa7f7bc33da819b6e4e2ed1ceaa3ac7c8f48de5ded142bf28864ebd8644d43f0
LOTO6,1347,2019-01-21,8,10,11,18,36,43,7,mizuho_bank,https://www.mizuhobank.co.jp/takarakuji/check/loto/backnumber/detail.html?fromto=1341_1360&type=loto6,2026-08-21T01:52:28.387013+00:00,aa7f7bc33da819b6e4e2ed1ceaa3ac7c8f48de5ded142bf28864ebd8644d43f0
LOTO6,1348,2019-01-24,1,2,14,19,21,33,43,mizuho_bank,https://www.mizuhobank.co.jp/takarakuji/check/loto/backnumber/detail.html?fromto=1341_1360&type=loto6,2026-08-21T01:52:28.387013+00:00,aa7f7bc33da819b6e4e2ed1ceaa3ac7c8f48de5ded142bf28864ebd8644d43f0
LOTO6,1349,2019-01-28,2,16,19,32,34,42,33,mizuho_bank,https://www.mizuhobank.co.jp/takarakuji/check/loto/backnumber/detail.html?fromto=1341_1360&type=loto6,2026-08-21T01:52:28.387013+00:00,aa7f7bc33da819b6e4e2ed1ceaa3ac7c8f48de5ded142bf28864ebd8644d43f0
LOTO6,1350,2019-01-31,7,8,9,10,20,38,16,mizuho_bank,https://www.mizuhobank.co.jp/takarakuji/check/loto/backnumber/detail.html?fromto=1341_1360&type=loto6,2026-08-21T01:52:28.387013+00:00,aa7f7bc33da819b6e4e2ed1ceaa3ac7c8f48de5ded142bf28864ebd8644d43f0
LOTO6,1351,2019-02-04,8,14,18,22,28,29,5,mizuho_bank,https://www.mizuhobank.co.jp/takarakuji/check/loto/backnumber/detail.html?fromto=1341_1360&type=loto6,2026-08-21T01:52:28.387013+00:00,aa7f7bc33da819b6e4e2ed1ceaa3ac7c8f48de5ded142bf28864ebd8644d43f0
LOTO6,1352,2019-02-07,5,6,9,15,19,36,22,mizuho_bank,https://www.mizuhobank.co.jp/takarakuji/check/loto/backnumber/detail.html?fromto=1341_1360&type=loto6,2026-08-21T01:52:28.387013+00:00,aa7f7bc33da819b6e4e2ed1ceaa3ac7c8f48de5ded142bf28864ebd8644d43f0
LOTO6,1353,2019-02-11,2,11,12,19,21,24,36,mizuho_bank,https://www.mizuhobank.co.jp/takarakuji/check/loto/backnumber/detail.html?fromto=1341_1360&type=loto6,2026-08-21T01:52:28.387013+00:00,aa7f7bc33da819b6e4e2ed1ceaa3ac7c8f48de5ded142bf28864ebd8644d43f0
LOTO6,1354,2019-02-14,4,25,27,28,32,41,26,mizuho_bank,https://www.mizuhobank.co.jp/takarakuji/check/loto/backnumber/detail.html?fromto=1341_1360&type=loto6,2026-08-21T01:52:28.387013+00:00,aa7f7bc33da819b6e4e2ed1ceaa3ac7c8f48de5ded142bf28864ebd8644d43f0
LOTO6,1355,2019-02-18,5,15,27,29,34,37,12,mizuho_bank,https://www.mizuhobank.co.jp/takarakuji/check/loto/backnumber/detail.html?fromto=1341_1360&type=loto6,2026-08-21T01:52:28.387013+00:00,aa7f7bc33da819b6e4e2ed1ceaa3ac7c8f48de5ded142bf28864ebd8644d43f0
LOTO6,1356,2019-02-21,4,6,10,16,24,43,12,mizuho_bank,https://www.mizuhobank.co.jp/takarakuji/check/loto/backnumber/detail.html?fromto=1341_1360&type=loto6,2026-08-21T01:52:28.387013+00:00,aa7f7bc33da819b6e4e2ed1ceaa3ac7c8f48de5ded142bf28864ebd8644d43f0
LOTO6,1357,2019-02-25,2,3,8,15,19,28,21,mizuho_bank,https://www.mizuhobank.co.jp/takarakuji/check/loto/backnumber/detail.html?fromto=1341_1360&type=loto6,2026-08-21T01:52:28.387013+00:00,aa7f7bc33da819b6e4e2ed1ceaa3ac7c8f48de5ded142bf28864ebd8644d43f0
LOTO6,1358,2019-02-28,9,15,23,27,29,40,28,mizuho_bank,https://www.mizuhobank.co.jp/takarakuji/check/loto/backnumber/detail.html?fromto=1341_1360&type=loto6,2026-08-21T01:52:28.387013+00:00,aa7f7bc33da819b6e4e2ed1ceaa3ac7c8f48de5ded142bf28864ebd8644d43f0
LOTO6,1359,2019-03-04,6,8,14,18,25,41,9,mizuho_bank,https://www.mizuhobank.co.jp/takarakuji/check/loto/backnumber/detail.html?fromto=1341_1360&type=loto6,2026-08-21T01:52:28.387013+00:00,aa7f7bc33da819b6e4e2ed1ceaa3ac7c8f48de5ded142bf28864ebd8644d43f0
LOTO6,1360,2019-03-07,4,9,10,16,17,42,23,mizuho_bank,https://www.mizuhobank.co.jp/takarakuji/check/loto/backnumber/detail.html?fromto=1341_1360&type=loto6,2026-08-21T01:52:28.387013+00:00,aa7f7bc33da819b6e4e2ed1ceaa3ac7c8f48de5ded142bf28864ebd8644d43f0
LOTO6,1361,2019-03-11,3,4,12,18,28,38,32,mizuho_bank,https://www.mizuhobank.co.jp/takarakuji/check/loto/backnumber/detail.html?fromto=1361_1380&type=loto6,2026-08-21T01:52:27.726300+00:00,75791f0e66eea287da82a18a614a15203b4e7beaad3403f6c8f7e8b08adb780c
LOTO6,1362,2019-03-14,8,16,19,28,36,39,1,mizuho_bank,https://www.mizuhobank.co.jp/takarakuji/check/loto/backnumber/detail.html?fromto=1361_1380&type=loto6,2026-08-21T01:52:27.726300+00:00,75791f0e66eea287da82a18a614a15203b4e7beaad3403f6c8f7e8b08adb780c
LOTO6,1363,2019-03-18,2,5,23,36,37,41,43,mizuho_bank,https://www.mizuhobank.co.jp/takarakuji/check/loto/backnumber/detail.html?fromto=1361_1380&type=loto6,2026-08-21T01:52:27.726300+00:00,75791f0e66eea287da82a18a614a15203b4e7beaad3403f6c8f7e8b08adb780c
LOTO6,1364,2019-03-21,5,13,14,16,25,27,3,mizuho_bank,https://www.mizuhobank.co.jp/takarakuji/check/loto/backnumber/detail.html?fromto=1361_1380&type=loto6,2026-08-21T01:52:27.726300+00:00,75791f0e66eea287da82a18a614a15203b4e7beaad3403f6c8f7e8b08adb780c
LOTO6,1365,2019-03-25,4,7,14,20,31,41,32,mizuho_bank,https://www.mizuhobank.co.jp/takarakuji/check/loto/backnumber/detail.html?fromto=1361_1380&type=loto6,2026-08-21T01:52:27.726300+00:00,75791f0e66eea287da82a18a614a15203b4e7beaad3403f6c8f7e8b08adb780c
LOTO6,1366,2019-03-28,14,15,17,29,31,39,10,mizuho_bank,https://www.mizuhobank.co.jp/takarakuji/check/loto/backnumber/detail.html?fromto=1361_1380&type=loto6,2026-08-21T01:52:27.726300+00:00,75791f0e66eea287da82a18a614a15203b4e7beaad3403f6c8f7e8b08adb780c
LOTO6,1367,2019-04-01,3,8,11,14,22,41,34,mizuho_bank,https://www.mizuhobank.co.jp/takarakuji/check/loto/backnumber/detail.html?fromto=1361_1380&type=loto6,2026-08-21T01:52:27.726300+00:00,75791f0e66eea287da82a18a614a15203b4e7beaad3403f6c8f7e8b08adb780c
LOTO6,1368,2019-04-04,6,11,17,20,34,35,10,mizuho_bank,https://www.mizuhobank.co.jp/takarakuji/check/loto/backnumber/detail.html?fromto=1361_1380&type=loto6,2026-08-21T01:52:27.726300+00:00,75791f0e66eea287da82a18a614a15203b4e7beaad3403f6c8f7e8b08adb780c
LOTO6,1369,2019-04-08,12,15,25,32,41,43,7,mizuho_bank,https://www.mizuhobank.co.jp/takarakuji/check/loto/backnumber/detail.html?fromto=1361_1380&type=loto6,2026-08-21T01:52:27.726300+00:00,75791f0e66eea287da82a18a614a15203b4e7beaad3403f6c8f7e8b08adb780c
LOTO6,1370,2019-04-11,8,22,24,30,40,41,2,mizuho_bank,https://www.mizuhobank.co.jp/takarakuji/check/loto/backnumber/detail.html?fromto=1361_1380&type=loto6,2026-08-21T01:52:27.726300+00:00,75791f0e66eea287da82a18a614a15203b4e7beaad3403f6c8f7e8b08adb780c
LOTO6,1371,2019-04-15,4,5,6,7,24,28,30,mizuho_bank,https://www.mizuhobank.co.jp/takarakuji/check/loto/backnumber/detail.html?fromto=1361_1380&type=loto6,2026-08-21T01:52:27.726300+00:00,75791f0e66eea287da82a18a614a15203b4e7beaad3403f6c8f7e8b08adb780c
LOTO6,1372,2019-04-18,3,5,10,21,33,39,8,mizuho_bank,https://www.mizuhobank.co.jp/takarakuji/check/loto/backnumber/detail.html?fromto=1361_1380&type=loto6,2026-08-21T01:52:27.726300+00:00,75791f0e66eea287da82a18a614a15203b4e7beaad3403f6c8f7e8b08adb780c
LOTO6,1373,2019-04-22,1,10,13,18,20,41,11,mizuho_bank,https://www.mizuhobank.co.jp/takarakuji/check/loto/backnumber/detail.html?fromto=1361_1380&type=loto6,2026-08-21T01:52:27.726300+00:00,75791f0e66eea287da82a18a614a15203b4e7beaad3403f6c8f7e8b08adb780c
LOTO6,1374,2019-04-25,1,4,5,19,23,35,36,mizuho_bank,https://www.mizuhobank.co.jp/takarakuji/check/loto/backnumber/detail.html?fromto=1361_1380&type=loto6,2026-08-21T01:52:27.726300+00:00,75791f0e66eea287da82a18a614a15203b4e7beaad3403f6c8f7e8b08adb780c
LOTO6,1375,2019-04-29,2,5,21,22,31,38,28,mizuho_bank,https://www.mizuhobank.co.jp/takarakuji/check/loto/backnumber/detail.html?fromto=1361_1380&type=loto6,2026-08-21T01:52:27.726300+00:00,75791f0e66eea287da82a18a614a15203b4e7beaad3403f6c8f7e8b08adb780c
LOTO6,1376,2019-05-02,2,5,22,31,32,43,27,mizuho_bank,https://www.mizuhobank.co.jp/takarakuji/check/loto/backnumber/detail.html?fromto=1361_1380&type=loto6,2026-08-21T01:52:27.726300+00:00,75791f0e66eea287da82a18a614a15203b4e7beaad3403f6c8f7e8b08adb780c
LOTO6,1377,2019-05-06,1,7,13,24,40,43,20,mizuho_bank,https://www.mizuhobank.co.jp/takarakuji/check/loto/backnumber/detail.html?fromto=1361_1380&type=loto6,2026-08-21T01:52:27.726300+00:00,75791f0e66eea287da82a18a614a15203b4e7beaad3403f6c8f7e8b08adb780c
LOTO6,1378,2019-05-09,1,10,15,24,35,43,9,mizuho_bank,https://www.mizuhobank.co.jp/takarakuji/check/loto/backnumber/detail.html?fromto=1361_1380&type=loto6,2026-08-21T01:52:27.726300+00:00,75791f0e66eea287da82a18a614a15203b4e7beaad3403f6c8f7e8b08adb780c
LOTO6,1379,2019-05-13,1,2,19,21,24,37,32,mizuho_bank,https://www.mizuhobank.co.jp/takarakuji/check/loto/backnumber/detail.html?fromto=1361_1380&type=loto6,2026-08-21T01:52:27.726300+00:00,75791f0e66eea287da82a18a614a15203b4e7beaad3403f6c8f7e8b08adb780c
LOTO6,1380,2019-05-16,1,3,24,26,29,33,42,mizuho_bank,https://www.mizuhobank.co.jp/takarakuji/check/loto/backnumber/detail.html?fromto=1361_1380&type=loto6,2026-08-21T01:52:27.726300+00:00,75791f0e66eea287da82a18a614a15203b4e7beaad3403f6c8f7e8b08adb780c
LOTO6,1381,2019-05-20,2,4,5,16,19,38,25,mizuho_bank,https://www.mizuhobank.co.jp/takarakuji/check/loto/backnumber/detail.html?fromto=1381_1400&type=loto6,2026-08-21T01:52:27.086799+00:00,d7d4d4a76d3320d261f41d5d3e887d78126a20471eb2e0340595f65cfeb145cb
LOTO6,1382,2019-05-23,8,9,12,25,26,28,32,mizuho_bank,https://www.mizuhobank.co.jp/takarakuji/check/loto/backnumber/detail.html?fromto=1381_1400&type=loto6,2026-08-21T01:52:27.086799+00:00,d7d4d4a76d3320d261f41d5d3e887d78126a20471eb2e0340595f65cfeb145cb
LOTO6,1383,2019-05-27,2,4,9,15,18,39,24,mizuho_bank,https://www.mizuhobank.co.jp/takarakuji/check/loto/backnumber/detail.html?fromto=1381_1400&type=loto6,2026-08-21T01:52:27.086799+00:00,d7d4d4a76d3320d261f41d5d3e887d78126a20471eb2e0340595f65cfeb145cb
LOTO6,1384,2019-05-30,3,6,13,32,38,43,40,mizuho_bank,https://www.mizuhobank.co.jp/takarakuji/check/loto/backnumber/detail.html?fromto=1381_1400&type=loto6,2026-08-21T01:52:27.086799+00:00,d7d4d4a76d3320d261f41d5d3e887d78126a20471eb2e0340595f65cfeb145cb
LOTO6,1385,2019-06-03,9,20,28,35,41,43,23,mizuho_bank,https://www.mizuhobank.co.jp/takarakuji/check/loto/backnumber/detail.html?fromto=1381_1400&type=loto6,2026-08-21T01:52:27.086799+00:00,d7d4d4a76d3320d261f41d5d3e887d78126a20471eb2e0340595f65cfeb145cb
LOTO6,1386,2019-06-06,4,11,14,15,20,38,35,mizuho_bank,https://www.mizuhobank.co.jp/takarakuji/check/loto/backnumber/detail.html?fromto=1381_1400&type=loto6,2026-08-21T01:52:27.086799+00:00,d7d4d4a76d3320d261f41d5d3e887d78126a20471eb2e0340595f65cfeb145cb
LOTO6,1387,2019-06-10,11,27,29,30,37,38,33,mizuho_bank,https://www.mizuhobank.co.jp/takarakuji/check/loto/backnumber/detail.html?fromto=1381_1400&type=loto6,2026-08-21T01:52:27.086799+00:00,d7d4d4a76d3320d261f41d5d3e887d78126a20471eb2e0340595f65cfeb145cb
LOTO6,1388,2019-06-13,9,10,12,15,29,37,11,mizuho_bank,https://www.mizuhobank.co.jp/takarakuji/check/loto/backnumber/detail.html?fromto=1381_1400&type=loto6,2026-08-21T01:52:27.086799+00:00,d7d4d4a76d3320d261f41d5d3e887d78126a20471eb2e0340595f65cfeb145cb
LOTO6,1389,2019-06-17,6,16,21,23,26,42,43,mizuho_bank,https://www.mizuhobank.co.jp/takarakuji/check/loto/backnumber/detail.html?fromto=1381_1400&type=loto6,2026-08-21T01:52:27.086799+00:00,d7d4d4a76d3320d261f41d5d3e887d78126a20471eb2e0340595f65cfeb145cb
LOTO6,1390,2019-06-20,10,11,13,28,34,39,35,mizuho_bank,https://www.mizuhobank.co.jp/takarakuji/check/loto/backnumber/detail.html?fromto=1381_1400&type=loto6,2026-08-21T01:52:27.086799+00:00,d7d4d4a76d3320d261f41d5d3e887d78126a20471eb2e0340595f65cfeb145cb
LOTO6,1391,2019-06-24,3,12,23,31,36,42,43,mizuho_bank,https://www.mizuhobank.co.jp/takarakuji/check/loto/backnumber/detail.html?fromto=1381_1400&type=loto6,2026-08-21T01:52:27.086799+00:00,d7d4d4a76d3320d261f41d5d3e887d78126a20471eb2e0340595f65cfeb145cb
LOTO6,1392,2019-06-27,6,9,12,19,40,42,7,mizuho_bank,https://www.mizuhobank.co.jp/takarakuji/check/loto/backnumber/detail.html?fromto=1381_1400&type=loto6,2026-08-21T01:52:27.086799+00:00,d7d4d4a76d3320d261f41d5d3e887d78126a20471eb2e0340595f65cfeb145cb
LOTO6,1393,2019-07-01,7,11,26,32,42,43,24,mizuho_bank,https://www.mizuhobank.co.jp/takarakuji/check/loto/backnumber/detail.html?fromto=1381_1400&type=loto6,2026-08-21T01:52:27.086799+00:00,d7d4d4a76d3320d261f41d5d3e887d78126a20471eb2e0340595f65cfeb145cb
LOTO6,1394,2019-07-04,8,9,35,36,42,43,22,mizuho_bank,https://www.mizuhobank.co.jp/takarakuji/check/loto/backnumber/detail.html?fromto=1381_1400&type=loto6,2026-08-21T01:52:27.086799+00:00,d7d4d4a76d3320d261f41d5d3e887d78126a20471eb2e0340595f65cfeb145cb
LOTO6,1395,2019-07-08,5,16,18,27,30,43,25,mizuho_bank,https://www.mizuhobank.co.jp/takarakuji/check/loto/backnumber/detail.html?fromto=1381_1400&type=loto6,2026-08-21T01:52:27.086799+00:00,d7d4d4a76d3320d261f41d5d3e887d78126a20471eb2e0340595f65cfeb145cb
LOTO6,1396,2019-07-11,3,7,11,15,23,41,21,mizuho_bank,https://www.mizuhobank.co.jp/takarakuji/check/loto/backnumber/detail.html?fromto=1381_1400&type=loto6,2026-08-21T01:52:27.086799+00:00,d7d4d4a76d3320d261f41d5d3e887d78126a20471eb2e0340595f65cfeb145cb
LOTO6,1397,2019-07-15,9,18,19,21,25,26,7,mizuho_bank,https://www.mizuhobank.co.jp/takarakuji/check/loto/backnumber/detail.html?fromto=1381_1400&type=loto6,2026-08-21T01:52:27.086799+00:00,d7d4d4a76d3320d261f41d5d3e887d78126a20471eb2e0340595f65cfeb145cb
LOTO6,1398,2019-07-18,23,29,34,35,40,43,42,mizuho_bank,https://www.mizuhobank.co.jp/takarakuji/check/loto/backnumber/detail.html?fromto=1381_1400&type=loto6,2026-08-21T01:52:27.086799+00:00,d7d4d4a76d3320d261f41d5d3e887d78126a20471eb2e0340595f65cfeb145cb
LOTO6,1399,2019-07-22,7,20,21,33,41,43,8,mizuho_bank,https://www.mizuhobank.co.jp/takarakuji/check/loto/backnumber/detail.html?fromto=1381_1400&type=loto6,2026-08-21T01:52:27.086799+00:00,d7d4d4a76d3320d261f41d5d3e887d78126a20471eb2e0340595f65cfeb145cb
LOTO6,1400,2019-07-25,8,10,26,31,34,39,36,mizuho_bank,https://www.mizuhobank.co.jp/takarakuji/check/loto/backnumber/detail.html?fromto=1381_1400&type=loto6,2026-08-21T01:52:27.086799+00:00,d7d4d4a76d3320d261f41d5d3e887d78126a20471eb2e0340595f65cfeb145cb
LOTO6,1401,2019-07-29,2,13,23,24,25,33,36,mizuho_bank,https://www.mizuhobank.co.jp/takarakuji/check/loto/backnumber/detail.html?fromto=1401_1420&type=loto6,2026-08-21T01:52:26.351138+00:00,3539e3674737c641d83ff44b2589dd0da2efded1c8bccdf48b1dc66b4e158419
LOTO6,1402,2019-08-01,10,24,26,33,36,42,28,mizuho_bank,https://www.mizuhobank.co.jp/takarakuji/check/loto/backnumber/detail.html?fromto=1401_1420&type=loto6,2026-08-21T01:52:26.351138+00:00,3539e3674737c641d83ff44b2589dd0da2efded1c8bccdf48b1dc66b4e158419
LOTO6,1403,2019-08-05,1,3,10,27,34,41,22,mizuho_bank,https://www.mizuhobank.co.jp/takarakuji/check/loto/backnumber/detail.html?fromto=1401_1420&type=loto6,2026-08-21T01:52:26.351138+00:00,3539e3674737c641d83ff44b2589dd0da2efded1c8bccdf48b1dc66b4e158419
LOTO6,1404,2019-08-08,2,17,29,37,38,39,5,mizuho_bank,https://www.mizuhobank.co.jp/takarakuji/check/loto/backnumber/detail.html?fromto=1401_1420&type=loto6,2026-08-21T01:52:26.351138+00:00,3539e3674737c641d83ff44b2589dd0da2efded1c8bccdf48b1dc66b4e158419
LOTO6,1405,2019-08-12,3,4,6,19,23,24,42,mizuho_bank,https://www.mizuhobank.co.jp/takarakuji/check/loto/backnumber/detail.html?fromto=1401_1420&type=loto6,2026-08-21T01:52:26.351138+00:00,3539e3674737c641d83ff44b2589dd0da2efded1c8bccdf48b1dc66b4e158419
LOTO6,1406,2019-08-15,20,24,27,29,34,35,43,mizuho_bank,https://www.mizuhobank.co.jp/takarakuji/check/loto/backnumber/detail.html?fromto=1401_1420&type=loto6,2026-08-21T01:52:26.351138+00:00,3539e3674737c641d83ff44b2589dd0da2efded1c8bccdf48b1dc66b4e158419
LOTO6,1407,2019-08-19,10,13,19,28,33,39,15,mizuho_bank,https://www.mizuhobank.co.jp/takarakuji/check/loto/backnumber/detail.html?fromto=1401_1420&type=loto6,2026-08-21T01:52:26.351138+00:00,3539e3674737c641d83ff44b2589dd0da2efded1c8bccdf48b1dc66b4e158419
LOTO6,1408,2019-08-22,2,17,24,26,34,43,32,mizuho_bank,https://www.mizuhobank.co.jp/takarakuji/check/loto/backnumber/detail.html?fromto=1401_1420&type=loto6,2026-08-21T01:52:26.351138+00:00,3539e3674737c641d83ff44b2589dd0da2efded1c8bccdf48b1dc66b4e158419
LOTO6,1409,2019-08-26,5,6,8,20,22,25,13,mizuho_bank,https://www.mizuhobank.co.jp/takarakuji/check/loto/backnumber/detail.html?fromto=1401_1420&type=loto6,2026-08-21T01:52:26.351138+00:00,3539e3674737c641d83ff44b2589dd0da2efded1c8bccdf48b1dc66b4e158419
LOTO6,1410,2019-08-29,8,14,17,25,36,41,23,mizuho_bank,https://www.mizuhobank.co.jp/takarakuji/check/loto/backnumber/detail.html?fromto=1401_1420&type=loto6,2026-08-21T01:52:26.351138+00:00,3539e3674737c641d83ff44b2589dd0da2efded1c8bccdf48b1dc66b4e158419
LOTO6,1411,2019-09-02,2,5,7,20,25,28,3,mizuho_bank,https://www.mizuhobank.co.jp/takarakuji/check/loto/backnumber/detail.html?fromto=1401_1420&type=loto6,2026-08-21T01:52:26.351138+00:00,3539e3674737c641d83ff44b2589dd0da2efded1c8bccdf48b1dc66b4e158419
LOTO6,1412,2019-09-05,2,19,24,25,32,42,8,mizuho_bank,https://www.mizuhobank.co.jp/takarakuji/check/loto/backnumber/detail.html?fromto=1401_1420&type=loto6,2026-08-21T01:52:26.351138+00:00,3539e3674737c641d83ff44b2589dd0da2efded1c8bccdf48b1dc66b4e158419
LOTO6,1413,2019-09-09,7,13,17,21,24,26,12,mizuho_bank,https://www.mizuhobank.co.jp/takarakuji/check/loto/backnumber/detail.html?fromto=1401_1420&type=loto6,2026-08-21T01:52:26.351138+00:00,3539e3674737c641d83ff44b2589dd0da2efded1c8bccdf48b1dc66b4e158419
LOTO6,1414,2019-09-12,12,19,21,26,40,41,20,mizuho_bank,https://www.mizuhobank.co.jp/takarakuji/check/loto/backnumber/detail.html?fromto=1401_1420&type=loto6,2026-08-21T01:52:26.351138+00:00,3539e3674737c641d83ff44b2589dd0da2efded1c8bccdf48b1dc66b4e158419
LOTO6,1415,2019-09-16,1,3,7,34,39,40,33,mizuho_bank,https://www.mizuhobank.co.jp/takarakuji/check/loto/backnumber/detail.html?fromto=1401_1420&type=loto6,2026-08-21T01:52:26.351138+00:00,3539e3674737c641d83ff44b2589dd0da2efded1c8bccdf48b1dc66b4e158419
LOTO6,1416,2019-09-19,2,9,10,15,24,36,13,mizuho_bank,https://www.mizuhobank.co.jp/takarakuji/check/loto/backnumber/detail.html?fromto=1401_1420&type=loto6,2026-08-21T01:52:26.351138+00:00,3539e3674737c641d83ff44b2589dd0da2efded1c8bccdf48b1dc66b4e158419
LOTO6,1417,2019-09-23,3,10,25,26,27,31,5,mizuho_bank,https://www.mizuhobank.co.jp/takarakuji/check/loto/backnumber/detail.html?fromto=1401_1420&type=loto6,2026-08-21T01:52:26.351138+00:00,3539e3674737c641d83ff44b2589dd0da2efded1c8bccdf48b1dc66b4e158419
LOTO6,1418,2019-09-26,4,21,32,35,42,43,15,mizuho_bank,https://www.mizuhobank.co.jp/takarakuji/check/loto/backnumber/detail.html?fromto=1401_1420&type=loto6,2026-08-21T01:52:26.351138+00:00,3539e3674737c641d83ff44b2589dd0da2efded1c8bccdf48b1dc66b4e158419
LOTO6,1419,2019-09-30,5,10,11,12,21,37,41,mizuho_bank,https://www.mizuhobank.co.jp/takarakuji/check/loto/backnumber/detail.html?fromto=1401_1420&type=loto6,2026-08-21T01:52:26.351138+00:00,3539e3674737c641d83ff44b2589dd0da2efded1c8bccdf48b1dc66b4e158419
LOTO6,1420,2019-10-03,1,2,14,16,22,28,4,mizuho_bank,https://www.mizuhobank.co.jp/takarakuji/check/loto/backnumber/detail.html?fromto=1401_1420&type=loto6,2026-08-21T01:52:26.351138+00:00,3539e3674737c641d83ff44b2589dd0da2efded1c8bccdf48b1dc66b4e158419
LOTO6,1421,2019-10-07,2,14,20,23,37,43,30,mizuho_bank,https://www.mizuhobank.co.jp/takarakuji/check/loto/backnumber/detail.html?fromto=1421_1440&type=loto6,2026-08-21T01:52:25.587793+00:00,fc4ddaa4d0499c516786790ae0e6880a2db5e2d3571760b67155b1effc5a55cb
LOTO6,1422,2019-10-10,12,14,17,20,24,30,39,mizuho_bank,https://www.mizuhobank.co.jp/takarakuji/check/loto/backnumber/detail.html?fromto=1421_1440&type=loto6,2026-08-21T01:52:25.587793+00:00,fc4ddaa4d0499c516786790ae0e6880a2db5e2d3571760b67155b1effc5a55cb
LOTO6,1423,2019-10-14,11,24,29,36,37,42,13,mizuho_bank,https://www.mizuhobank.co.jp/takarakuji/check/loto/backnumber/detail.html?fromto=1421_1440&type=loto6,2026-08-21T01:52:25.587793+00:00,fc4ddaa4d0499c516786790ae0e6880a2db5e2d3571760b67155b1effc5a55cb
LOTO6,1424,2019-10-17,6,7,25,26,33,36,19,mizuho_bank,https://www.mizuhobank.co.jp/takarakuji/check/loto/backnumber/detail.html?fromto=1421_1440&type=loto6,2026-08-21T01:52:25.587793+00:00,fc4ddaa4d0499c516786790ae0e6880a2db5e2d3571760b67155b1effc5a55cb
LOTO6,1425,2019-10-21,1,24,28,33,35,42,27,mizuho_bank,https://www.mizuhobank.co.jp/takarakuji/check/loto/backnumber/detail.html?fromto=1421_1440&type=loto6,2026-08-21T01:52:25.587793+00:00,fc4ddaa4d0499c516786790ae0e6880a2db5e2d3571760b67155b1effc5a55cb
LOTO6,1426,2019-10-24,4,13,17,19,30,43,24,mizuho_bank,https://www.mizuhobank.co.jp/takarakuji/check/loto/backnumber/detail.html?fromto=1421_1440&type=loto6,2026-08-21T01:52:25.587793+00:00,fc4ddaa4d0499c516786790ae0e6880a2db5e2d3571760b67155b1effc5a55cb
LOTO6,1427,2019-10-28,1,7,25,26,38,41,31,mizuho_bank,https://www.mizuhobank.co.jp/takarakuji/check/loto/backnumber/detail.html?fromto=1421_1440&type=loto6,2026-08-21T01:52:25.587793+00:00,fc4ddaa4d0499c516786790ae0e6880a2db5e2d3571760b67155b1effc5a55cb
LOTO6,1428,2019-10-31,16,18,19,34,35,36,6,mizuho_bank,https://www.mizuhobank.co.jp/takarakuji/check/loto/backnumber/detail.html?fromto=1421_1440&type=loto6,2026-08-21T01:52:25.587793+00:00,fc4ddaa4d0499c516786790ae0e6880a2db5e2d3571760b67155b1effc5a55cb
LOTO6,1429,2019-11-04,4,8,13,18,21,23,22,mizuho_bank,https://www.mizuhobank.co.jp/takarakuji/check/loto/backnumber/detail.html?fromto=1421_1440&type=loto6,2026-08-21T01:52:25.587793+00:00,fc4ddaa4d0499c516786790ae0e6880a2db5e2d3571760b67155b1effc5a55cb
LOTO6,1430,2019-11-07,4,7,9,12,20,28,3,mizuho_bank,https://www.mizuhobank.co.jp/takarakuji/check/loto/backnumber/detail.html?fromto=1421_1440&type=loto6,2026-08-21T01:52:25.587793+00:00,fc4ddaa4d0499c516786790ae0e6880a2db5e2d3571760b67155b1effc5a55cb
LOTO6,1431,2019-11-11,2,27,28,33,38,40,30,mizuho_bank,https://www.mizuhobank.co.jp/takarakuji/check/loto/backnumber/detail.html?fromto=1421_1440&type=loto6,2026-08-21T01:52:25.587793+00:00,fc4ddaa4d0499c516786790ae0e6880a2db5e2d3571760b67155b1effc5a55cb
LOTO6,1432,2019-11-14,4,5,15,32,33,43,13,mizuho_bank,https://www.mizuhobank.co.jp/takarakuji/check/loto/backnumber/detail.html?fromto=1421_1440&type=loto6,2026-08-21T01:52:25.587793+00:00,fc4ddaa4d0499c516786790ae0e6880a2db5e2d3571760b67155b1effc5a55cb
LOTO6,1433,2019-11-18,3,5,12,16,38,42,6,mizuho_bank,https://www.mizuhobank.co.jp/takarakuji/check/loto/backnumber/detail.html?fromto=1421_1440&type=loto6,2026-08-21T01:52:25.587793+00:00,fc4ddaa4d0499c516786790ae0e6880a2db5e2d3571760b67155b1effc5a55cb
LOTO6,1434,2019-11-21,2,20,30,38,39,40,4,mizuho_bank,https://www.mizuhobank.co.jp/takarakuji/check/loto/backnumber/detail.html?fromto=1421_1440&type=loto6,2026-08-21T01:52:25.587793+00:00,fc4ddaa4d0499c516786790ae0e6880a2db5e2d3571760b67155b1effc5a55cb
LOTO6,1435,2019-11-25,2,4,16,21,22,40,9,mizuho_bank,https://www.mizuhobank.co.jp/takarakuji/check/loto/backnumber/detail.html?fromto=1421_1440&type=loto6,2026-08-21T01:52:25.587793+00:00,fc4ddaa4d0499c516786790ae0e6880a2db5e2d3571760b67155b1effc5a55cb
LOTO6,1436,2019-11-28,3,7,17,18,30,36,33,mizuho_bank,https://www.mizuhobank.co.jp/takarakuji/check/loto/backnumber/detail.html?fromto=1421_1440&type=loto6,2026-08-21T01:52:25.587793+00:00,fc4ddaa4d0499c516786790ae0e6880a2db5e2d3571760b67155b1effc5a55cb
LOTO6,1437,2019-12-02,3,11,24,25,37,40,14,mizuho_bank,https://www.mizuhobank.co.jp/takarakuji/check/loto/backnumber/detail.html?fromto=1421_1440&type=loto6,2026-08-21T01:52:25.587793+00:00,fc4ddaa4d0499c516786790ae0e6880a2db5e2d3571760b67155b1effc5a55cb
LOTO6,1438,2019-12-05,2,5,6,20,33,38,22,mizuho_bank,https://www.mizuhobank.co.jp/takarakuji/check/loto/backnumber/detail.html?fromto=1421_1440&type=loto6,2026-08-21T01:52:25.587793+00:00,fc4ddaa4d0499c516786790ae0e6880a2db5e2d3571760b67155b1effc5a55cb
LOTO6,1439,2019-12-09,11,17,23,28,34,41,4,mizuho_bank,https://www.mizuhobank.co.jp/takarakuji/check/loto/backnumber/detail.html?fromto=1421_1440&type=loto6,2026-08-21T01:52:25.587793+00:00,fc4ddaa4d0499c516786790ae0e6880a2db5e2d3571760b67155b1effc5a55cb
LOTO6,1440,2019-12-12,1,7,20,31,41,42,28,mizuho_bank,https://www.mizuhobank.co.jp/takarakuji/check/loto/backnumber/detail.html?fromto=1421_1440&type=loto6,2026-08-21T01:52:25.587793+00:00,fc4ddaa4d0499c516786790ae0e6880a2db5e2d3571760b67155b1effc5a55cb
LOTO6,1441,2019-12-16,12,22,24,33,35,42,36,mizuho_bank,https://www.mizuhobank.co.jp/takarakuji/check/loto/backnumber/detail.html?fromto=1441_1460&type=loto6,2026-08-21T01:52:24.823982+00:00,25243feeb5b4ea9cd5379ae42a51d2c77e6423faed8011550ce643730e293e53
LOTO6,1442,2019-12-19,12,21,35,36,40,43,39,mizuho_bank,https://www.mizuhobank.co.jp/takarakuji/check/loto/backnumber/detail.html?fromto=1441_1460&type=loto6,2026-08-21T01:52:24.823982+00:00,25243feeb5b4ea9cd5379ae42a51d2c77e6423faed8011550ce643730e293e53
LOTO6,1443,2019-12-23,2,4,8,10,22,33,28,mizuho_bank,https://www.mizuhobank.co.jp/takarakuji/check/loto/backnumber/detail.html?fromto=1441_1460&type=loto6,2026-08-21T01:52:24.823982+00:00,25243feeb5b4ea9cd5379ae42a51d2c77e6423faed8011550ce643730e293e53
LOTO6,1444,2019-12-26,11,20,24,25,30,37,14,mizuho_bank,https://www.mizuhobank.co.jp/takarakuji/check/loto/backnumber/detail.html?fromto=1441_1460&type=loto6,2026-08-21T01:52:24.823982+00:00,25243feeb5b4ea9cd5379ae42a51d2c77e6423faed8011550ce643730e293e53
LOTO6,1445,2019-12-30,3,14,24,29,30,42,21,mizuho_bank,https://www.mizuhobank.co.jp/takarakuji/check/loto/backnumber/detail.html?fromto=1441_1460&type=loto6,2026-08-21T01:52:24.823982+00:00,25243feeb5b4ea9cd5379ae42a51d2c77e6423faed8011550ce643730e293e53
LOTO6,1446,2020-01-09,2,5,11,20,21,32,13,mizuho_bank,https://www.mizuhobank.co.jp/takarakuji/check/loto/backnumber/detail.html?fromto=1441_1460&type=loto6,2026-08-21T01:52:24.823982+00:00,25243feeb5b4ea9cd5379ae42a51d2c77e6423faed8011550ce643730e293e53
LOTO6,1447,2020-01-13,2,9,12,13,14,22,10,mizuho_bank,https://www.mizuhobank.co.jp/takarakuji/check/loto/backnumber/detail.html?fromto=1441_1460&type=loto6,2026-08-21T01:52:24.823982+00:00,25243feeb5b4ea9cd5379ae42a51d2c77e6423faed8011550ce643730e293e53
LOTO6,1448,2020-01-16,10,12,25,29,32,41,40,mizuho_bank,https://www.mizuhobank.co.jp/takarakuji/check/loto/backnumber/detail.html?fromto=1441_1460&type=loto6,2026-08-21T01:52:24.823982+00:00,25243feeb5b4ea9cd5379ae42a51d2c77e6423faed8011550ce643730e293e53
LOTO6,1449,2020-01-20,6,19,20,26,34,38,4,mizuho_bank,https://www.mizuhobank.co.jp/takarakuji/check/loto/backnumber/detail.html?fromto=1441_1460&type=loto6,2026-08-21T01:52:24.823982+00:00,25243feeb5b4ea9cd5379ae42a51d2c77e6423faed8011550ce643730e293e53
LOTO6,1450,2020-01-23,24,25,26,27,34,36,3,mizuho_bank,https://www.mizuhobank.co.jp/takarakuji/check/loto/backnumber/detail.html?fromto=1441_1460&type=loto6,2026-08-21T01:52:24.823982+00:00,25243feeb5b4ea9cd5379ae42a51d2c77e6423faed8011550ce643730e293e53
LOTO6,1451,2020-01-27,2,6,10,20,24,43,34,mizuho_bank,https://www.mizuhobank.co.jp/takarakuji/check/loto/backnumber/detail.html?fromto=1441_1460&type=loto6,2026-08-21T01:52:24.823982+00:00,25243feeb5b4ea9cd5379ae42a51d2c77e6423faed8011550ce643730e293e53
LOTO6,1452,2020-01-30,17,19,29,31,37,39,35,mizuho_bank,https://www.mizuhobank.co.jp/takarakuji/check/loto/backnumber/detail.html?fromto=1441_1460&type=loto6,2026-08-21T01:52:24.823982+00:00,25243feeb5b4ea9cd5379ae42a51d2c77e6423faed8011550ce643730e293e53
LOTO6,1453,2020-02-03,10,22,26,27,28,41,39,mizuho_bank,https://www.mizuhobank.co.jp/takarakuji/check/loto/backnumber/detail.html?fromto=1441_1460&type=loto6,2026-08-21T01:52:24.823982+00:00,25243feeb5b4ea9cd5379ae42a51d2c77e6423faed8011550ce643730e293e53
LOTO6,1454,2020-02-06,3,15,19,34,37,40,41,mizuho_bank,https://www.mizuhobank.co.jp/takarakuji/check/loto/backnumber/detail.html?fromto=1441_1460&type=loto6,2026-08-21T01:52:24.823982+00:00,25243feeb5b4ea9cd5379ae42a51d2c77e6423faed8011550ce643730e293e53
LOTO6,1455,2020-02-10,1,10,12,22,34,43,23,mizuho_bank,https://www.mizuhobank.co.jp/takarakuji/check/loto/backnumber/detail.html?fromto=1441_1460&type=loto6,2026-08-21T01:52:24.823982+00:00,25243feeb5b4ea9cd5379ae42a51d2c77e6423faed8011550ce643730e293e53
LOTO6,1456,2020-02-13,2,18,19,24,29,31,33,mizuho_bank,https://www.mizuhobank.co.jp/takarakuji/check/loto/backnumber/detail.html?fromto=1441_1460&type=loto6,2026-08-21T01:52:24.823982+00:00,25243feeb5b4ea9cd5379ae42a51d2c77e6423faed8011550ce643730e293e53
LOTO6,1457,2020-02-17,1,3,11,17,20,37,29,mizuho_bank,https://www.mizuhobank.co.jp/takarakuji/check/loto/backnumber/detail.html?fromto=1441_1460&type=loto6,2026-08-21T01:52:24.823982+00:00,25243feeb5b4ea9cd5379ae42a51d2c77e6423faed8011550ce643730e293e53
LOTO6,1458,2020-02-20,4,16,19,22,26,29,6,mizuho_bank,https://www.mizuhobank.co.jp/takarakuji/check/loto/backnumber/detail.html?fromto=1441_1460&type=loto6,2026-08-21T01:52:24.823982+00:00,25243feeb5b4ea9cd5379ae42a51d2c77e6423faed8011550ce643730e293e53
LOTO6,1459,2020-02-24,2,17,19,24,28,29,7,mizuho_bank,https://www.mizuhobank.co.jp/takarakuji/check/loto/backnumber/detail.html?fromto=1441_1460&type=loto6,2026-08-21T01:52:24.823982+00:00,25243feeb5b4ea9cd5379ae42a51d2c77e6423faed8011550ce643730e293e53
LOTO6,1460,2020-02-27,3,6,10,15,29,30,4,mizuho_bank,https://www.mizuhobank.co.jp/takarakuji/check/loto/backnumber/detail.html?fromto=1441_1460&type=loto6,2026-08-21T01:52:24.823982+00:00,25243feeb5b4ea9cd5379ae42a51d2c77e6423faed8011550ce643730e293e53
LOTO6,1461,2020-03-02,5,7,8,18,22,26,24,mizuho_bank,https://www.mizuhobank.co.jp/takarakuji/check/loto/backnumber/detail.html?fromto=1461_1480&type=loto6,2026-08-21T01:52:24.173573+00:00,f5c5673abb664e91198bfd8aaea4753fab93d082acd481ebd970171fd9016a41
LOTO6,1462,2020-03-05,4,18,19,28,33,36,9,mizuho_bank,https://www.mizuhobank.co.jp/takarakuji/check/loto/backnumber/detail.html?fromto=1461_1480&type=loto6,2026-08-21T01:52:24.173573+00:00,f5c5673abb664e91198bfd8aaea4753fab93d082acd481ebd970171fd9016a41
LOTO6,1463,2020-03-09,18,29,32,34,35,39,36,mizuho_bank,https://www.mizuhobank.co.jp/takarakuji/check/loto/backnumber/detail.html?fromto=1461_1480&type=loto6,2026-08-21T01:52:24.173573+00:00,f5c5673abb664e91198bfd8aaea4753fab93d082acd481ebd970171fd9016a41
LOTO6,1464,2020-03-12,8,13,14,18,29,31,23,mizuho_bank,https://www.mizuhobank.co.jp/takarakuji/check/loto/backnumber/detail.html?fromto=1461_1480&type=loto6,2026-08-21T01:52:24.173573+00:00,f5c5673abb664e91198bfd8aaea4753fab93d082acd481ebd970171fd9016a41
LOTO6,1465,2020-03-16,11,15,16,24,28,38,3,mizuho_bank,https://www.mizuhobank.co.jp/takarakuji/check/loto/backnumber/detail.html?fromto=1461_1480&type=loto6,2026-08-21T01:52:24.173573+00:00,f5c5673abb664e91198bfd8aaea4753fab93d082acd481ebd970171fd9016a41
LOTO6,1466,2020-03-19,6,10,15,18,32,40,35,mizuho_bank,https://www.mizuhobank.co.jp/takarakuji/check/loto/backnumber/detail.html?fromto=1461_1480&type=loto6,2026-08-21T01:52:24.173573+00:00,f5c5673abb664e91198bfd8aaea4753fab93d082acd481ebd970171fd9016a41
LOTO6,1467,2020-03-23,3,14,16,25,26,38,7,mizuho_bank,https://www.mizuhobank.co.jp/takarakuji/check/loto/backnumber/detail.html?fromto=1461_1480&type=loto6,2026-08-21T01:52:24.173573+00:00,f5c5673abb664e91198bfd8aaea4753fab93d082acd481ebd970171fd9016a41
LOTO6,1468,2020-03-26,4,8,15,24,25,31,26,mizuho_bank,https://www.mizuhobank.co.jp/takarakuji/check/loto/backnumber/detail.html?fromto=1461_1480&type=loto6,2026-08-21T01:52:24.173573+00:00,f5c5673abb664e91198bfd8aaea4753fab93d082acd481ebd970171fd9016a41
LOTO6,1469,2020-03-30,4,9,10,13,24,27,22,mizuho_bank,https://www.mizuhobank.co.jp/takarakuji/check/loto/backnumber/detail.html?fromto=1461_1480&type=loto6,2026-08-21T01:52:24.173573+00:00,f5c5673abb664e91198bfd8aaea4753fab93d082acd481ebd970171fd9016a41
LOTO6,1470,2020-04-02,4,8,14,16,39,40,23,mizuho_bank,https://www.mizuhobank.co.jp/takarakuji/check/loto/backnumber/detail.html?fromto=1461_1480&type=loto6,2026-08-21T01:52:24.173573+00:00,f5c5673abb664e91198bfd8aaea4753fab93d082acd481ebd970171fd9016a41
LOTO6,1471,2020-04-06,1,3,8,32,37,43,24,mizuho_bank,https://www.mizuhobank.co.jp/takarakuji/check/loto/backnumber/detail.html?fromto=1461_1480&type=loto6,2026-08-21T01:52:24.173573+00:00,f5c5673abb664e91198bfd8aaea4753fab93d082acd481ebd970171fd9016a41
LOTO6,1472,2020-04-09,1,6,7,9,23,40,43,mizuho_bank,https://www.mizuhobank.co.jp/takarakuji/check/loto/backnumber/detail.html?fromto=1461_1480&type=loto6,2026-08-21T01:52:24.173573+00:00,f5c5673abb664e91198bfd8aaea4753fab93d082acd481ebd970171fd9016a41
LOTO6,1473,2020-04-13,1,5,6,27,33,38,11,mizuho_bank,https://www.mizuhobank.co.jp/takarakuji/check/loto/backnumber/detail.html?fromto=1461_1480&type=loto6,2026-08-21T01:52:24.173573+00:00,f5c5673abb664e91198bfd8aaea4753fab93d082acd481ebd970171fd9016a41
LOTO6,1474,2020-04-16,4,6,8,22,27,32,26,mizuho_bank,https://www.mizuhobank.co.jp/takarakuji/check/loto/backnumber/detail.html?fromto=1461_1480&type=loto6,2026-08-21T01:52:24.173573+00:00,f5c5673abb664e91198bfd8aaea4753fab93d082acd481ebd970171fd9016a41
LOTO6,1475,2020-04-20,6,7,9,20,21,27,2,mizuho_bank,https://www.mizuhobank.co.jp/takarakuji/check/loto/backnumber/detail.html?fromto=1461_1480&type=loto6,2026-08-21T01:52:24.173573+00:00,f5c5673abb664e91198bfd8aaea4753fab93d082acd481ebd970171fd9016a41
LOTO6,1476,2020-04-23,6,22,38,40,41,42,35,mizuho_bank,https://www.mizuhobank.co.jp/takarakuji/check/loto/backnumber/detail.html?fromto=1461_1480&type=loto6,2026-08-21T01:52:24.173573+00:00,f5c5673abb664e91198bfd8aaea4753fab93d082acd481ebd970171fd9016a41
LOTO6,1477,2020-04-27,4,13,14,25,27,32,1,mizuho_bank,https://www.mizuhobank.co.jp/takarakuji/check/loto/backnumber/detail.html?fromto=1461_1480&type=loto6,2026-08-21T01:52:24.173573+00:00,f5c5673abb664e91198bfd8aaea4753fab93d082acd481ebd970171fd9016a41
LOTO6,1478,2020-04-30,7,12,15,21,40,42,32,mizuho_bank,https://www.mizuhobank.co.jp/takarakuji/check/loto/backnumber/detail.html?fromto=1461_1480&type=loto6,2026-08-21T01:52:24.173573+00:00,f5c5673abb664e91198bfd8aaea4753fab93d082acd481ebd970171fd9016a41
LOTO6,1479,2020-05-04,1,20,30,32,35,37,33,mizuho_bank,https://www.mizuhobank.co.jp/takarakuji/check/loto/backnumber/detail.html?fromto=1461_1480&type=loto6,2026-08-21T01:52:24.173573+00:00,f5c5673abb664e91198bfd8aaea4753fab93d082acd481ebd970171fd9016a41
LOTO6,1480,2020-05-07,2,4,5,6,24,34,39,mizuho_bank,https://www.mizuhobank.co.jp/takarakuji/check/loto/backnumber/detail.html?fromto=1461_1480&type=loto6,2026-08-21T01:52:24.173573+00:00,f5c5673abb664e91198bfd8aaea4753fab93d082acd481ebd970171fd9016a41
LOTO6,1481,2020-05-11,3,9,21,31,41,42,18,mizuho_bank,https://www.mizuhobank.co.jp/takarakuji/check/loto/backnumber/detail.html?fromto=1481_1500&type=loto6,2026-08-21T01:52:23.540036+00:00,6cbee7205c1536823e009dccdca7831c5be93ae8b71ae090c8fbd953c960ec0b
LOTO6,1482,2020-05-14,8,26,28,32,41,43,14,mizuho_bank,https://www.mizuhobank.co.jp/takarakuji/check/loto/backnumber/detail.html?fromto=1481_1500&type=loto6,2026-08-21T01:52:23.540036+00:00,6cbee7205c1536823e009dccdca7831c5be93ae8b71ae090c8fbd953c960ec0b
LOTO6,1483,2020-05-18,3,10,20,23,29,43,22,mizuho_bank,https://www.mizuhobank.co.jp/takarakuji/check/loto/backnumber/detail.html?fromto=1481_1500&type=loto6,2026-08-21T01:52:23.540036+00:00,6cbee7205c1536823e009dccdca7831c5be93ae8b71ae090c8fbd953c960ec0b
LOTO6,1484,2020-05-21,4,12,17,18,23,41,28,mizuho_bank,https://www.mizuhobank.co.jp/takarakuji/check/loto/backnumber/detail.html?fromto=1481_1500&type=loto6,2026-08-21T01:52:23.540036+00:00,6cbee7205c1536823e009dccdca7831c5be93ae8b71ae090c8fbd953c960ec0b
LOTO6,1485,2020-05-25,9,10,18,27,28,35,37,mizuho_bank,https://www.mizuhobank.co.jp/takarakuji/check/loto/backnumber/detail.html?fromto=1481_1500&type=loto6,2026-08-21T01:52:23.540036+00:00,6cbee7205c1536823e009dccdca7831c5be93ae8b71ae090c8fbd953c960ec0b
LOTO6,1486,2020-05-28,18,24,29,33,39,42,34,mizuho_bank,https://www.mizuhobank.co.jp/takarakuji/check/loto/backnumber/detail.html?fromto=1481_1500&type=loto6,2026-08-21T01:52:23.540036+00:00,6cbee7205c1536823e009dccdca7831c5be93ae8b71ae090c8fbd953c960ec0b
LOTO6,1487,2020-06-01,5,7,9,17,24,35,36,mizuho_bank,https://www.mizuhobank.co.jp/takarakuji/check/loto/backnumber/detail.html?fromto=1481_1500&type=loto6,2026-08-21T01:52:23.540036+00:00,6cbee7205c1536823e009dccdca7831c5be93ae8b71ae090c8fbd953c960ec0b
LOTO6,1488,2020-06-04,4,10,11,17,34,37,38,mizuho_bank,https://www.mizuhobank.co.jp/takarakuji/check/loto/backnumber/detail.html?fromto=1481_1500&type=loto6,2026-08-21T01:52:23.540036+00:00,6cbee7205c1536823e009dccdca7831c5be93ae8b71ae090c8fbd953c960ec0b
LOTO6,1489,2020-06-08,4,6,11,13,23,32,1,mizuho_bank,https://www.mizuhobank.co.jp/takarakuji/check/loto/backnumber/detail.html?fromto=1481_1500&type=loto6,2026-08-21T01:52:23.540036+00:00,6cbee7205c1536823e009dccdca7831c5be93ae8b71ae090c8fbd953c960ec0b
LOTO6,1490,2020-06-11,7,19,24,29,39,43,11,mizuho_bank,https://www.mizuhobank.co.jp/takarakuji/check/loto/backnumber/detail.html?fromto=1481_1500&type=loto6,2026-08-21T01:52:23.540036+00:00,6cbee7205c1536823e009dccdca7831c5be93ae8b71ae090c8fbd953c960ec0b
LOTO6,1491,2020-06-15,8,11,23,31,34,37,1,mizuho_bank,https://www.mizuhobank.co.jp/takarakuji/check/loto/backnumber/detail.html?fromto=1481_1500&type=loto6,2026-08-21T01:52:23.540036+00:00,6cbee7205c1536823e009dccdca7831c5be93ae8b71ae090c8fbd953c960ec0b
LOTO6,1492,2020-06-18,4,16,18,32,38,42,36,mizuho_bank,https://www.mizuhobank.co.jp/takarakuji/check/loto/backnumber/detail.html?fromto=1481_1500&type=loto6,2026-08-21T01:52:23.540036+00:00,6cbee7205c1536823e009dccdca7831c5be93ae8b71ae090c8fbd953c960ec0b
LOTO6,1493,2020-06-22,11,18,24,27,37,38,15,mizuho_bank,https://www.mizuhobank.co.jp/takarakuji/check/loto/backnumber/detail.html?fromto=1481_1500&type=loto6,2026-08-21T01:52:23.540036+00:00,6cbee7205c1536823e009dccdca7831c5be93ae8b71ae090c8fbd953c960ec0b
LOTO6,1494,2020-06-25,8,15,17,24,26,38,27,mizuho_bank,https://www.mizuhobank.co.jp/takarakuji/check/loto/backnumber/detail.html?fromto=1481_1500&type=loto6,2026-08-21T01:52:23.540036+00:00,6cbee7205c1536823e009dccdca7831c5be93ae8b71ae090c8fbd953c960ec0b
LOTO6,1495,2020-06-29,18,24,32,34,37,41,22,mizuho_bank,https://www.mizuhobank.co.jp/takarakuji/check/loto/backnumber/detail.html?fromto=1481_1500&type=loto6,2026-08-21T01:52:23.540036+00:00,6cbee7205c1536823e009dccdca7831c5be93ae8b71ae090c8fbd953c960ec0b
LOTO6,1496,2020-07-02,5,9,13,16,17,34,37,mizuho_bank,https://www.mizuhobank.co.jp/takarakuji/check/loto/backnumber/detail.html?fromto=1481_1500&type=loto6,2026-08-21T01:52:23.540036+00:00,6cbee7205c1536823e009dccdca7831c5be93ae8b71ae090c8fbd953c960ec0b
LOTO6,1497,2020-07-06,6,22,28,30,35,37,8,mizuho_bank,https://www.mizuhobank.co.jp/takarakuji/check/loto/backnumber/detail.html?fromto=1481_1500&type=loto6,2026-08-21T01:52:23.540036+00:00,6cbee7205c1536823e009dccdca7831c5be93ae8b71ae090c8fbd953c960ec0b
LOTO6,1498,2020-07-09,1,6,7,9,31,37,43,mizuho_bank,https://www.mizuhobank.co.jp/takarakuji/check/loto/backnumber/detail.html?fromto=1481_1500&type=loto6,2026-08-21T01:52:23.540036+00:00,6cbee7205c1536823e009dccdca7831c5be93ae8b71ae090c8fbd953c960ec0b
LOTO6,1499,2020-07-13,10,11,27,28,29,37,13,mizuho_bank,https://www.mizuhobank.co.jp/takarakuji/check/loto/backnumber/detail.html?fromto=1481_1500&type=loto6,2026-08-21T01:52:23.540036+00:00,6cbee7205c1536823e009dccdca7831c5be93ae8b71ae090c8fbd953c960ec0b
LOTO6,1500,2020-07-16,19,21,22,28,29,30,4,mizuho_bank,https://www.mizuhobank.co.jp/takarakuji/check/loto/backnumber/detail.html?fromto=1481_1500&type=loto6,2026-08-21T01:52:23.540036+00:00,6cbee7205c1536823e009dccdca7831c5be93ae8b71ae090c8fbd953c960ec0b
LOTO6,1501,2020-07-20,6,10,13,25,31,38,15,mizuho_bank,https://www.mizuhobank.co.jp/takarakuji/check/loto/backnumber/detail.html?fromto=1501_1520&type=loto6,2026-08-21T01:52:22.905457+00:00,cfaac4866c1053c2b951fb9d664f1fc1d88c2bb3450884ceec11956b3118acc4
LOTO6,1502,2020-07-23,1,17,25,28,32,42,26,mizuho_bank,https://www.mizuhobank.co.jp/takarakuji/check/loto/backnumber/detail.html?fromto=1501_1520&type=loto6,2026-08-21T01:52:22.905457+00:00,cfaac4866c1053c2b951fb9d664f1fc1d88c2bb3450884ceec11956b3118acc4
LOTO6,1503,2020-07-27,1,8,16,35,40,42,20,mizuho_bank,https://www.mizuhobank.co.jp/takarakuji/check/loto/backnumber/detail.html?fromto=1501_1520&type=loto6,2026-08-21T01:52:22.905457+00:00,cfaac4866c1053c2b951fb9d664f1fc1d88c2bb3450884ceec11956b3118acc4
LOTO6,1504,2020-07-30,5,7,9,21,42,43,35,mizuho_bank,https://www.mizuhobank.co.jp/takarakuji/check/loto/backnumber/detail.html?fromto=1501_1520&type=loto6,2026-08-21T01:52:22.905457+00:00,cfaac4866c1053c2b951fb9d664f1fc1d88c2bb3450884ceec11956b3118acc4
LOTO6,1505,2020-08-03,1,2,14,15,21,34,19,mizuho_bank,https://www.mizuhobank.co.jp/takarakuji/check/loto/backnumber/detail.html?fromto=1501_1520&type=loto6,2026-08-21T01:52:22.905457+00:00,cfaac4866c1053c2b951fb9d664f1fc1d88c2bb3450884ceec11956b3118acc4
LOTO6,1506,2020-08-06,10,12,19,28,35,41,39,mizuho_bank,https://www.mizuhobank.co.jp/takarakuji/check/loto/backnumber/detail.html?fromto=1501_1520&type=loto6,2026-08-21T01:52:22.905457+00:00,cfaac4866c1053c2b951fb9d664f1fc1d88c2bb3450884ceec11956b3118acc4
LOTO6,1507,2020-08-10,19,20,22,30,35,43,29,mizuho_bank,https://www.mizuhobank.co.jp/takarakuji/check/loto/backnumber/detail.html?fromto=1501_1520&type=loto6,2026-08-21T01:52:22.905457+00:00,cfaac4866c1053c2b951fb9d664f1fc1d88c2bb3450884ceec11956b3118acc4
LOTO6,1508,2020-08-13,9,13,28,29,32,40,41,mizuho_bank,https://www.mizuhobank.co.jp/takarakuji/check/loto/backnumber/detail.html?fromto=1501_1520&type=loto6,2026-08-21T01:52:22.905457+00:00,cfaac4866c1053c2b951fb9d664f1fc1d88c2bb3450884ceec11956b3118acc4
LOTO6,1509,2020-08-17,6,11,12,34,36,41,43,mizuho_bank,https://www.mizuhobank.co.jp/takarakuji/check/loto/backnumber/detail.html?fromto=1501_1520&type=loto6,2026-08-21T01:52:22.905457+00:00,cfaac4866c1053c2b951fb9d664f1fc1d88c2bb3450884ceec11956b3118acc4
LOTO6,1510,2020-08-20,8,13,17,18,21,38,23,mizuho_bank,https://www.mizuhobank.co.jp/takarakuji/check/loto/backnumber/detail.html?fromto=1501_1520&type=loto6,2026-08-21T01:52:22.905457+00:00,cfaac4866c1053c2b951fb9d664f1fc1d88c2bb3450884ceec11956b3118acc4
LOTO6,1511,2020-08-24,11,16,22,24,38,40,6,mizuho_bank,https://www.mizuhobank.co.jp/takarakuji/check/loto/backnumber/detail.html?fromto=1501_1520&type=loto6,2026-08-21T01:52:22.905457+00:00,cfaac4866c1053c2b951fb9d664f1fc1d88c2bb3450884ceec11956b3118acc4
LOTO6,1512,2020-08-27,1,11,12,24,32,38,39,mizuho_bank,https://www.mizuhobank.co.jp/takarakuji/check/loto/backnumber/detail.html?fromto=1501_1520&type=loto6,2026-08-21T01:52:22.905457+00:00,cfaac4866c1053c2b951fb9d664f1fc1d88c2bb3450884ceec11956b3118acc4
LOTO6,1513,2020-08-31,13,14,18,19,25,42,5,mizuho_bank,https://www.mizuhobank.co.jp/takarakuji/check/loto/backnumber/detail.html?fromto=1501_1520&type=loto6,2026-08-21T01:52:22.905457+00:00,cfaac4866c1053c2b951fb9d664f1fc1d88c2bb3450884ceec11956b3118acc4
LOTO6,1514,2020-09-03,11,16,22,29,37,43,14,mizuho_bank,https://www.mizuhobank.co.jp/takarakuji/check/loto/backnumber/detail.html?fromto=1501_1520&type=loto6,2026-08-21T01:52:22.905457+00:00,cfaac4866c1053c2b951fb9d664f1fc1d88c2bb3450884ceec11956b3118acc4
LOTO6,1515,2020-09-07,5,9,17,21,27,29,30,mizuho_bank,https://www.mizuhobank.co.jp/takarakuji/check/loto/backnumber/detail.html?fromto=1501_1520&type=loto6,2026-08-21T01:52:22.905457+00:00,cfaac4866c1053c2b951fb9d664f1fc1d88c2bb3450884ceec11956b3118acc4
LOTO6,1516,2020-09-10,25,32,34,37,41,42,28,mizuho_bank,https://www.mizuhobank.co.jp/takarakuji/check/loto/backnumber/detail.html?fromto=1501_1520&type=loto6,2026-08-21T01:52:22.905457+00:00,cfaac4866c1053c2b951fb9d664f1fc1d88c2bb3450884ceec11956b3118acc4
LOTO6,1517,2020-09-14,14,25,27,30,39,41,8,mizuho_bank,https://www.mizuhobank.co.jp/takarakuji/check/loto/backnumber/detail.html?fromto=1501_1520&type=loto6,2026-08-21T01:52:22.905457+00:00,cfaac4866c1053c2b951fb9d664f1fc1d88c2bb3450884ceec11956b3118acc4
LOTO6,1518,2020-09-17,6,15,16,22,36,41,20,mizuho_bank,https://www.mizuhobank.co.jp/takarakuji/check/loto/backnumber/detail.html?fromto=1501_1520&type=loto6,2026-08-21T01:52:22.905457+00:00,cfaac4866c1053c2b951fb9d664f1fc1d88c2bb3450884ceec11956b3118acc4
LOTO6,1519,2020-09-21,5,8,20,21,27,43,9,mizuho_bank,https://www.mizuhobank.co.jp/takarakuji/check/loto/backnumber/detail.html?fromto=1501_1520&type=loto6,2026-08-21T01:52:22.905457+00:00,cfaac4866c1053c2b951fb9d664f1fc1d88c2bb3450884ceec11956b3118acc4
LOTO6,1520,2020-09-24,1,6,11,13,30,33,4,mizuho_bank,https://www.mizuhobank.co.jp/takarakuji/check/loto/backnumber/detail.html?fromto=1501_1520&type=loto6,2026-08-21T01:52:22.905457+00:00,cfaac4866c1053c2b951fb9d664f1fc1d88c2bb3450884ceec11956b3118acc4
LOTO6,1521,2020-09-28,17,21,22,40,41,42,13,mizuho_bank,https://www.mizuhobank.co.jp/takarakuji/check/loto/backnumber/detail.html?fromto=1521_1540&type=loto6,2026-08-21T01:52:22.166053+00:00,29fc255a735a594090a96a66fee0c2866cc2b2b38b479b75bca78848ee252248
LOTO6,1522,2020-10-01,5,17,21,22,32,35,41,mizuho_bank,https://www.mizuhobank.co.jp/takarakuji/check/loto/backnumber/detail.html?fromto=1521_1540&type=loto6,2026-08-21T01:52:22.166053+00:00,29fc255a735a594090a96a66fee0c2866cc2b2b38b479b75bca78848ee252248
LOTO6,1523,2020-10-05,2,15,17,25,34,38,27,mizuho_bank,https://www.mizuhobank.co.jp/takarakuji/check/loto/backnumber/detail.html?fromto=1521_1540&type=loto6,2026-08-21T01:52:22.166053+00:00,29fc255a735a594090a96a66fee0c2866cc2b2b38b479b75bca78848ee252248
LOTO6,1524,2020-10-08,2,3,15,24,30,43,39,mizuho_bank,https://www.mizuhobank.co.jp/takarakuji/check/loto/backnumber/detail.html?fromto=1521_1540&type=loto6,2026-08-21T01:52:22.166053+00:00,29fc255a735a594090a96a66fee0c2866cc2b2b38b479b75bca78848ee252248
LOTO6,1525,2020-10-12,3,7,20,21,28,32,24,mizuho_bank,https://www.mizuhobank.co.jp/takarakuji/check/loto/backnumber/detail.html?fromto=1521_1540&type=loto6,2026-08-21T01:52:22.166053+00:00,29fc255a735a594090a96a66fee0c2866cc2b2b38b479b75bca78848ee252248
LOTO6,1526,2020-10-15,4,17,19,21,39,41,36,mizuho_bank,https://www.mizuhobank.co.jp/takarakuji/check/loto/backnumber/detail.html?fromto=1521_1540&type=loto6,2026-08-21T01:52:22.166053+00:00,29fc255a735a594090a96a66fee0c2866cc2b2b38b479b75bca78848ee252248
LOTO6,1527,2020-10-19,2,5,9,11,27,32,33,mizuho_bank,https://www.mizuhobank.co.jp/takarakuji/check/loto/backnumber/detail.html?fromto=1521_1540&type=loto6,2026-08-21T01:52:22.166053+00:00,29fc255a735a594090a96a66fee0c2866cc2b2b38b479b75bca78848ee252248
LOTO6,1528,2020-10-22,1,14,17,34,35,37,16,mizuho_bank,https://www.mizuhobank.co.jp/takarakuji/check/loto/backnumber/detail.html?fromto=1521_1540&type=loto6,2026-08-21T01:52:22.166053+00:00,29fc255a735a594090a96a66fee0c2866cc2b2b38b479b75bca78848ee252248
LOTO6,1529,2020-10-26,3,19,26,28,33,40,1,mizuho_bank,https://www.mizuhobank.co.jp/takarakuji/check/loto/backnumber/detail.html?fromto=1521_1540&type=loto6,2026-08-21T01:52:22.166053+00:00,29fc255a735a594090a96a66fee0c2866cc2b2b38b479b75bca78848ee252248
LOTO6,1530,2020-10-29,2,5,10,34,37,40,7,mizuho_bank,https://www.mizuhobank.co.jp/takarakuji/check/loto/backnumber/detail.html?fromto=1521_1540&type=loto6,2026-08-21T01:52:22.166053+00:00,29fc255a735a594090a96a66fee0c2866cc2b2b38b479b75bca78848ee252248
LOTO6,1531,2020-11-02,2,6,7,10,30,33,14,mizuho_bank,https://www.mizuhobank.co.jp/takarakuji/check/loto/backnumber/detail.html?fromto=1521_1540&type=loto6,2026-08-21T01:52:22.166053+00:00,29fc255a735a594090a96a66fee0c2866cc2b2b38b479b75bca78848ee252248
LOTO6,1532,2020-11-05,2,9,14,16,17,21,34,mizuho_bank,https://www.mizuhobank.co.jp/takarakuji/check/loto/backnumber/detail.html?fromto=1521_1540&type=loto6,2026-08-21T01:52:22.166053+00:00,29fc255a735a594090a96a66fee0c2866cc2b2b38b479b75bca78848ee252248
LOTO6,1533,2020-11-09,15,22,27,37,38,41,5,mizuho_bank,https://www.mizuhobank.co.jp/takarakuji/check/loto/backnumber/detail.html?fromto=1521_1540&type=loto6,2026-08-21T01:52:22.166053+00:00,29fc255a735a594090a96a66fee0c2866cc2b2b38b479b75bca78848ee252248
LOTO6,1534,2020-11-12,1,9,18,22,24,43,39,mizuho_bank,https://www.mizuhobank.co.jp/takarakuji/check/loto/backnumber/detail.html?fromto=1521_1540&type=loto6,2026-08-21T01:52:22.166053+00:00,29fc255a735a594090a96a66fee0c2866cc2b2b38b479b75bca78848ee252248
LOTO6,1535,2020-11-16,1,9,14,30,35,38,32,mizuho_bank,https://www.mizuhobank.co.jp/takarakuji/check/loto/backnumber/detail.html?fromto=1521_1540&type=loto6,2026-08-21T01:52:22.166053+00:00,29fc255a735a594090a96a66fee0c2866cc2b2b38b479b75bca78848ee252248
LOTO6,1536,2020-11-19,2,5,9,30,37,40,28,mizuho_bank,https://www.mizuhobank.co.jp/takarakuji/check/loto/backnumber/detail.html?fromto=1521_1540&type=loto6,2026-08-21T01:52:22.166053+00:00,29fc255a735a594090a96a66fee0c2866cc2b2b38b479b75bca78848ee252248
LOTO6,1537,2020-11-23,6,13,14,32,33,37,20,mizuho_bank,https://www.mizuhobank.co.jp/takarakuji/check/loto/backnumber/detail.html?fromto=1521_1540&type=loto6,2026-08-21T01:52:22.166053+00:00,29fc255a735a594090a96a66fee0c2866cc2b2b38b479b75bca78848ee252248
LOTO6,1538,2020-11-26,8,14,19,33,35,40,38,mizuho_bank,https://www.mizuhobank.co.jp/takarakuji/check/loto/backnumber/detail.html?fromto=1521_1540&type=loto6,2026-08-21T01:52:22.166053+00:00,29fc255a735a594090a96a66fee0c2866cc2b2b38b479b75bca78848ee252248
LOTO6,1539,2020-11-30,13,29,33,37,41,42,43,mizuho_bank,https://www.mizuhobank.co.jp/takarakuji/check/loto/backnumber/detail.html?fromto=1521_1540&type=loto6,2026-08-21T01:52:22.166053+00:00,29fc255a735a594090a96a66fee0c2866cc2b2b38b479b75bca78848ee252248
LOTO6,1540,2020-12-03,1,20,25,28,33,37,31,mizuho_bank,https://www.mizuhobank.co.jp/takarakuji/check/loto/backnumber/detail.html?fromto=1521_1540&type=loto6,2026-08-21T01:52:22.166053+00:00,29fc255a735a594090a96a66fee0c2866cc2b2b38b479b75bca78848ee252248
LOTO6,1541,2020-12-07,12,26,28,32,33,35,41,mizuho_bank,https://www.mizuhobank.co.jp/takarakuji/check/loto/backnumber/detail.html?fromto=1541_1560&type=loto6,2026-08-21T01:52:21.409578+00:00,d43d56e87cbb3e5ec78c915ae661aca38e0a4e923d733675898e7acb40cf6c9c
LOTO6,1542,2020-12-10,11,12,16,17,20,36,18,mizuho_bank,https://www.mizuhobank.co.jp/takarakuji/check/loto/backnumber/detail.html?fromto=1541_1560&type=loto6,2026-08-21T01:52:21.409578+00:00,d43d56e87cbb3e5ec78c915ae661aca38e0a4e923d733675898e7acb40cf6c9c
LOTO6,1543,2020-12-14,17,21,26,33,36,38,34,mizuho_bank,https://www.mizuhobank.co.jp/takarakuji/check/loto/backnumber/detail.html?fromto=1541_1560&type=loto6,2026-08-21T01:52:21.409578+00:00,d43d56e87cbb3e5ec78c915ae661aca38e0a4e923d733675898e7acb40cf6c9c
LOTO6,1544,2020-12-17,3,11,25,26,39,42,34,mizuho_bank,https://www.mizuhobank.co.jp/takarakuji/check/loto/backnumber/detail.html?fromto=1541_1560&type=loto6,2026-08-21T01:52:21.409578+00:00,d43d56e87cbb3e5ec78c915ae661aca38e0a4e923d733675898e7acb40cf6c9c
LOTO6,1545,2020-12-21,8,14,15,26,37,43,12,mizuho_bank,https://www.mizuhobank.co.jp/takarakuji/check/loto/backnumber/detail.html?fromto=1541_1560&type=loto6,2026-08-21T01:52:21.409578+00:00,d43d56e87cbb3e5ec78c915ae661aca38e0a4e923d733675898e7acb40cf6c9c
LOTO6,1546,2020-12-24,1,18,19,24,31,40,16,mizuho_bank,https://www.mizuhobank.co.jp/takarakuji/check/loto/backnumber/detail.html?fromto=1541_1560&type=loto6,2026-08-21T01:52:21.409578+00:00,d43d56e87cbb3e5ec78c915ae661aca38e0a4e923d733675898e7acb40cf6c9c
LOTO6,1547,2020-12-28,4,11,14,17,22,39,21,mizuho_bank,https://www.mizuhobank.co.jp/takarakuji/check/loto/backnumber/detail.html?fromto=1541_1560&type=loto6,2026-08-21T01:52:21.409578+00:00,d43d56e87cbb3e5ec78c915ae661aca38e0a4e923d733675898e7acb40cf6c9c
LOTO6,1548,2021-01-04,18,24,26,35,39,42,32,mizuho_bank,https://www.mizuhobank.co.jp/takarakuji/check/loto/backnumber/detail.html?fromto=1541_1560&type=loto6,2026-08-21T01:52:21.409578+00:00,d43d56e87cbb3e5ec78c915ae661aca38e0a4e923d733675898e7acb40cf6c9c
LOTO6,1549,2021-01-07,4,5,27,28,35,41,33,mizuho_bank,https://www.mizuhobank.co.jp/takarakuji/check/loto/backnumber/detail.html?fromto=1541_1560&type=loto6,2026-08-21T01:52:21.409578+00:00,d43d56e87cbb3e5ec78c915ae661aca38e0a4e923d733675898e7acb40cf6c9c
LOTO6,1550,2021-01-11,8,11,22,32,37,42,41,mizuho_bank,https://www.mizuhobank.co.jp/takarakuji/check/loto/backnumber/detail.html?fromto=1541_1560&type=loto6,2026-08-21T01:52:21.409578+00:00,d43d56e87cbb3e5ec78c915ae661aca38e0a4e923d733675898e7acb40cf6c9c
LOTO6,1551,2021-01-14,3,14,18,24,38,43,23,mizuho_bank,https://www.mizuhobank.co.jp/takarakuji/check/loto/backnumber/detail.html?fromto=1541_1560&type=loto6,2026-08-21T01:52:21.409578+00:00,d43d56e87cbb3e5ec78c915ae661aca38e0a4e923d733675898e7acb40cf6c9c
LOTO6,1552,2021-01-18,5,9,15,30,32,39,11,mizuho_bank,https://www.mizuhobank.co.jp/takarakuji/check/loto/backnumber/detail.html?fromto=1541_1560&type=loto6,2026-08-21T01:52:21.409578+00:00,d43d56e87cbb3e5ec78c915ae661aca38e0a4e923d733675898e7acb40cf6c9c
LOTO6,1553,2021-01-21,7,8,16,32,41,42,31,mizuho_bank,https://www.mizuhobank.co.jp/takarakuji/check/loto/backnumber/detail.html?fromto=1541_1560&type=loto6,2026-08-21T01:52:21.409578+00:00,d43d56e87cbb3e5ec78c915ae661aca38e0a4e923d733675898e7acb40cf6c9c
LOTO6,1554,2021-01-25,6,14,16,27,40,42,26,mizuho_bank,https://www.mizuhobank.co.jp/takarakuji/check/loto/backnumber/detail.html?fromto=1541_1560&type=loto6,2026-08-21T01:52:21.409578+00:00,d43d56e87cbb3e5ec78c915ae661aca38e0a4e923d733675898e7acb40cf6c9c
LOTO6,1555,2021-01-28,2,8,17,23,24,27,5,mizuho_bank,https://www.mizuhobank.co.jp/takarakuji/check/loto/backnumber/detail.html?fromto=1541_1560&type=loto6,2026-08-21T01:52:21.409578+00:00,d43d56e87cbb3e5ec78c915ae661aca38e0a4e923d733675898e7acb40cf6c9c
LOTO6,1556,2021-02-01,10,19,28,30,38,42,18,mizuho_bank,https://www.mizuhobank.co.jp/takarakuji/check/loto/backnumber/detail.html?fromto=1541_1560&type=loto6,2026-08-21T01:52:21.409578+00:00,d43d56e87cbb3e5ec78c915ae661aca38e0a4e923d733675898e7acb40cf6c9c
LOTO6,1557,2021-02-04,5,21,22,23,26,39,31,mizuho_bank,https://www.mizuhobank.co.jp/takarakuji/check/loto/backnumber/detail.html?fromto=1541_1560&type=loto6,2026-08-21T01:52:21.409578+00:00,d43d56e87cbb3e5ec78c915ae661aca38e0a4e923d733675898e7acb40cf6c9c
LOTO6,1558,2021-02-08,1,12,25,27,39,42,16,mizuho_bank,https://www.mizuhobank.co.jp/takarakuji/check/loto/backnumber/detail.html?fromto=1541_1560&type=loto6,2026-08-21T01:52:21.409578+00:00,d43d56e87cbb3e5ec78c915ae661aca38e0a4e923d733675898e7acb40cf6c9c
LOTO6,1559,2021-02-11,4,15,17,20,26,31,43,mizuho_bank,https://www.mizuhobank.co.jp/takarakuji/check/loto/backnumber/detail.html?fromto=1541_1560&type=loto6,2026-08-21T01:52:21.409578+00:00,d43d56e87cbb3e5ec78c915ae661aca38e0a4e923d733675898e7acb40cf6c9c
LOTO6,1560,2021-02-15,7,19,24,32,40,42,22,mizuho_bank,https://www.mizuhobank.co.jp/takarakuji/check/loto/backnumber/detail.html?fromto=1541_1560&type=loto6,2026-08-21T01:52:21.409578+00:00,d43d56e87cbb3e5ec78c915ae661aca38e0a4e923d733675898e7acb40cf6c9c
LOTO6,1561,2021-02-18,12,15,26,34,35,38,7,mizuho_bank,https://www.mizuhobank.co.jp/takarakuji/check/loto/backnumber/detail.html?fromto=1561_1580&type=loto6,2026-08-21T01:52:20.781631+00:00,4eab1b167f546364632f2355edde2051ae82e3dd72c9be153a7220ab7fc0c513
LOTO6,1562,2021-02-22,2,4,15,16,26,33,25,mizuho_bank,https://www.mizuhobank.co.jp/takarakuji/check/loto/backnumber/detail.html?fromto=1561_1580&type=loto6,2026-08-21T01:52:20.781631+00:00,4eab1b167f546364632f2355edde2051ae82e3dd72c9be153a7220ab7fc0c513
LOTO6,1563,2021-02-25,1,12,20,26,35,37,2,mizuho_bank,https://www.mizuhobank.co.jp/takarakuji/check/loto/backnumber/detail.html?fromto=1561_1580&type=loto6,2026-08-21T01:52:20.781631+00:00,4eab1b167f546364632f2355edde2051ae82e3dd72c9be153a7220ab7fc0c513
LOTO6,1564,2021-03-01,5,6,18,20,27,37,7,mizuho_bank,https://www.mizuhobank.co.jp/takarakuji/check/loto/backnumber/detail.html?fromto=1561_1580&type=loto6,2026-08-21T01:52:20.781631+00:00,4eab1b167f546364632f2355edde2051ae82e3dd72c9be153a7220ab7fc0c513
LOTO6,1565,2021-03-04,5,9,17,28,30,37,27,mizuho_bank,https://www.mizuhobank.co.jp/takarakuji/check/loto/backnumber/detail.html?fromto=1561_1580&type=loto6,2026-08-21T01:52:20.781631+00:00,4eab1b167f546364632f2355edde2051ae82e3dd72c9be153a7220ab7fc0c513
LOTO6,1566,2021-03-08,12,13,20,24,30,35,34,mizuho_bank,https://www.mizuhobank.co.jp/takarakuji/check/loto/backnumber/detail.html?fromto=1561_1580&type=loto6,2026-08-21T01:52:20.781631+00:00,4eab1b167f546364632f2355edde2051ae82e3dd72c9be153a7220ab7fc0c513
LOTO6,1567,2021-03-11,5,7,19,26,37,40,34,mizuho_bank,https://www.mizuhobank.co.jp/takarakuji/check/loto/backnumber/detail.html?fromto=1561_1580&type=loto6,2026-08-21T01:52:20.781631+00:00,4eab1b167f546364632f2355edde2051ae82e3dd72c9be153a7220ab7fc0c513
LOTO6,1568,2021-03-15,2,5,7,10,16,34,14,mizuho_bank,https://www.mizuhobank.co.jp/takarakuji/check/loto/backnumber/detail.html?fromto=1561_1580&type=loto6,2026-08-21T01:52:20.781631+00:00,4eab1b167f546364632f2355edde2051ae82e3dd72c9be153a7220ab7fc0c513
LOTO6,1569,2021-03-18,2,8,29,31,32,33,16,mizuho_bank,https://www.mizuhobank.co.jp/takarakuji/check/loto/backnumber/detail.html?fromto=1561_1580&type=loto6,2026-08-21T01:52:20.781631+00:00,4eab1b167f546364632f2355edde2051ae82e3dd72c9be153a7220ab7fc0c513
LOTO6,1570,2021-03-22,1,19,22,23,31,36,24,mizuho_bank,https://www.mizuhobank.co.jp/takarakuji/check/loto/backnumber/detail.html?fromto=1561_1580&type=loto6,2026-08-21T01:52:20.781631+00:00,4eab1b167f546364632f2355edde2051ae82e3dd72c9be153a7220ab7fc0c513
LOTO6,1571,2021-03-25,1,2,5,25,40,41,26,mizuho_bank,https://www.mizuhobank.co.jp/takarakuji/check/loto/backnumber/detail.html?fromto=1561_1580&type=loto6,2026-08-21T01:52:20.781631+00:00,4eab1b167f546364632f2355edde2051ae82e3dd72c9be153a7220ab7fc0c513
LOTO6,1572,2021-03-29,4,6,10,19,28,38,40,mizuho_bank,https://www.mizuhobank.co.jp/takarakuji/check/loto/backnumber/detail.html?fromto=1561_1580&type=loto6,2026-08-21T01:52:20.781631+00:00,4eab1b167f546364632f2355edde2051ae82e3dd72c9be153a7220ab7fc0c513
LOTO6,1573,2021-04-01,2,10,16,38,39,43,11,mizuho_bank,https://www.mizuhobank.co.jp/takarakuji/check/loto/backnumber/detail.html?fromto=1561_1580&type=loto6,2026-08-21T01:52:20.781631+00:00,4eab1b167f546364632f2355edde2051ae82e3dd72c9be153a7220ab7fc0c513
LOTO6,1574,2021-04-05,1,2,3,20,31,32,13,mizuho_bank,https://www.mizuhobank.co.jp/takarakuji/check/loto/backnumber/detail.html?fromto=1561_1580&type=loto6,2026-08-21T01:52:20.781631+00:00,4eab1b167f546364632f2355edde2051ae82e3dd72c9be153a7220ab7fc0c513
LOTO6,1575,2021-04-08,2,8,15,24,32,39,9,mizuho_bank,https://www.mizuhobank.co.jp/takarakuji/check/loto/backnumber/detail.html?fromto=1561_1580&type=loto6,2026-08-21T01:52:20.781631+00:00,4eab1b167f546364632f2355edde2051ae82e3dd72c9be153a7220ab7fc0c513
LOTO6,1576,2021-04-12,5,7,10,17,29,32,37,mizuho_bank,https://www.mizuhobank.co.jp/takarakuji/check/loto/backnumber/detail.html?fromto=1561_1580&type=loto6,2026-08-21T01:52:20.781631+00:00,4eab1b167f546364632f2355edde2051ae82e3dd72c9be153a7220ab7fc0c513
LOTO6,1577,2021-04-15,13,14,15,28,37,39,4,mizuho_bank,https://www.mizuhobank.co.jp/takarakuji/check/loto/backnumber/detail.html?fromto=1561_1580&type=loto6,2026-08-21T01:52:20.781631+00:00,4eab1b167f546364632f2355edde2051ae82e3dd72c9be153a7220ab7fc0c513
LOTO6,1578,2021-04-19,3,15,17,19,21,34,4,mizuho_bank,https://www.mizuhobank.co.jp/takarakuji/check/loto/backnumber/detail.html?fromto=1561_1580&type=loto6,2026-08-21T01:52:20.781631+00:00,4eab1b167f546364632f2355edde2051ae82e3dd72c9be153a7220ab7fc0c513
LOTO6,1579,2021-04-22,23,29,32,33,37,42,1,mizuho_bank,https://www.mizuhobank.co.jp/takarakuji/check/loto/backnumber/detail.html?fromto=1561_1580&type=loto6,2026-08-21T01:52:20.781631+00:00,4eab1b167f546364632f2355edde2051ae82e3dd72c9be153a7220ab7fc0c513
LOTO6,1580,2021-04-26,5,7,11,12,24,31,3,mizuho_bank,https://www.mizuhobank.co.jp/takarakuji/check/loto/backnumber/detail.html?fromto=1561_1580&type=loto6,2026-08-21T01:52:20.781631+00:00,4eab1b167f546364632f2355edde2051ae82e3dd72c9be153a7220ab7fc0c513
LOTO6,1581,2021-04-29,6,12,30,31,41,43,1,mizuho_bank,https://www.mizuhobank.co.jp/takarakuji/check/loto/backnumber/detail.html?fromto=1581_1600&type=loto6,2026-08-21T01:52:20.134593+00:00,d9e75346e3d56df477441980cf6c9efbf1bb76a484a07e2c8782ae4d71800cb0
LOTO6,1582,2021-05-03,18,32,35,36,39,41,28,mizuho_bank,https://www.mizuhobank.co.jp/takarakuji/check/loto/backnumber/detail.html?fromto=1581_1600&type=loto6,2026-08-21T01:52:20.134593+00:00,d9e75346e3d56df477441980cf6c9efbf1bb76a484a07e2c8782ae4d71800cb0
LOTO6,1583,2021-05-06,5,7,16,34,39,41,29,mizuho_bank,https://www.mizuhobank.co.jp/takarakuji/check/loto/backnumber/detail.html?fromto=1581_1600&type=loto6,2026-08-21T01:52:20.134593+00:00,d9e75346e3d56df477441980cf6c9efbf1bb76a484a07e2c8782ae4d71800cb0
LOTO6,1584,2021-05-10,13,15,18,30,37,43,9,mizuho_bank,https://www.mizuhobank.co.jp/takarakuji/check/loto/backnumber/detail.html?fromto=1581_1600&type=loto6,2026-08-21T01:52:20.134593+00:00,d9e75346e3d56df477441980cf6c9efbf1bb76a484a07e2c8782ae4d71800cb0
LOTO6,1585,2021-05-13,2,6,10,13,16,32,9,mizuho_bank,https://www.mizuhobank.co.jp/takarakuji/check/loto/backnumber/detail.html?fromto=1581_1600&type=loto6,2026-08-21T01:52:20.134593+00:00,d9e75346e3d56df477441980cf6c9efbf1bb76a484a07e2c8782ae4d71800cb0
LOTO6,1586,2021-05-17,2,13,19,27,40,42,14,mizuho_bank,https://www.mizuhobank.co.jp/takarakuji/check/loto/backnumber/detail.html?fromto=1581_1600&type=loto6,2026-08-21T01:52:20.134593+00:00,d9e75346e3d56df477441980cf6c9efbf1bb76a484a07e2c8782ae4d71800cb0
LOTO6,1587,2021-05-20,16,21,22,27,36,43,37,mizuho_bank,https://www.mizuhobank.co.jp/takarakuji/check/loto/backnumber/detail.html?fromto=1581_1600&type=loto6,2026-08-21T01:52:20.134593+00:00,d9e75346e3d56df477441980cf6c9efbf1bb76a484a07e2c8782ae4d71800cb0
LOTO6,1588,2021-05-24,6,16,27,31,32,34,11,mizuho_bank,https://www.mizuhobank.co.jp/takarakuji/check/loto/backnumber/detail.html?fromto=1581_1600&type=loto6,2026-08-21T01:52:20.134593+00:00,d9e75346e3d56df477441980cf6c9efbf1bb76a484a07e2c8782ae4d71800cb0
LOTO6,1589,2021-05-27,11,21,25,31,36,39,32,mizuho_bank,https://www.mizuhobank.co.jp/takarakuji/check/loto/backnumber/detail.html?fromto=1581_1600&type=loto6,2026-08-21T01:52:20.134593+00:00,d9e75346e3d56df477441980cf6c9efbf1bb76a484a07e2c8782ae4d71800cb0
LOTO6,1590,2021-05-31,10,12,15,29,33,42,17,mizuho_bank,https://www.mizuhobank.co.jp/takarakuji/check/loto/backnumber/detail.html?fromto=1581_1600&type=loto6,2026-08-21T01:52:20.134593+00:00,d9e75346e3d56df477441980cf6c9efbf1bb76a484a07e2c8782ae4d71800cb0
LOTO6,1591,2021-06-03,7,9,18,21,26,43,14,mizuho_bank,https://www.mizuhobank.co.jp/takarakuji/check/loto/backnumber/detail.html?fromto=1581_1600&type=loto6,2026-08-21T01:52:20.134593+00:00,d9e75346e3d56df477441980cf6c9efbf1bb76a484a07e2c8782ae4d71800cb0
LOTO6,1592,2021-06-07,4,16,25,30,36,43,19,mizuho_bank,https://www.mizuhobank.co.jp/takarakuji/check/loto/backnumber/detail.html?fromto=1581_1600&type=loto6,2026-08-21T01:52:20.134593+00:00,d9e75346e3d56df477441980cf6c9efbf1bb76a484a07e2c8782ae4d71800cb0
LOTO6,1593,2021-06-10,6,17,18,35,37,38,16,mizuho_bank,https://www.mizuhobank.co.jp/takarakuji/check/loto/backnumber/detail.html?fromto=1581_1600&type=loto6,2026-08-21T01:52:20.134593+00:00,d9e75346e3d56df477441980cf6c9efbf1bb76a484a07e2c8782ae4d71800cb0
LOTO6,1594,2021-06-14,1,5,6,13,34,36,18,mizuho_bank,https://www.mizuhobank.co.jp/takarakuji/check/loto/backnumber/detail.html?fromto=1581_1600&type=loto6,2026-08-21T01:52:20.134593+00:00,d9e75346e3d56df477441980cf6c9efbf1bb76a484a07e2c8782ae4d71800cb0
LOTO6,1595,2021-06-17,16,21,30,32,40,43,15,mizuho_bank,https://www.mizuhobank.co.jp/takarakuji/check/loto/backnumber/detail.html?fromto=1581_1600&type=loto6,2026-08-21T01:52:20.134593+00:00,d9e75346e3d56df477441980cf6c9efbf1bb76a484a07e2c8782ae4d71800cb0
LOTO6,1596,2021-06-21,10,15,30,35,42,43,26,mizuho_bank,https://www.mizuhobank.co.jp/takarakuji/check/loto/backnumber/detail.html?fromto=1581_1600&type=loto6,2026-08-21T01:52:20.134593+00:00,d9e75346e3d56df477441980cf6c9efbf1bb76a484a07e2c8782ae4d71800cb0
LOTO6,1597,2021-06-24,2,3,8,17,23,32,12,mizuho_bank,https://www.mizuhobank.co.jp/takarakuji/check/loto/backnumber/detail.html?fromto=1581_1600&type=loto6,2026-08-21T01:52:20.134593+00:00,d9e75346e3d56df477441980cf6c9efbf1bb76a484a07e2c8782ae4d71800cb0
LOTO6,1598,2021-06-28,9,11,26,28,39,43,1,mizuho_bank,https://www.mizuhobank.co.jp/takarakuji/check/loto/backnumber/detail.html?fromto=1581_1600&type=loto6,2026-08-21T01:52:20.134593+00:00,d9e75346e3d56df477441980cf6c9efbf1bb76a484a07e2c8782ae4d71800cb0
LOTO6,1599,2021-07-01,1,2,20,22,35,38,4,mizuho_bank,https://www.mizuhobank.co.jp/takarakuji/check/loto/backnumber/detail.html?fromto=1581_1600&type=loto6,2026-08-21T01:52:20.134593+00:00,d9e75346e3d56df477441980cf6c9efbf1bb76a484a07e2c8782ae4d71800cb0
LOTO6,1600,2021-07-05,7,14,22,35,37,39,24,mizuho_bank,https://www.mizuhobank.co.jp/takarakuji/check/loto/backnumber/detail.html?fromto=1581_1600&type=loto6,2026-08-21T01:52:20.134593+00:00,d9e75346e3d56df477441980cf6c9efbf1bb76a484a07e2c8782ae4d71800cb0
LOTO6,1601,2021-07-08,6,13,17,18,21,41,37,mizuho_bank,https://www.mizuhobank.co.jp/takarakuji/check/loto/backnumber/detail.html?fromto=1601_1620&type=loto6,2026-08-21T01:52:19.405560+00:00,25fdd7c12d0062ea27d15d7294e26c5222f777c0098e430bd045eb219af1e1c1
LOTO6,1602,2021-07-12,1,2,7,14,32,42,33,mizuho_bank,https://www.mizuhobank.co.jp/takarakuji/check/loto/backnumber/detail.html?fromto=1601_1620&type=loto6,2026-08-21T01:52:19.405560+00:00,25fdd7c12d0062ea27d15d7294e26c5222f777c0098e430bd045eb219af1e1c1
LOTO6,1603,2021-07-15,4,6,32,35,40,42,26,mizuho_bank,https://www.mizuhobank.co.jp/takarakuji/check/loto/backnumber/detail.html?fromto=1601_1620&type=loto6,2026-08-21T01:52:19.405560+00:00,25fdd7c12d0062ea27d15d7294e26c5222f777c0098e430bd045eb219af1e1c1
LOTO6,1604,2021-07-19,12,21,23,36,37,38,6,mizuho_bank,https://www.mizuhobank.co.jp/takarakuji/check/loto/backnumber/detail.html?fromto=1601_1620&type=loto6,2026-08-21T01:52:19.405560+00:00,25fdd7c12d0062ea27d15d7294e26c5222f777c0098e430bd045eb219af1e1c1
LOTO6,1605,2021-07-22,2,5,8,20,29,40,6,mizuho_bank,https://www.mizuhobank.co.jp/takarakuji/check/loto/backnumber/detail.html?fromto=1601_1620&type=loto6,2026-08-21T01:52:19.405560+00:00,25fdd7c12d0062ea27d15d7294e26c5222f777c0098e430bd045eb219af1e1c1
LOTO6,1606,2021-07-26,18,23,25,26,32,34,43,mizuho_bank,https://www.mizuhobank.co.jp/takarakuji/check/loto/backnumber/detail.html?fromto=1601_1620&type=loto6,2026-08-21T01:52:19.405560+00:00,25fdd7c12d0062ea27d15d7294e26c5222f777c0098e430bd045eb219af1e1c1
LOTO6,1607,2021-07-29,10,13,14,15,17,22,40,mizuho_bank,https://www.mizuhobank.co.jp/takarakuji/check/loto/backnumber/detail.html?fromto=1601_1620&type=loto6,2026-08-21T01:52:19.405560+00:00,25fdd7c12d0062ea27d15d7294e26c5222f777c0098e430bd045eb219af1e1c1
LOTO6,1608,2021-08-02,10,18,22,23,25,35,19,mizuho_bank,https://www.mizuhobank.co.jp/takarakuji/check/loto/backnumber/detail.html?fromto=1601_1620&type=loto6,2026-08-21T01:52:19.405560+00:00,25fdd7c12d0062ea27d15d7294e26c5222f777c0098e430bd045eb219af1e1c1
LOTO6,1609,2021-08-05,4,12,16,34,35,41,5,mizuho_bank,https://www.mizuhobank.co.jp/takarakuji/check/loto/backnumber/detail.html?fromto=1601_1620&type=loto6,2026-08-21T01:52:19.405560+00:00,25fdd7c12d0062ea27d15d7294e26c5222f777c0098e430bd045eb219af1e1c1
LOTO6,1610,2021-08-09,1,8,13,22,41,42,40,mizuho_bank,https://www.mizuhobank.co.jp/takarakuji/check/loto/backnumber/detail.html?fromto=1601_1620&type=loto6,2026-08-21T01:52:19.405560+00:00,25fdd7c12d0062ea27d15d7294e26c5222f777c0098e430bd045eb219af1e1c1
LOTO6,1611,2021-08-12,3,14,16,24,32,36,34,mizuho_bank,https://www.mizuhobank.co.jp/takarakuji/check/loto/backnumber/detail.html?fromto=1601_1620&type=loto6,2026-08-21T01:52:19.405560+00:00,25fdd7c12d0062ea27d15d7294e26c5222f777c0098e430bd045eb219af1e1c1
LOTO6,1612,2021-08-16,5,8,12,16,27,38,42,mizuho_bank,https://www.mizuhobank.co.jp/takarakuji/check/loto/backnumber/detail.html?fromto=1601_1620&type=loto6,2026-08-21T01:52:19.405560+00:00,25fdd7c12d0062ea27d15d7294e26c5222f777c0098e430bd045eb219af1e1c1
LOTO6,1613,2021-08-19,9,17,22,25,30,41,15,mizuho_bank,https://www.mizuhobank.co.jp/takarakuji/check/loto/backnumber/detail.html?fromto=1601_1620&type=loto6,2026-08-21T01:52:19.405560+00:00,25fdd7c12d0062ea27d15d7294e26c5222f777c0098e430bd045eb219af1e1c1
LOTO6,1614,2021-08-23,4,5,20,29,40,43,24,mizuho_bank,https://www.mizuhobank.co.jp/takarakuji/check/loto/backnumber/detail.html?fromto=1601_1620&type=loto6,2026-08-21T01:52:19.405560+00:00,25fdd7c12d0062ea27d15d7294e26c5222f777c0098e430bd045eb219af1e1c1
LOTO6,1615,2021-08-26,2,5,6,13,19,29,25,mizuho_bank,https://www.mizuhobank.co.jp/takarakuji/check/loto/backnumber/detail.html?fromto=1601_1620&type=loto6,2026-08-21T01:52:19.405560+00:00,25fdd7c12d0062ea27d15d7294e26c5222f777c0098e430bd045eb219af1e1c1
LOTO6,1616,2021-08-30,1,4,6,21,34,41,12,mizuho_bank,https://www.mizuhobank.co.jp/takarakuji/check/loto/backnumber/detail.html?fromto=1601_1620&type=loto6,2026-08-21T01:52:19.405560+00:00,25fdd7c12d0062ea27d15d7294e26c5222f777c0098e430bd045eb219af1e1c1
LOTO6,1617,2021-09-02,2,19,21,24,26,41,23,mizuho_bank,https://www.mizuhobank.co.jp/takarakuji/check/loto/backnumber/detail.html?fromto=1601_1620&type=loto6,2026-08-21T01:52:19.405560+00:00,25fdd7c12d0062ea27d15d7294e26c5222f777c0098e430bd045eb219af1e1c1
LOTO6,1618,2021-09-06,2,10,14,17,37,43,38,mizuho_bank,https://www.mizuhobank.co.jp/takarakuji/check/loto/backnumber/detail.html?fromto=1601_1620&type=loto6,2026-08-21T01:52:19.405560+00:00,25fdd7c12d0062ea27d15d7294e26c5222f777c0098e430bd045eb219af1e1c1
LOTO6,1619,2021-09-09,3,5,17,20,24,38,13,mizuho_bank,https://www.mizuhobank.co.jp/takarakuji/check/loto/backnumber/detail.html?fromto=1601_1620&type=loto6,2026-08-21T01:52:19.405560+00:00,25fdd7c12d0062ea27d15d7294e26c5222f777c0098e430bd045eb219af1e1c1
LOTO6,1620,2021-09-13,7,15,19,24,25,28,11,mizuho_bank,https://www.mizuhobank.co.jp/takarakuji/check/loto/backnumber/detail.html?fromto=1601_1620&type=loto6,2026-08-21T01:52:19.405560+00:00,25fdd7c12d0062ea27d15d7294e26c5222f777c0098e430bd045eb219af1e1c1
LOTO6,1621,2021-09-16,3,10,22,23,26,39,1,mizuho_bank,https://www.mizuhobank.co.jp/takarakuji/check/loto/backnumber/detail.html?fromto=1621_1640&type=loto6,2026-08-21T01:52:18.639889+00:00,4bd1dacde3fb425c9bdd78d0b0d29d5db51f217107a3429fa47d6ec2ac87938a
LOTO6,1622,2021-09-20,16,29,34,35,40,41,26,mizuho_bank,https://www.mizuhobank.co.jp/takarakuji/check/loto/backnumber/detail.html?fromto=1621_1640&type=loto6,2026-08-21T01:52:18.639889+00:00,4bd1dacde3fb425c9bdd78d0b0d29d5db51f217107a3429fa47d6ec2ac87938a
LOTO6,1623,2021-09-23,7,12,15,17,19,29,22,mizuho_bank,https://www.mizuhobank.co.jp/takarakuji/check/loto/backnumber/detail.html?fromto=1621_1640&type=loto6,2026-08-21T01:52:18.639889+00:00,4bd1dacde3fb425c9bdd78d0b0d29d5db51f217107a3429fa47d6ec2ac87938a
LOTO6,1624,2021-09-27,3,5,17,25,33,39,19,mizuho_bank,https://www.mizuhobank.co.jp/takarakuji/check/loto/backnumber/detail.html?fromto=1621_1640&type=loto6,2026-08-21T01:52:18.639889+00:00,4bd1dacde3fb425c9bdd78d0b0d29d5db51f217107a3429fa47d6ec2ac87938a
LOTO6,1625,2021-09-30,1,4,8,11,30,42,9,mizuho_bank,https://www.mizuhobank.co.jp/takarakuji/check/loto/backnumber/detail.html?fromto=1621_1640&type=loto6,2026-08-21T01:52:18.639889+00:00,4bd1dacde3fb425c9bdd78d0b0d29d5db51f217107a3429fa47d6ec2ac87938a
LOTO6,1626,2021-10-04,9,11,19,23,30,43,27,mizuho_bank,https://www.mizuhobank.co.jp/takarakuji/check/loto/backnumber/detail.html?fromto=1621_1640&type=loto6,2026-08-21T01:52:18.639889+00:00,4bd1dacde3fb425c9bdd78d0b0d29d5db51f217107a3429fa47d6ec2ac87938a
LOTO6,1627,2021-10-07,21,22,23,26,36,38,13,mizuho_bank,https://www.mizuhobank.co.jp/takarakuji/check/loto/backnumber/detail.html?fromto=1621_1640&type=loto6,2026-08-21T01:52:18.639889+00:00,4bd1dacde3fb425c9bdd78d0b0d29d5db51f217107a3429fa47d6ec2ac87938a
LOTO6,1628,2021-10-11,1,3,10,12,26,42,13,mizuho_bank,https://www.mizuhobank.co.jp/takarakuji/check/loto/backnumber/detail.html?fromto=1621_1640&type=loto6,2026-08-21T01:52:18.639889+00:00,4bd1dacde3fb425c9bdd78d0b0d29d5db51f217107a3429fa47d6ec2ac87938a
LOTO6,1629,2021-10-14,19,23,30,31,32,40,13,mizuho_bank,https://www.mizuhobank.co.jp/takarakuji/check/loto/backnumber/detail.html?fromto=1621_1640&type=loto6,2026-08-21T01:52:18.639889+00:00,4bd1dacde3fb425c9bdd78d0b0d29d5db51f217107a3429fa47d6ec2ac87938a
LOTO6,1630,2021-10-18,10,11,24,33,34,36,42,mizuho_bank,https://www.mizuhobank.co.jp/takarakuji/check/loto/backnumber/detail.html?fromto=1621_1640&type=loto6,2026-08-21T01:52:18.639889+00:00,4bd1dacde3fb425c9bdd78d0b0d29d5db51f217107a3429fa47d6ec2ac87938a
LOTO6,1631,2021-10-21,7,15,23,26,30,35,36,mizuho_bank,https://www.mizuhobank.co.jp/takarakuji/check/loto/backnumber/detail.html?fromto=1621_1640&type=loto6,2026-08-21T01:52:18.639889+00:00,4bd1dacde3fb425c9bdd78d0b0d29d5db51f217107a3429fa47d6ec2ac87938a
LOTO6,1632,2021-10-25,1,9,24,28,31,41,2,mizuho_bank,https://www.mizuhobank.co.jp/takarakuji/check/loto/backnumber/detail.html?fromto=1621_1640&type=loto6,2026-08-21T01:52:18.639889+00:00,4bd1dacde3fb425c9bdd78d0b0d29d5db51f217107a3429fa47d6ec2ac87938a
LOTO6,1633,2021-10-28,3,7,9,26,35,36,28,mizuho_bank,https://www.mizuhobank.co.jp/takarakuji/check/loto/backnumber/detail.html?fromto=1621_1640&type=loto6,2026-08-21T01:52:18.639889+00:00,4bd1dacde3fb425c9bdd78d0b0d29d5db51f217107a3429fa47d6ec2ac87938a
LOTO6,1634,2021-11-01,18,19,20,23,29,35,17,mizuho_bank,https://www.mizuhobank.co.jp/takarakuji/check/loto/backnumber/detail.html?fromto=1621_1640&type=loto6,2026-08-21T01:52:18.639889+00:00,4bd1dacde3fb425c9bdd78d0b0d29d5db51f217107a3429fa47d6ec2ac87938a
LOTO6,1635,2021-11-04,4,8,19,32,36,43,30,mizuho_bank,https://www.mizuhobank.co.jp/takarakuji/check/loto/backnumber/detail.html?fromto=1621_1640&type=loto6,2026-08-21T01:52:18.639889+00:00,4bd1dacde3fb425c9bdd78d0b0d29d5db51f217107a3429fa47d6ec2ac87938a
LOTO6,1636,2021-11-08,1,12,24,26,30,36,29,mizuho_bank,https://www.mizuhobank.co.jp/takarakuji/check/loto/backnumber/detail.html?fromto=1621_1640&type=loto6,2026-08-21T01:52:18.639889+00:00,4bd1dacde3fb425c9bdd78d0b0d29d5db51f217107a3429fa47d6ec2ac87938a
LOTO6,1637,2021-11-11,2,3,11,16,27,36,29,mizuho_bank,https://www.mizuhobank.co.jp/takarakuji/check/loto/backnumber/detail.html?fromto=1621_1640&type=loto6,2026-08-21T01:52:18.639889+00:00,4bd1dacde3fb425c9bdd78d0b0d29d5db51f217107a3429fa47d6ec2ac87938a
LOTO6,1638,2021-11-15,21,25,26,35,39,40,18,mizuho_bank,https://www.mizuhobank.co.jp/takarakuji/check/loto/backnumber/detail.html?fromto=1621_1640&type=loto6,2026-08-21T01:52:18.639889+00:00,4bd1dacde3fb425c9bdd78d0b0d29d5db51f217107a3429fa47d6ec2ac87938a
LOTO6,1639,2021-11-18,5,9,13,20,26,32,28,mizuho_bank,https://www.mizuhobank.co.jp/takarakuji/check/loto/backnumber/detail.html?fromto=1621_1640&type=loto6,2026-08-21T01:52:18.639889+00:00,4bd1dacde3fb425c9bdd78d0b0d29d5db51f217107a3429fa47d6ec2ac87938a
LOTO6,1640,2021-11-22,8,9,19,21,27,30,17,mizuho_bank,https://www.mizuhobank.co.jp/takarakuji/check/loto/backnumber/detail.html?fromto=1621_1640&type=loto6,2026-08-21T01:52:18.639889+00:00,4bd1dacde3fb425c9bdd78d0b0d29d5db51f217107a3429fa47d6ec2ac87938a
LOTO6,1641,2021-11-25,2,5,7,12,16,20,33,mizuho_bank,https://www.mizuhobank.co.jp/takarakuji/check/loto/backnumber/detail.html?fromto=1641_1660&type=loto6,2026-08-21T01:52:18.018008+00:00,41ea4e0d1425e60423da16f3ed16182af69e6f887a6d5699193482a8a5971565
LOTO6,1642,2021-11-29,5,15,16,24,34,39,13,mizuho_bank,https://www.mizuhobank.co.jp/takarakuji/check/loto/backnumber/detail.html?fromto=1641_1660&type=loto6,2026-08-21T01:52:18.018008+00:00,41ea4e0d1425e60423da16f3ed16182af69e6f887a6d5699193482a8a5971565
LOTO6,1643,2021-12-02,10,11,12,15,16,40,33,mizuho_bank,https://www.mizuhobank.co.jp/takarakuji/check/loto/backnumber/detail.html?fromto=1641_1660&type=loto6,2026-08-21T01:52:18.018008+00:00,41ea4e0d1425e60423da16f3ed16182af69e6f887a6d5699193482a8a5971565
LOTO6,1644,2021-12-06,1,9,14,28,32,40,15,mizuho_bank,https://www.mizuhobank.co.jp/takarakuji/check/loto/backnumber/detail.html?fromto=1641_1660&type=loto6,2026-08-21T01:52:18.018008+00:00,41ea4e0d1425e60423da16f3ed16182af69e6f887a6d5699193482a8a5971565
LOTO6,1645,2021-12-09,2,8,13,14,33,40,6,mizuho_bank,https://www.mizuhobank.co.jp/takarakuji/check/loto/backnumber/detail.html?fromto=1641_1660&type=loto6,2026-08-21T01:52:18.018008+00:00,41ea4e0d1425e60423da16f3ed16182af69e6f887a6d5699193482a8a5971565
LOTO6,1646,2021-12-13,3,19,21,29,39,43,25,mizuho_bank,https://www.mizuhobank.co.jp/takarakuji/check/loto/backnumber/detail.html?fromto=1641_1660&type=loto6,2026-08-21T01:52:18.018008+00:00,41ea4e0d1425e60423da16f3ed16182af69e6f887a6d5699193482a8a5971565
LOTO6,1647,2021-12-16,3,8,14,15,19,35,12,mizuho_bank,https://www.mizuhobank.co.jp/takarakuji/check/loto/backnumber/detail.html?fromto=1641_1660&type=loto6,2026-08-21T01:52:18.018008+00:00,41ea4e0d1425e60423da16f3ed16182af69e6f887a6d5699193482a8a5971565
LOTO6,1648,2021-12-20,2,3,22,26,35,42,38,mizuho_bank,https://www.mizuhobank.co.jp/takarakuji/check/loto/backnumber/detail.html?fromto=1641_1660&type=loto6,2026-08-21T01:52:18.018008+00:00,41ea4e0d1425e60423da16f3ed16182af69e6f887a6d5699193482a8a5971565
LOTO6,1649,2021-12-23,8,16,19,23,29,41,1,mizuho_bank,https://www.mizuhobank.co.jp/takarakuji/check/loto/backnumber/detail.html?fromto=1641_1660&type=loto6,2026-08-21T01:52:18.018008+00:00,41ea4e0d1425e60423da16f3ed16182af69e6f887a6d5699193482a8a5971565
LOTO6,1650,2021-12-27,1,3,15,33,39,43,30,mizuho_bank,https://www.mizuhobank.co.jp/takarakuji/check/loto/backnumber/detail.html?fromto=1641_1660&type=loto6,2026-08-21T01:52:18.018008+00:00,41ea4e0d1425e60423da16f3ed16182af69e6f887a6d5699193482a8a5971565
LOTO6,1651,2021-12-30,7,12,15,21,27,32,28,mizuho_bank,https://www.mizuhobank.co.jp/takarakuji/check/loto/backnumber/detail.html?fromto=1641_1660&type=loto6,2026-08-21T01:52:18.018008+00:00,41ea4e0d1425e60423da16f3ed16182af69e6f887a6d5699193482a8a5971565
LOTO6,1652,2022-01-06,8,15,16,23,38,43,2,mizuho_bank,https://www.mizuhobank.co.jp/takarakuji/check/loto/backnumber/detail.html?fromto=1641_1660&type=loto6,2026-08-21T01:52:18.018008+00:00,41ea4e0d1425e60423da16f3ed16182af69e6f887a6d5699193482a8a5971565
LOTO6,1653,2022-01-10,2,7,10,12,29,36,6,mizuho_bank,https://www.mizuhobank.co.jp/takarakuji/check/loto/backnumber/detail.html?fromto=1641_1660&type=loto6,2026-08-21T01:52:18.018008+00:00,41ea4e0d1425e60423da16f3ed16182af69e6f887a6d5699193482a8a5971565
LOTO6,1654,2022-01-13,9,10,14,21,22,33,26,mizuho_bank,https://www.mizuhobank.co.jp/takarakuji/check/loto/backnumber/detail.html?fromto=1641_1660&type=loto6,2026-08-21T01:52:18.018008+00:00,41ea4e0d1425e60423da16f3ed16182af69e6f887a6d5699193482a8a5971565
LOTO6,1655,2022-01-17,21,23,31,38,42,43,40,mizuho_bank,https://www.mizuhobank.co.jp/takarakuji/check/loto/backnumber/detail.html?fromto=1641_1660&type=loto6,2026-08-21T01:52:18.018008+00:00,41ea4e0d1425e60423da16f3ed16182af69e6f887a6d5699193482a8a5971565
LOTO6,1656,2022-01-20,11,12,14,28,36,38,37,mizuho_bank,https://www.mizuhobank.co.jp/takarakuji/check/loto/backnumber/detail.html?fromto=1641_1660&type=loto6,2026-08-21T01:52:18.018008+00:00,41ea4e0d1425e60423da16f3ed16182af69e6f887a6d5699193482a8a5971565
LOTO6,1657,2022-01-24,11,13,16,19,20,38,25,mizuho_bank,https://www.mizuhobank.co.jp/takarakuji/check/loto/backnumber/detail.html?fromto=1641_1660&type=loto6,2026-08-21T01:52:18.018008+00:00,41ea4e0d1425e60423da16f3ed16182af69e6f887a6d5699193482a8a5971565
LOTO6,1658,2022-01-27,10,11,19,29,30,36,37,mizuho_bank,https://www.mizuhobank.co.jp/takarakuji/check/loto/backnumber/detail.html?fromto=1641_1660&type=loto6,2026-08-21T01:52:18.018008+00:00,41ea4e0d1425e60423da16f3ed16182af69e6f887a6d5699193482a8a5971565
LOTO6,1659,2022-01-31,4,10,23,25,37,42,6,mizuho_bank,https://www.mizuhobank.co.jp/takarakuji/check/loto/backnumber/detail.html?fromto=1641_1660&type=loto6,2026-08-21T01:52:18.018008+00:00,41ea4e0d1425e60423da16f3ed16182af69e6f887a6d5699193482a8a5971565
LOTO6,1660,2022-02-03,3,13,29,35,42,43,15,mizuho_bank,https://www.mizuhobank.co.jp/takarakuji/check/loto/backnumber/detail.html?fromto=1641_1660&type=loto6,2026-08-21T01:52:18.018008+00:00,41ea4e0d1425e60423da16f3ed16182af69e6f887a6d5699193482a8a5971565
LOTO6,1661,2022-02-07,6,14,31,35,38,43,12,mizuho_bank,https://www.mizuhobank.co.jp/takarakuji/check/loto/backnumber/detail.html?fromto=1661_1680&type=loto6,2026-08-21T01:52:17.183935+00:00,9f5ce5599ce48e0dca9c145e90c5fd0f57d161116ec2246b15781c190ec8a28e
LOTO6,1662,2022-02-10,4,17,18,25,26,27,32,mizuho_bank,https://www.mizuhobank.co.jp/takarakuji/check/loto/backnumber/detail.html?fromto=1661_1680&type=loto6,2026-08-21T01:52:17.183935+00:00,9f5ce5599ce48e0dca9c145e90c5fd0f57d161116ec2246b15781c190ec8a28e
LOTO6,1663,2022-02-14,1,6,19,21,27,39,3,mizuho_bank,https://www.mizuhobank.co.jp/takarakuji/check/loto/backnumber/detail.html?fromto=1661_1680&type=loto6,2026-08-21T01:52:17.183935+00:00,9f5ce5599ce48e0dca9c145e90c5fd0f57d161116ec2246b15781c190ec8a28e
LOTO6,1664,2022-02-17,7,10,17,20,21,27,15,mizuho_bank,https://www.mizuhobank.co.jp/takarakuji/check/loto/backnumber/detail.html?fromto=1661_1680&type=loto6,2026-08-21T01:52:17.183935+00:00,9f5ce5599ce48e0dca9c145e90c5fd0f57d161116ec2246b15781c190ec8a28e
LOTO6,1665,2022-02-21,19,22,24,29,34,41,9,mizuho_bank,https://www.mizuhobank.co.jp/takarakuji/check/loto/backnumber/detail.html?fromto=1661_1680&type=loto6,2026-08-21T01:52:17.183935+00:00,9f5ce5599ce48e0dca9c145e90c5fd0f57d161116ec2246b15781c190ec8a28e
LOTO6,1666,2022-02-24,14,16,26,37,41,43,31,mizuho_bank,https://www.mizuhobank.co.jp/takarakuji/check/loto/backnumber/detail.html?fromto=1661_1680&type=loto6,2026-08-21T01:52:17.183935+00:00,9f5ce5599ce48e0dca9c145e90c5fd0f57d161116ec2246b15781c190ec8a28e
LOTO6,1667,2022-02-28,5,8,18,25,40,43,17,mizuho_bank,https://www.mizuhobank.co.jp/takarakuji/check/loto/backnumber/detail.html?fromto=1661_1680&type=loto6,2026-08-21T01:52:17.183935+00:00,9f5ce5599ce48e0dca9c145e90c5fd0f57d161116ec2246b15781c190ec8a28e
LOTO6,1668,2022-03-03,5,16,21,24,31,34,29,mizuho_bank,https://www.mizuhobank.co.jp/takarakuji/check/loto/backnumber/detail.html?fromto=1661_1680&type=loto6,2026-08-21T01:52:17.183935+00:00,9f5ce5599ce48e0dca9c145e90c5fd0f57d161116ec2246b15781c190ec8a28e
LOTO6,1669,2022-03-07,2,4,13,14,22,29,26,mizuho_bank,https://www.mizuhobank.co.jp/takarakuji/check/loto/backnumber/detail.html?fromto=1661_1680&type=loto6,2026-08-21T01:52:17.183935+00:00,9f5ce5599ce48e0dca9c145e90c5fd0f57d161116ec2246b15781c190ec8a28e
LOTO6,1670,2022-03-10,1,16,20,23,32,37,18,mizuho_bank,https://www.mizuhobank.co.jp/takarakuji/check/loto/backnumber/detail.html?fromto=1661_1680&type=loto6,2026-08-21T01:52:17.183935+00:00,9f5ce5599ce48e0dca9c145e90c5fd0f57d161116ec2246b15781c190ec8a28e
LOTO6,1671,2022-03-14,16,27,37,38,39,43,10,mizuho_bank,https://www.mizuhobank.co.jp/takarakuji/check/loto/backnumber/detail.html?fromto=1661_1680&type=loto6,2026-08-21T01:52:17.183935+00:00,9f5ce5599ce48e0dca9c145e90c5fd0f57d161116ec2246b15781c190ec8a28e
LOTO6,1672,2022-03-17,6,17,22,27,37,42,34,mizuho_bank,https://www.mizuhobank.co.jp/takarakuji/check/loto/backnumber/detail.html?fromto=1661_1680&type=loto6,2026-08-21T01:52:17.183935+00:00,9f5ce5599ce48e0dca9c145e90c5fd0f57d161116ec2246b15781c190ec8a28e
LOTO6,1673,2022-03-21,24,33,35,36,41,43,21,mizuho_bank,https://www.mizuhobank.co.jp/takarakuji/check/loto/backnumber/detail.html?fromto=1661_1680&type=loto6,2026-08-21T01:52:17.183935+00:00,9f5ce5599ce48e0dca9c145e90c5fd0f57d161116ec2246b15781c190ec8a28e
LOTO6,1674,2022-03-24,14,19,25,29,33,43,31,mizuho_bank,https://www.mizuhobank.co.jp/takarakuji/check/loto/backnumber/detail.html?fromto=1661_1680&type=loto6,2026-08-21T01:52:17.183935+00:00,9f5ce5599ce48e0dca9c145e90c5fd0f57d161116ec2246b15781c190ec8a28e
LOTO6,1675,2022-03-28,2,3,17,27,28,34,6,mizuho_bank,https://www.mizuhobank.co.jp/takarakuji/check/loto/backnumber/detail.html?fromto=1661_1680&type=loto6,2026-08-21T01:52:17.183935+00:00,9f5ce5599ce48e0dca9c145e90c5fd0f57d161116ec2246b15781c190ec8a28e
LOTO6,1676,2022-03-31,5,13,21,27,31,36,11,mizuho_bank,https://www.mizuhobank.co.jp/takarakuji/check/loto/backnumber/detail.html?fromto=1661_1680&type=loto6,2026-08-21T01:52:17.183935+00:00,9f5ce5599ce48e0dca9c145e90c5fd0f57d161116ec2246b15781c190ec8a28e
LOTO6,1677,2022-04-04,11,20,26,31,34,38,32,mizuho_bank,https://www.mizuhobank.co.jp/takarakuji/check/loto/backnumber/detail.html?fromto=1661_1680&type=loto6,2026-08-21T01:52:17.183935+00:00,9f5ce5599ce48e0dca9c145e90c5fd0f57d161116ec2246b15781c190ec8a28e
LOTO6,1678,2022-04-07,3,15,17,21,22,23,13,mizuho_bank,https://www.mizuhobank.co.jp/takarakuji/check/loto/backnumber/detail.html?fromto=1661_1680&type=loto6,2026-08-21T01:52:17.183935+00:00,9f5ce5599ce48e0dca9c145e90c5fd0f57d161116ec2246b15781c190ec8a28e
LOTO6,1679,2022-04-11,10,12,13,21,31,41,27,mizuho_bank,https://www.mizuhobank.co.jp/takarakuji/check/loto/backnumber/detail.html?fromto=1661_1680&type=loto6,2026-08-21T01:52:17.183935+00:00,9f5ce5599ce48e0dca9c145e90c5fd0f57d161116ec2246b15781c190ec8a28e
LOTO6,1680,2022-04-14,4,19,29,32,35,42,25,mizuho_bank,https://www.mizuhobank.co.jp/takarakuji/check/loto/backnumber/detail.html?fromto=1661_1680&type=loto6,2026-08-21T01:52:17.183935+00:00,9f5ce5599ce48e0dca9c145e90c5fd0f57d161116ec2246b15781c190ec8a28e
LOTO6,1681,2022-04-18,1,7,11,13,15,42,33,mizuho_bank,https://www.mizuhobank.co.jp/takarakuji/check/loto/backnumber/detail.html?fromto=1681_1700&type=loto6,2026-08-21T01:52:16.216856+00:00,8275904967be010e5e0a3b7ad2b22639ac5eecb21acfeb306c03259926fb9ecb
LOTO6,1682,2022-04-21,6,9,10,21,33,41,14,mizuho_bank,https://www.mizuhobank.co.jp/takarakuji/check/loto/backnumber/detail.html?fromto=1681_1700&type=loto6,2026-08-21T01:52:16.216856+00:00,8275904967be010e5e0a3b7ad2b22639ac5eecb21acfeb306c03259926fb9ecb
LOTO6,1683,2022-04-25,6,15,28,30,32,43,21,mizuho_bank,https://www.mizuhobank.co.jp/takarakuji/check/loto/backnumber/detail.html?fromto=1681_1700&type=loto6,2026-08-21T01:52:16.216856+00:00,8275904967be010e5e0a3b7ad2b22639ac5eecb21acfeb306c03259926fb9ecb
LOTO6,1684,2022-04-28,5,10,26,30,34,40,31,mizuho_bank,https://www.mizuhobank.co.jp/takarakuji/check/loto/backnumber/detail.html?fromto=1681_1700&type=loto6,2026-08-21T01:52:16.216856+00:00,8275904967be010e5e0a3b7ad2b22639ac5eecb21acfeb306c03259926fb9ecb
LOTO6,1685,2022-05-02,1,26,27,28,33,37,8,mizuho_bank,https://www.mizuhobank.co.jp/takarakuji/check/loto/backnumber/detail.html?fromto=1681_1700&type=loto6,2026-08-21T01:52:16.216856+00:00,8275904967be010e5e0a3b7ad2b22639ac5eecb21acfeb306c03259926fb9ecb
LOTO6,1686,2022-05-05,7,8,9,23,25,41,11,mizuho_bank,https://www.mizuhobank.co.jp/takarakuji/check/loto/backnumber/detail.html?fromto=1681_1700&type=loto6,2026-08-21T01:52:16.216856+00:00,8275904967be010e5e0a3b7ad2b22639ac5eecb21acfeb306c03259926fb9ecb
LOTO6,1687,2022-05-09,20,21,23,26,29,35,22,mizuho_bank,https://www.mizuhobank.co.jp/takarakuji/check/loto/backnumber/detail.html?fromto=1681_1700&type=loto6,2026-08-21T01:52:16.216856+00:00,8275904967be010e5e0a3b7ad2b22639ac5eecb21acfeb306c03259926fb9ecb
LOTO6,1688,2022-05-12,2,4,10,24,34,42,8,mizuho_bank,https://www.mizuhobank.co.jp/takarakuji/check/loto/backnumber/detail.html?fromto=1681_1700&type=loto6,2026-08-21T01:52:16.216856+00:00,8275904967be010e5e0a3b7ad2b22639ac5eecb21acfeb306c03259926fb9ecb
LOTO6,1689,2022-05-16,4,7,21,22,34,42,31,mizuho_bank,https://www.mizuhobank.co.jp/takarakuji/check/loto/backnumber/detail.html?fromto=1681_1700&type=loto6,2026-08-21T01:52:16.216856+00:00,8275904967be010e5e0a3b7ad2b22639ac5eecb21acfeb306c03259926fb9ecb
LOTO6,1690,2022-05-19,8,16,21,23,29,37,38,mizuho_bank,https://www.mizuhobank.co.jp/takarakuji/check/loto/backnumber/detail.html?fromto=1681_1700&type=loto6,2026-08-21T01:52:16.216856+00:00,8275904967be010e5e0a3b7ad2b22639ac5eecb21acfeb306c03259926fb9ecb
LOTO6,1691,2022-05-23,13,16,18,29,33,41,26,mizuho_bank,https://www.mizuhobank.co.jp/takarakuji/check/loto/backnumber/detail.html?fromto=1681_1700&type=loto6,2026-08-21T01:52:16.216856+00:00,8275904967be010e5e0a3b7ad2b22639ac5eecb21acfeb306c03259926fb9ecb
LOTO6,1692,2022-05-26,4,8,17,31,37,42,14,mizuho_bank,https://www.mizuhobank.co.jp/takarakuji/check/loto/backnumber/detail.html?fromto=1681_1700&type=loto6,2026-08-21T01:52:16.216856+00:00,8275904967be010e5e0a3b7ad2b22639ac5eecb21acfeb306c03259926fb9ecb
LOTO6,1693,2022-05-30,7,8,21,23,34,36,11,mizuho_bank,https://www.mizuhobank.co.jp/takarakuji/check/loto/backnumber/detail.html?fromto=1681_1700&type=loto6,2026-08-21T01:52:16.216856+00:00,8275904967be010e5e0a3b7ad2b22639ac5eecb21acfeb306c03259926fb9ecb
LOTO6,1694,2022-06-02,2,12,14,26,32,37,29,mizuho_bank,https://www.mizuhobank.co.jp/takarakuji/check/loto/backnumber/detail.html?fromto=1681_1700&type=loto6,2026-08-21T01:52:16.216856+00:00,8275904967be010e5e0a3b7ad2b22639ac5eecb21acfeb306c03259926fb9ecb
LOTO6,1695,2022-06-06,3,8,14,18,28,37,39,mizuho_bank,https://www.mizuhobank.co.jp/takarakuji/check/loto/backnumber/detail.html?fromto=1681_1700&type=loto6,2026-08-21T01:52:16.216856+00:00,8275904967be010e5e0a3b7ad2b22639ac5eecb21acfeb306c03259926fb9ecb
LOTO6,1696,2022-06-09,2,4,13,18,32,35,12,mizuho_bank,https://www.mizuhobank.co.jp/takarakuji/check/loto/backnumber/detail.html?fromto=1681_1700&type=loto6,2026-08-21T01:52:16.216856+00:00,8275904967be010e5e0a3b7ad2b22639ac5eecb21acfeb306c03259926fb9ecb
LOTO6,1697,2022-06-13,2,3,11,12,22,35,26,mizuho_bank,https://www.mizuhobank.co.jp/takarakuji/check/loto/backnumber/detail.html?fromto=1681_1700&type=loto6,2026-08-21T01:52:16.216856+00:00,8275904967be010e5e0a3b7ad2b22639ac5eecb21acfeb306c03259926fb9ecb
LOTO6,1698,2022-06-16,6,16,18,33,42,43,11,mizuho_bank,https://www.mizuhobank.co.jp/takarakuji/check/loto/backnumber/detail.html?fromto=1681_1700&type=loto6,2026-08-21T01:52:16.216856+00:00,8275904967be010e5e0a3b7ad2b22639ac5eecb21acfeb306c03259926fb9ecb
LOTO6,1699,2022-06-20,4,6,16,27,39,42,1,mizuho_bank,https://www.mizuhobank.co.jp/takarakuji/check/loto/backnumber/detail.html?fromto=1681_1700&type=loto6,2026-08-21T01:52:16.216856+00:00,8275904967be010e5e0a3b7ad2b22639ac5eecb21acfeb306c03259926fb9ecb
LOTO6,1700,2022-06-23,11,19,20,27,31,35,6,mizuho_bank,https://www.mizuhobank.co.jp/takarakuji/check/loto/backnumber/detail.html?fromto=1681_1700&type=loto6,2026-08-21T01:52:16.216856+00:00,8275904967be010e5e0a3b7ad2b22639ac5eecb21acfeb306c03259926fb9ecb
LOTO6,1701,2022-06-27,5,8,27,30,33,39,10,mizuho_bank,https://www.mizuhobank.co.jp/takarakuji/check/loto/backnumber/detail.html?fromto=1701_1720&type=loto6,2026-08-21T01:52:15.452412+00:00,77577a4692839baea2168f89c509fe5309c074d270333fac9203f456ef01604f
LOTO6,1702,2022-06-30,2,6,7,18,27,38,14,mizuho_bank,https://www.mizuhobank.co.jp/takarakuji/check/loto/backnumber/detail.html?fromto=1701_1720&type=loto6,2026-08-21T01:52:15.452412+00:00,77577a4692839baea2168f89c509fe5309c074d270333fac9203f456ef01604f
LOTO6,1703,2022-07-04,14,22,23,30,33,38,18,mizuho_bank,https://www.mizuhobank.co.jp/takarakuji/check/loto/backnumber/detail.html?fromto=1701_1720&type=loto6,2026-08-21T01:52:15.452412+00:00,77577a4692839baea2168f89c509fe5309c074d270333fac9203f456ef01604f
LOTO6,1704,2022-07-07,1,5,18,26,39,40,31,mizuho_bank,https://www.mizuhobank.co.jp/takarakuji/check/loto/backnumber/detail.html?fromto=1701_1720&type=loto6,2026-08-21T01:52:15.452412+00:00,77577a4692839baea2168f89c509fe5309c074d270333fac9203f456ef01604f
LOTO6,1705,2022-07-11,3,6,9,28,37,41,5,mizuho_bank,https://www.mizuhobank.co.jp/takarakuji/check/loto/backnumber/detail.html?fromto=1701_1720&type=loto6,2026-08-21T01:52:15.452412+00:00,77577a4692839baea2168f89c509fe5309c074d270333fac9203f456ef01604f
LOTO6,1706,2022-07-14,13,15,32,35,37,38,25,mizuho_bank,https://www.mizuhobank.co.jp/takarakuji/check/loto/backnumber/detail.html?fromto=1701_1720&type=loto6,2026-08-21T01:52:15.452412+00:00,77577a4692839baea2168f89c509fe5309c074d270333fac9203f456ef01604f
LOTO6,1707,2022-07-18,14,16,28,34,35,36,26,mizuho_bank,https://www.mizuhobank.co.jp/takarakuji/check/loto/backnumber/detail.html?fromto=1701_1720&type=loto6,2026-08-21T01:52:15.452412+00:00,77577a4692839baea2168f89c509fe5309c074d270333fac9203f456ef01604f
LOTO6,1708,2022-07-21,1,20,29,35,40,41,16,mizuho_bank,https://www.mizuhobank.co.jp/takarakuji/check/loto/backnumber/detail.html?fromto=1701_1720&type=loto6,2026-08-21T01:52:15.452412+00:00,77577a4692839baea2168f89c509fe5309c074d270333fac9203f456ef01604f
LOTO6,1709,2022-07-25,3,4,7,20,22,41,5,mizuho_bank,https://www.mizuhobank.co.jp/takarakuji/check/loto/backnumber/detail.html?fromto=1701_1720&type=loto6,2026-08-21T01:52:15.452412+00:00,77577a4692839baea2168f89c509fe5309c074d270333fac9203f456ef01604f
LOTO6,1710,2022-07-28,1,2,21,27,32,37,14,mizuho_bank,https://www.mizuhobank.co.jp/takarakuji/check/loto/backnumber/detail.html?fromto=1701_1720&type=loto6,2026-08-21T01:52:15.452412+00:00,77577a4692839baea2168f89c509fe5309c074d270333fac9203f456ef01604f
LOTO6,1711,2022-08-01,3,32,33,34,35,40,5,mizuho_bank,https://www.mizuhobank.co.jp/takarakuji/check/loto/backnumber/detail.html?fromto=1701_1720&type=loto6,2026-08-21T01:52:15.452412+00:00,77577a4692839baea2168f89c509fe5309c074d270333fac9203f456ef01604f
LOTO6,1712,2022-08-04,1,5,15,24,25,28,14,mizuho_bank,https://www.mizuhobank.co.jp/takarakuji/check/loto/backnumber/detail.html?fromto=1701_1720&type=loto6,2026-08-21T01:52:15.452412+00:00,77577a4692839baea2168f89c509fe5309c074d270333fac9203f456ef01604f
LOTO6,1713,2022-08-08,6,32,38,39,40,42,37,mizuho_bank,https://www.mizuhobank.co.jp/takarakuji/check/loto/backnumber/detail.html?fromto=1701_1720&type=loto6,2026-08-21T01:52:15.452412+00:00,77577a4692839baea2168f89c509fe5309c074d270333fac9203f456ef01604f
LOTO6,1714,2022-08-11,11,15,20,26,33,42,16,mizuho_bank,https://www.mizuhobank.co.jp/takarakuji/check/loto/backnumber/detail.html?fromto=1701_1720&type=loto6,2026-08-21T01:52:15.452412+00:00,77577a4692839baea2168f89c509fe5309c074d270333fac9203f456ef01604f
LOTO6,1715,2022-08-15,2,6,15,16,32,37,25,mizuho_bank,https://www.mizuhobank.co.jp/takarakuji/check/loto/backnumber/detail.html?fromto=1701_1720&type=loto6,2026-08-21T01:52:15.452412+00:00,77577a4692839baea2168f89c509fe5309c074d270333fac9203f456ef01604f
LOTO6,1716,2022-08-18,2,26,27,32,38,42,9,mizuho_bank,https://www.mizuhobank.co.jp/takarakuji/check/loto/backnumber/detail.html?fromto=1701_1720&type=loto6,2026-08-21T01:52:15.452412+00:00,77577a4692839baea2168f89c509fe5309c074d270333fac9203f456ef01604f
LOTO6,1717,2022-08-22,15,21,23,24,33,36,40,mizuho_bank,https://www.mizuhobank.co.jp/takarakuji/check/loto/backnumber/detail.html?fromto=1701_1720&type=loto6,2026-08-21T01:52:15.452412+00:00,77577a4692839baea2168f89c509fe5309c074d270333fac9203f456ef01604f
LOTO6,1718,2022-08-25,1,6,9,15,18,38,10,mizuho_bank,https://www.mizuhobank.co.jp/takarakuji/check/loto/backnumber/detail.html?fromto=1701_1720&type=loto6,2026-08-21T01:52:15.452412+00:00,77577a4692839baea2168f89c509fe5309c074d270333fac9203f456ef01604f
LOTO6,1719,2022-08-29,4,11,15,16,35,39,36,mizuho_bank,https://www.mizuhobank.co.jp/takarakuji/check/loto/backnumber/detail.html?fromto=1701_1720&type=loto6,2026-08-21T01:52:15.452412+00:00,77577a4692839baea2168f89c509fe5309c074d270333fac9203f456ef01604f
LOTO6,1720,2022-09-01,1,5,18,25,32,38,20,mizuho_bank,https://www.mizuhobank.co.jp/takarakuji/check/loto/backnumber/detail.html?fromto=1701_1720&type=loto6,2026-08-21T01:52:15.452412+00:00,77577a4692839baea2168f89c509fe5309c074d270333fac9203f456ef01604f
LOTO6,1721,2022-09-05,7,8,14,17,22,39,30,mizuho_bank,https://www.mizuhobank.co.jp/takarakuji/check/loto/backnumber/detail.html?fromto=1721_1740&type=loto6,2026-08-21T01:52:14.701423+00:00,0e4e3488ca97905b13db327414bf54a16e08ebbbaf9e3bd3e334c2baa494fc95
LOTO6,1722,2022-09-08,2,5,30,33,36,42,28,mizuho_bank,https://www.mizuhobank.co.jp/takarakuji/check/loto/backnumber/detail.html?fromto=1721_1740&type=loto6,2026-08-21T01:52:14.701423+00:00,0e4e3488ca97905b13db327414bf54a16e08ebbbaf9e3bd3e334c2baa494fc95
LOTO6,1723,2022-09-12,6,10,15,16,30,38,26,mizuho_bank,https://www.mizuhobank.co.jp/takarakuji/check/loto/backnumber/detail.html?fromto=1721_1740&type=loto6,2026-08-21T01:52:14.701423+00:00,0e4e3488ca97905b13db327414bf54a16e08ebbbaf9e3bd3e334c2baa494fc95
LOTO6,1724,2022-09-15,6,9,24,26,33,37,16,mizuho_bank,https://www.mizuhobank.co.jp/takarakuji/check/loto/backnumber/detail.html?fromto=1721_1740&type=loto6,2026-08-21T01:52:14.701423+00:00,0e4e3488ca97905b13db327414bf54a16e08ebbbaf9e3bd3e334c2baa494fc95
LOTO6,1725,2022-09-19,2,10,16,17,20,28,1,mizuho_bank,https://www.mizuhobank.co.jp/takarakuji/check/loto/backnumber/detail.html?fromto=1721_1740&type=loto6,2026-08-21T01:52:14.701423+00:00,0e4e3488ca97905b13db327414bf54a16e08ebbbaf9e3bd3e334c2baa494fc95
LOTO6,1726,2022-09-22,9,14,16,21,27,43,26,mizuho_bank,https://www.mizuhobank.co.jp/takarakuji/check/loto/backnumber/detail.html?fromto=1721_1740&type=loto6,2026-08-21T01:52:14.701423+00:00,0e4e3488ca97905b13db327414bf54a16e08ebbbaf9e3bd3e334c2baa494fc95
LOTO6,1727,2022-09-26,3,13,16,22,33,42,15,mizuho_bank,https://www.mizuhobank.co.jp/takarakuji/check/loto/backnumber/detail.html?fromto=1721_1740&type=loto6,2026-08-21T01:52:14.701423+00:00,0e4e3488ca97905b13db327414bf54a16e08ebbbaf9e3bd3e334c2baa494fc95
LOTO6,1728,2022-09-29,4,8,14,18,26,38,3,mizuho_bank,https://www.mizuhobank.co.jp/takarakuji/check/loto/backnumber/detail.html?fromto=1721_1740&type=loto6,2026-08-21T01:52:14.701423+00:00,0e4e3488ca97905b13db327414bf54a16e08ebbbaf9e3bd3e334c2baa494fc95
LOTO6,1729,2022-10-03,11,15,24,25,28,31,9,mizuho_bank,https://www.mizuhobank.co.jp/takarakuji/check/loto/backnumber/detail.html?fromto=1721_1740&type=loto6,2026-08-21T01:52:14.701423+00:00,0e4e3488ca97905b13db327414bf54a16e08ebbbaf9e3bd3e334c2baa494fc95
LOTO6,1730,2022-10-06,4,8,16,21,22,26,23,mizuho_bank,https://www.mizuhobank.co.jp/takarakuji/check/loto/backnumber/detail.html?fromto=1721_1740&type=loto6,2026-08-21T01:52:14.701423+00:00,0e4e3488ca97905b13db327414bf54a16e08ebbbaf9e3bd3e334c2baa494fc95
LOTO6,1731,2022-10-10,3,7,19,21,32,35,6,mizuho_bank,https://www.mizuhobank.co.jp/takarakuji/check/loto/backnumber/detail.html?fromto=1721_1740&type=loto6,2026-08-21T01:52:14.701423+00:00,0e4e3488ca97905b13db327414bf54a16e08ebbbaf9e3bd3e334c2baa494fc95
LOTO6,1732,2022-10-13,3,18,19,34,38,42,14,mizuho_bank,https://www.mizuhobank.co.jp/takarakuji/check/loto/backnumber/detail.html?fromto=1721_1740&type=loto6,2026-08-21T01:52:14.701423+00:00,0e4e3488ca97905b13db327414bf54a16e08ebbbaf9e3bd3e334c2baa494fc95
LOTO6,1733,2022-10-17,22,24,25,27,29,39,7,mizuho_bank,https://www.mizuhobank.co.jp/takarakuji/check/loto/backnumber/detail.html?fromto=1721_1740&type=loto6,2026-08-21T01:52:14.701423+00:00,0e4e3488ca97905b13db327414bf54a16e08ebbbaf9e3bd3e334c2baa494fc95
LOTO6,1734,2022-10-20,5,6,11,19,28,35,42,mizuho_bank,https://www.mizuhobank.co.jp/takarakuji/check/loto/backnumber/detail.html?fromto=1721_1740&type=loto6,2026-08-21T01:52:14.701423+00:00,0e4e3488ca97905b13db327414bf54a16e08ebbbaf9e3bd3e334c2baa494fc95
LOTO6,1735,2022-10-24,1,21,24,33,40,41,12,mizuho_bank,https://www.mizuhobank.co.jp/takarakuji/check/loto/backnumber/detail.html?fromto=1721_1740&type=loto6,2026-08-21T01:52:14.701423+00:00,0e4e3488ca97905b13db327414bf54a16e08ebbbaf9e3bd3e334c2baa494fc95
LOTO6,1736,2022-10-27,6,9,25,26,27,32,11,mizuho_bank,https://www.mizuhobank.co.jp/takarakuji/check/loto/backnumber/detail.html?fromto=1721_1740&type=loto6,2026-08-21T01:52:14.701423+00:00,0e4e3488ca97905b13db327414bf54a16e08ebbbaf9e3bd3e334c2baa494fc95
LOTO6,1737,2022-10-31,12,14,22,24,29,33,3,mizuho_bank,https://www.mizuhobank.co.jp/takarakuji/check/loto/backnumber/detail.html?fromto=1721_1740&type=loto6,2026-08-21T01:52:14.701423+00:00,0e4e3488ca97905b13db327414bf54a16e08ebbbaf9e3bd3e334c2baa494fc95
LOTO6,1738,2022-11-03,7,12,20,31,33,43,14,mizuho_bank,https://www.mizuhobank.co.jp/takarakuji/check/loto/backnumber/detail.html?fromto=1721_1740&type=loto6,2026-08-21T01:52:14.701423+00:00,0e4e3488ca97905b13db327414bf54a16e08ebbbaf9e3bd3e334c2baa494fc95
LOTO6,1739,2022-11-07,1,7,12,36,37,39,41,mizuho_bank,https://www.mizuhobank.co.jp/takarakuji/check/loto/backnumber/detail.html?fromto=1721_1740&type=loto6,2026-08-21T01:52:14.701423+00:00,0e4e3488ca97905b13db327414bf54a16e08ebbbaf9e3bd3e334c2baa494fc95
LOTO6,1740,2022-11-10,14,21,24,27,31,38,5,mizuho_bank,https://www.mizuhobank.co.jp/takarakuji/check/loto/backnumber/detail.html?fromto=1721_1740&type=loto6,2026-08-21T01:52:14.701423+00:00,0e4e3488ca97905b13db327414bf54a16e08ebbbaf9e3bd3e334c2baa494fc95
LOTO6,1741,2022-11-14,4,14,17,19,22,42,6,mizuho_bank,https://www.mizuhobank.co.jp/takarakuji/check/loto/backnumber/detail.html?fromto=1741_1760&type=loto6,2026-08-21T01:52:14.018321+00:00,88558e8a96c2714a10f2eee0ca48fd5c7499c45a97d676b8bc5fa95807ce74f9
LOTO6,1742,2022-11-17,16,20,22,29,33,40,25,mizuho_bank,https://www.mizuhobank.co.jp/takarakuji/check/loto/backnumber/detail.html?fromto=1741_1760&type=loto6,2026-08-21T01:52:14.018321+00:00,88558e8a96c2714a10f2eee0ca48fd5c7499c45a97d676b8bc5fa95807ce74f9
LOTO6,1743,2022-11-21,3,17,18,19,20,42,9,mizuho_bank,https://www.mizuhobank.co.jp/takarakuji/check/loto/backnumber/detail.html?fromto=1741_1760&type=loto6,2026-08-21T01:52:14.018321+00:00,88558e8a96c2714a10f2eee0ca48fd5c7499c45a97d676b8bc5fa95807ce74f9
LOTO6,1744,2022-11-24,1,8,21,25,26,35,20,mizuho_bank,https://www.mizuhobank.co.jp/takarakuji/check/loto/backnumber/detail.html?fromto=1741_1760&type=loto6,2026-08-21T01:52:14.018321+00:00,88558e8a96c2714a10f2eee0ca48fd5c7499c45a97d676b8bc5fa95807ce74f9
LOTO6,1745,2022-11-28,7,9,10,21,39,40,32,mizuho_bank,https://www.mizuhobank.co.jp/takarakuji/check/loto/backnumber/detail.html?fromto=1741_1760&type=loto6,2026-08-21T01:52:14.018321+00:00,88558e8a96c2714a10f2eee0ca48fd5c7499c45a97d676b8bc5fa95807ce74f9
LOTO6,1746,2022-12-01,3,11,14,22,27,32,31,mizuho_bank,https://www.mizuhobank.co.jp/takarakuji/check/loto/backnumber/detail.html?fromto=1741_1760&type=loto6,2026-08-21T01:52:14.018321+00:00,88558e8a96c2714a10f2eee0ca48fd5c7499c45a97d676b8bc5fa95807ce74f9
LOTO6,1747,2022-12-05,1,9,11,14,15,40,32,mizuho_bank,https://www.mizuhobank.co.jp/takarakuji/check/loto/backnumber/detail.html?fromto=1741_1760&type=loto6,2026-08-21T01:52:14.018321+00:00,88558e8a96c2714a10f2eee0ca48fd5c7499c45a97d676b8bc5fa95807ce74f9
LOTO6,1748,2022-12-08,8,11,23,28,36,39,6,mizuho_bank,https://www.mizuhobank.co.jp/takarakuji/check/loto/backnumber/detail.html?fromto=1741_1760&type=loto6,2026-08-21T01:52:14.018321+00:00,88558e8a96c2714a10f2eee0ca48fd5c7499c45a97d676b8bc5fa95807ce74f9
LOTO6,1749,2022-12-12,1,4,13,17,31,34,18,mizuho_bank,https://www.mizuhobank.co.jp/takarakuji/check/loto/backnumber/detail.html?fromto=1741_1760&type=loto6,2026-08-21T01:52:14.018321+00:00,88558e8a96c2714a10f2eee0ca48fd5c7499c45a97d676b8bc5fa95807ce74f9
LOTO6,1750,2022-12-15,3,15,18,21,34,40,1,mizuho_bank,https://www.mizuhobank.co.jp/takarakuji/check/loto/backnumber/detail.html?fromto=1741_1760&type=loto6,2026-08-21T01:52:14.018321+00:00,88558e8a96c2714a10f2eee0ca48fd5c7499c45a97d676b8bc5fa95807ce74f9
LOTO6,1751,2022-12-19,1,12,21,24,29,42,32,mizuho_bank,https://www.mizuhobank.co.jp/takarakuji/check/loto/backnumber/detail.html?fromto=1741_1760&type=loto6,2026-08-21T01:52:14.018321+00:00,88558e8a96c2714a10f2eee0ca48fd5c7499c45a97d676b8bc5fa95807ce74f9
LOTO6,1752,2022-12-22,2,5,15,20,22,36,8,mizuho_bank,https://www.mizuhobank.co.jp/takarakuji/check/loto/backnumber/detail.html?fromto=1741_1760&type=loto6,2026-08-21T01:52:14.018321+00:00,88558e8a96c2714a10f2eee0ca48fd5c7499c45a97d676b8bc5fa95807ce74f9
LOTO6,1753,2022-12-26,1,2,4,9,22,25,38,mizuho_bank,https://www.mizuhobank.co.jp/takarakuji/check/loto/backnumber/detail.html?fromto=1741_1760&type=loto6,2026-08-21T01:52:14.018321+00:00,88558e8a96c2714a10f2eee0ca48fd5c7499c45a97d676b8bc5fa95807ce74f9
LOTO6,1754,2022-12-29,3,6,7,19,35,39,21,mizuho_bank,https://www.mizuhobank.co.jp/takarakuji/check/loto/backnumber/detail.html?fromto=1741_1760&type=loto6,2026-08-21T01:52:14.018321+00:00,88558e8a96c2714a10f2eee0ca48fd5c7499c45a97d676b8bc5fa95807ce74f9
LOTO6,1755,2023-01-05,4,11,13,26,27,36,15,mizuho_bank,https://www.mizuhobank.co.jp/takarakuji/check/loto/backnumber/detail.html?fromto=1741_1760&type=loto6,2026-08-21T01:52:14.018321+00:00,88558e8a96c2714a10f2eee0ca48fd5c7499c45a97d676b8bc5fa95807ce74f9
LOTO6,1756,2023-01-09,19,25,29,36,37,41,2,mizuho_bank,https://www.mizuhobank.co.jp/takarakuji/check/loto/backnumber/detail.html?fromto=1741_1760&type=loto6,2026-08-21T01:52:14.018321+00:00,88558e8a96c2714a10f2eee0ca48fd5c7499c45a97d676b8bc5fa95807ce74f9
LOTO6,1757,2023-01-12,6,12,15,35,36,39,42,mizuho_bank,https://www.mizuhobank.co.jp/takarakuji/check/loto/backnumber/detail.html?fromto=1741_1760&type=loto6,2026-08-21T01:52:14.018321+00:00,88558e8a96c2714a10f2eee0ca48fd5c7499c45a97d676b8bc5fa95807ce74f9
LOTO6,1758,2023-01-16,7,14,28,32,42,43,17,mizuho_bank,https://www.mizuhobank.co.jp/takarakuji/check/loto/backnumber/detail.html?fromto=1741_1760&type=loto6,2026-08-21T01:52:14.018321+00:00,88558e8a96c2714a10f2eee0ca48fd5c7499c45a97d676b8bc5fa95807ce74f9
LOTO6,1759,2023-01-19,1,10,25,27,28,33,15,mizuho_bank,https://www.mizuhobank.co.jp/takarakuji/check/loto/backnumber/detail.html?fromto=1741_1760&type=loto6,2026-08-21T01:52:14.018321+00:00,88558e8a96c2714a10f2eee0ca48fd5c7499c45a97d676b8bc5fa95807ce74f9
LOTO6,1760,2023-01-23,8,14,18,38,39,42,30,mizuho_bank,https://www.mizuhobank.co.jp/takarakuji/check/loto/backnumber/detail.html?fromto=1741_1760&type=loto6,2026-08-21T01:52:14.018321+00:00,88558e8a96c2714a10f2eee0ca48fd5c7499c45a97d676b8bc5fa95807ce74f9
LOTO6,1761,2023-01-26,5,7,13,21,23,30,42,mizuho_bank,https://www.mizuhobank.co.jp/takarakuji/check/loto/backnumber/detail.html?fromto=1761_1780&type=loto6,2026-08-21T01:52:13.286521+00:00,7f6ffe59e125ccc2f938c7d43b0415b79618f5cc41b2a066cc2fae15c0928b4b
LOTO6,1762,2023-01-30,1,6,7,20,37,40,10,mizuho_bank,https://www.mizuhobank.co.jp/takarakuji/check/loto/backnumber/detail.html?fromto=1761_1780&type=loto6,2026-08-21T01:52:13.286521+00:00,7f6ffe59e125ccc2f938c7d43b0415b79618f5cc41b2a066cc2fae15c0928b4b
LOTO6,1763,2023-02-02,2,6,20,30,31,41,11,mizuho_bank,https://www.mizuhobank.co.jp/takarakuji/check/loto/backnumber/detail.html?fromto=1761_1780&type=loto6,2026-08-21T01:52:13.286521+00:00,7f6ffe59e125ccc2f938c7d43b0415b79618f5cc41b2a066cc2fae15c0928b4b
LOTO6,1764,2023-02-06,16,21,26,31,39,42,41,mizuho_bank,https://www.mizuhobank.co.jp/takarakuji/check/loto/backnumber/detail.html?fromto=1761_1780&type=loto6,2026-08-21T01:52:13.286521+00:00,7f6ffe59e125ccc2f938c7d43b0415b79618f5cc41b2a066cc2fae15c0928b4b
LOTO6,1765,2023-02-09,1,10,15,19,20,32,6,mizuho_bank,https://www.mizuhobank.co.jp/takarakuji/check/loto/backnumber/detail.html?fromto=1761_1780&type=loto6,2026-08-21T01:52:13.286521+00:00,7f6ffe59e125ccc2f938c7d43b0415b79618f5cc41b2a066cc2fae15c0928b4b
LOTO6,1766,2023-02-13,16,19,25,26,35,43,38,mizuho_bank,https://www.mizuhobank.co.jp/takarakuji/check/loto/backnumber/detail.html?fromto=1761_1780&type=loto6,2026-08-21T01:52:13.286521+00:00,7f6ffe59e125ccc2f938c7d43b0415b79618f5cc41b2a066cc2fae15c0928b4b
LOTO6,1767,2023-02-16,7,15,17,21,32,35,43,mizuho_bank,https://www.mizuhobank.co.jp/takarakuji/check/loto/backnumber/detail.html?fromto=1761_1780&type=loto6,2026-08-21T01:52:13.286521+00:00,7f6ffe59e125ccc2f938c7d43b0415b79618f5cc41b2a066cc2fae15c0928b4b
LOTO6,1768,2023-02-20,6,21,30,32,39,40,34,mizuho_bank,https://www.mizuhobank.co.jp/takarakuji/check/loto/backnumber/detail.html?fromto=1761_1780&type=loto6,2026-08-21T01:52:13.286521+00:00,7f6ffe59e125ccc2f938c7d43b0415b79618f5cc41b2a066cc2fae15c0928b4b
LOTO6,1769,2023-02-23,4,11,15,19,28,32,34,mizuho_bank,https://www.mizuhobank.co.jp/takarakuji/check/loto/backnumber/detail.html?fromto=1761_1780&type=loto6,2026-08-21T01:52:13.286521+00:00,7f6ffe59e125ccc2f938c7d43b0415b79618f5cc41b2a066cc2fae15c0928b4b
LOTO6,1770,2023-02-27,1,11,18,24,37,43,28,mizuho_bank,https://www.mizuhobank.co.jp/takarakuji/check/loto/backnumber/detail.html?fromto=1761_1780&type=loto6,2026-08-21T01:52:13.286521+00:00,7f6ffe59e125ccc2f938c7d43b0415b79618f5cc41b2a066cc2fae15c0928b4b
LOTO6,1771,2023-03-02,3,6,12,16,31,42,40,mizuho_bank,https://www.mizuhobank.co.jp/takarakuji/check/loto/backnumber/detail.html?fromto=1761_1780&type=loto6,2026-08-21T01:52:13.286521+00:00,7f6ffe59e125ccc2f938c7d43b0415b79618f5cc41b2a066cc2fae15c0928b4b
LOTO6,1772,2023-03-06,5,21,22,30,32,36,16,mizuho_bank,https://www.mizuhobank.co.jp/takarakuji/check/loto/backnumber/detail.html?fromto=1761_1780&type=loto6,2026-08-21T01:52:13.286521+00:00,7f6ffe59e125ccc2f938c7d43b0415b79618f5cc41b2a066cc2fae15c0928b4b
LOTO6,1773,2023-03-09,12,21,22,27,31,32,20,mizuho_bank,https://www.mizuhobank.co.jp/takarakuji/check/loto/backnumber/detail.html?fromto=1761_1780&type=loto6,2026-08-21T01:52:13.286521+00:00,7f6ffe59e125ccc2f938c7d43b0415b79618f5cc41b2a066cc2fae15c0928b4b
LOTO6,1774,2023-03-13,17,18,26,30,36,40,3,mizuho_bank,https://www.mizuhobank.co.jp/takarakuji/check/loto/backnumber/detail.html?fromto=1761_1780&type=loto6,2026-08-21T01:52:13.286521+00:00,7f6ffe59e125ccc2f938c7d43b0415b79618f5cc41b2a066cc2fae15c0928b4b
LOTO6,1775,2023-03-16,4,5,9,26,27,29,43,mizuho_bank,https://www.mizuhobank.co.jp/takarakuji/check/loto/backnumber/detail.html?fromto=1761_1780&type=loto6,2026-08-21T01:52:13.286521+00:00,7f6ffe59e125ccc2f938c7d43b0415b79618f5cc41b2a066cc2fae15c0928b4b
LOTO6,1776,2023-03-20,5,11,18,25,33,38,32,mizuho_bank,https://www.mizuhobank.co.jp/takarakuji/check/loto/backnumber/detail.html?fromto=1761_1780&type=loto6,2026-08-21T01:52:13.286521+00:00,7f6ffe59e125ccc2f938c7d43b0415b79618f5cc41b2a066cc2fae15c0928b4b
LOTO6,1777,2023-03-23,5,16,19,21,30,35,11,mizuho_bank,https://www.mizuhobank.co.jp/takarakuji/check/loto/backnumber/detail.html?fromto=1761_1780&type=loto6,2026-08-21T01:52:13.286521+00:00,7f6ffe59e125ccc2f938c7d43b0415b79618f5cc41b2a066cc2fae15c0928b4b
LOTO6,1778,2023-03-27,9,19,24,25,26,39,34,mizuho_bank,https://www.mizuhobank.co.jp/takarakuji/check/loto/backnumber/detail.html?fromto=1761_1780&type=loto6,2026-08-21T01:52:13.286521+00:00,7f6ffe59e125ccc2f938c7d43b0415b79618f5cc41b2a066cc2fae15c0928b4b
LOTO6,1779,2023-03-30,11,13,20,33,35,40,34,mizuho_bank,https://www.mizuhobank.co.jp/takarakuji/check/loto/backnumber/detail.html?fromto=1761_1780&type=loto6,2026-08-21T01:52:13.286521+00:00,7f6ffe59e125ccc2f938c7d43b0415b79618f5cc41b2a066cc2fae15c0928b4b
LOTO6,1780,2023-04-03,1,5,19,26,35,37,32,mizuho_bank,https://www.mizuhobank.co.jp/takarakuji/check/loto/backnumber/detail.html?fromto=1761_1780&type=loto6,2026-08-21T01:52:13.286521+00:00,7f6ffe59e125ccc2f938c7d43b0415b79618f5cc41b2a066cc2fae15c0928b4b
LOTO6,1781,2023-04-06,10,18,32,39,41,42,12,mizuho_bank,https://www.mizuhobank.co.jp/takarakuji/check/loto/backnumber/detail.html?fromto=1781_1800&type=loto6,2026-08-21T01:52:12.537869+00:00,482188175f0423d65b1cb1897955ba42d1a8382b7cca4bd3e84b94e871145b4f
LOTO6,1782,2023-04-10,7,31,32,36,39,42,34,mizuho_bank,https://www.mizuhobank.co.jp/takarakuji/check/loto/backnumber/detail.html?fromto=1781_1800&type=loto6,2026-08-21T01:52:12.537869+00:00,482188175f0423d65b1cb1897955ba42d1a8382b7cca4bd3e84b94e871145b4f
LOTO6,1783,2023-04-13,5,14,19,23,30,42,35,mizuho_bank,https://www.mizuhobank.co.jp/takarakuji/check/loto/backnumber/detail.html?fromto=1781_1800&type=loto6,2026-08-21T01:52:12.537869+00:00,482188175f0423d65b1cb1897955ba42d1a8382b7cca4bd3e84b94e871145b4f
LOTO6,1784,2023-04-17,3,19,30,32,36,40,42,mizuho_bank,https://www.mizuhobank.co.jp/takarakuji/check/loto/backnumber/detail.html?fromto=1781_1800&type=loto6,2026-08-21T01:52:12.537869+00:00,482188175f0423d65b1cb1897955ba42d1a8382b7cca4bd3e84b94e871145b4f
LOTO6,1785,2023-04-20,4,11,24,35,37,42,7,mizuho_bank,https://www.mizuhobank.co.jp/takarakuji/check/loto/backnumber/detail.html?fromto=1781_1800&type=loto6,2026-08-21T01:52:12.537869+00:00,482188175f0423d65b1cb1897955ba42d1a8382b7cca4bd3e84b94e871145b4f
LOTO6,1786,2023-04-24,2,5,6,26,33,35,13,mizuho_bank,https://www.mizuhobank.co.jp/takarakuji/check/loto/backnumber/detail.html?fromto=1781_1800&type=loto6,2026-08-21T01:52:12.537869+00:00,482188175f0423d65b1cb1897955ba42d1a8382b7cca4bd3e84b94e871145b4f
LOTO6,1787,2023-04-27,2,13,17,19,41,43,1,mizuho_bank,https://www.mizuhobank.co.jp/takarakuji/check/loto/backnumber/detail.html?fromto=1781_1800&type=loto6,2026-08-21T01:52:12.537869+00:00,482188175f0423d65b1cb1897955ba42d1a8382b7cca4bd3e84b94e871145b4f
LOTO6,1788,2023-05-01,3,14,16,19,26,39,9,mizuho_bank,https://www.mizuhobank.co.jp/takarakuji/check/loto/backnumber/detail.html?fromto=1781_1800&type=loto6,2026-08-21T01:52:12.537869+00:00,482188175f0423d65b1cb1897955ba42d1a8382b7cca4bd3e84b94e871145b4f
LOTO6,1789,2023-05-04,6,9,16,26,29,34,36,mizuho_bank,https://www.mizuhobank.co.jp/takarakuji/check/loto/backnumber/detail.html?fromto=1781_1800&type=loto6,2026-08-21T01:52:12.537869+00:00,482188175f0423d65b1cb1897955ba42d1a8382b7cca4bd3e84b94e871145b4f
LOTO6,1790,2023-05-08,6,14,18,22,29,30,36,mizuho_bank,https://www.mizuhobank.co.jp/takarakuji/check/loto/backnumber/detail.html?fromto=1781_1800&type=loto6,2026-08-21T01:52:12.537869+00:00,482188175f0423d65b1cb1897955ba42d1a8382b7cca4bd3e84b94e871145b4f
LOTO6,1791,2023-05-11,8,9,18,19,30,36,17,mizuho_bank,https://www.mizuhobank.co.jp/takarakuji/check/loto/backnumber/detail.html?fromto=1781_1800&type=loto6,2026-08-21T01:52:12.537869+00:00,482188175f0423d65b1cb1897955ba42d1a8382b7cca4bd3e84b94e871145b4f
LOTO6,1792,2023-05-15,1,4,16,31,32,41,30,mizuho_bank,https://www.mizuhobank.co.jp/takarakuji/check/loto/backnumber/detail.html?fromto=1781_1800&type=loto6,2026-08-21T01:52:12.537869+00:00,482188175f0423d65b1cb1897955ba42d1a8382b7cca4bd3e84b94e871145b4f
LOTO6,1793,2023-05-18,1,6,14,15,23,24,42,mizuho_bank,https://www.mizuhobank.co.jp/takarakuji/check/loto/backnumber/detail.html?fromto=1781_1800&type=loto6,2026-08-21T01:52:12.537869+00:00,482188175f0423d65b1cb1897955ba42d1a8382b7cca4bd3e84b94e871145b4f
LOTO6,1794,2023-05-22,24,29,32,35,36,40,39,mizuho_bank,https://www.mizuhobank.co.jp/takarakuji/check/loto/backnumber/detail.html?fromto=1781_1800&type=loto6,2026-08-21T01:52:12.537869+00:00,482188175f0423d65b1cb1897955ba42d1a8382b7cca4bd3e84b94e871145b4f
LOTO6,1795,2023-05-25,26,30,31,35,41,43,5,mizuho_bank,https://www.mizuhobank.co.jp/takarakuji/check/loto/backnumber/detail.html?fromto=1781_1800&type=loto6,2026-08-21T01:52:12.537869+00:00,482188175f0423d65b1cb1897955ba42d1a8382b7cca4bd3e84b94e871145b4f
LOTO6,1796,2023-05-29,2,5,15,16,23,26,32,mizuho_bank,https://www.mizuhobank.co.jp/takarakuji/check/loto/backnumber/detail.html?fromto=1781_1800&type=loto6,2026-08-21T01:52:12.537869+00:00,482188175f0423d65b1cb1897955ba42d1a8382b7cca4bd3e84b94e871145b4f
LOTO6,1797,2023-06-01,15,23,26,34,41,43,32,mizuho_bank,https://www.mizuhobank.co.jp/takarakuji/check/loto/backnumber/detail.html?fromto=1781_1800&type=loto6,2026-08-21T01:52:12.537869+00:00,482188175f0423d65b1cb1897955ba42d1a8382b7cca4bd3e84b94e871145b4f
LOTO6,1798,2023-06-05,4,5,19,32,34,37,41,mizuho_bank,https://www.mizuhobank.co.jp/takarakuji/check/loto/backnumber/detail.html?fromto=1781_1800&type=loto6,2026-08-21T01:52:12.537869+00:00,482188175f0423d65b1cb1897955ba42d1a8382b7cca4bd3e84b94e871145b4f
LOTO6,1799,2023-06-08,11,18,34,40,41,42,14,mizuho_bank,https://www.mizuhobank.co.jp/takarakuji/check/loto/backnumber/detail.html?fromto=1781_1800&type=loto6,2026-08-21T01:52:12.537869+00:00,482188175f0423d65b1cb1897955ba42d1a8382b7cca4bd3e84b94e871145b4f
LOTO6,1800,2023-06-12,6,12,13,15,17,41,27,mizuho_bank,https://www.mizuhobank.co.jp/takarakuji/check/loto/backnumber/detail.html?fromto=1781_1800&type=loto6,2026-08-21T01:52:12.537869+00:00,482188175f0423d65b1cb1897955ba42d1a8382b7cca4bd3e84b94e871145b4f
LOTO6,1801,2023-06-15,18,25,26,37,39,43,21,mizuho_bank,https://www.mizuhobank.co.jp/takarakuji/check/loto/backnumber/detail.html?fromto=1801_1820&type=loto6,2026-08-21T01:52:11.905321+00:00,10e677655cd2e6baa6ec1b16619294989f615fee50dcc62f8511c0376a64e100
LOTO6,1802,2023-06-19,1,9,34,35,39,42,33,mizuho_bank,https://www.mizuhobank.co.jp/takarakuji/check/loto/backnumber/detail.html?fromto=1801_1820&type=loto6,2026-08-21T01:52:11.905321+00:00,10e677655cd2e6baa6ec1b16619294989f615fee50dcc62f8511c0376a64e100
LOTO6,1803,2023-06-22,9,16,18,19,39,41,3,mizuho_bank,https://www.mizuhobank.co.jp/takarakuji/check/loto/backnumber/detail.html?fromto=1801_1820&type=loto6,2026-08-21T01:52:11.905321+00:00,10e677655cd2e6baa6ec1b16619294989f615fee50dcc62f8511c0376a64e100
LOTO6,1804,2023-06-26,12,14,18,25,36,42,26,mizuho_bank,https://www.mizuhobank.co.jp/takarakuji/check/loto/backnumber/detail.html?fromto=1801_1820&type=loto6,2026-08-21T01:52:11.905321+00:00,10e677655cd2e6baa6ec1b16619294989f615fee50dcc62f8511c0376a64e100
LOTO6,1805,2023-06-29,4,22,27,31,32,40,35,mizuho_bank,https://www.mizuhobank.co.jp/takarakuji/check/loto/backnumber/detail.html?fromto=1801_1820&type=loto6,2026-08-21T01:52:11.905321+00:00,10e677655cd2e6baa6ec1b16619294989f615fee50dcc62f8511c0376a64e100
LOTO6,1806,2023-07-03,11,30,35,38,40,43,12,mizuho_bank,https://www.mizuhobank.co.jp/takarakuji/check/loto/backnumber/detail.html?fromto=1801_1820&type=loto6,2026-08-21T01:52:11.905321+00:00,10e677655cd2e6baa6ec1b16619294989f615fee50dcc62f8511c0376a64e100
LOTO6,1807,2023-07-06,1,2,8,9,10,20,25,mizuho_bank,https://www.mizuhobank.co.jp/takarakuji/check/loto/backnumber/detail.html?fromto=1801_1820&type=loto6,2026-08-21T01:52:11.905321+00:00,10e677655cd2e6baa6ec1b16619294989f615fee50dcc62f8511c0376a64e100
LOTO6,1808,2023-07-10,2,10,27,38,40,41,11,mizuho_bank,https://www.mizuhobank.co.jp/takarakuji/check/loto/backnumber/detail.html?fromto=1801_1820&type=loto6,2026-08-21T01:52:11.905321+00:00,10e677655cd2e6baa6ec1b16619294989f615fee50dcc62f8511c0376a64e100
LOTO6,1809,2023-07-13,2,5,10,22,24,42,7,mizuho_bank,https://www.mizuhobank.co.jp/takarakuji/check/loto/backnumber/detail.html?fromto=1801_1820&type=loto6,2026-08-21T01:52:11.905321+00:00,10e677655cd2e6baa6ec1b16619294989f615fee50dcc62f8511c0376a64e100
LOTO6,1810,2023-07-17,4,17,26,30,31,43,25,mizuho_bank,https://www.mizuhobank.co.jp/takarakuji/check/loto/backnumber/detail.html?fromto=1801_1820&type=loto6,2026-08-21T01:52:11.905321+00:00,10e677655cd2e6baa6ec1b16619294989f615fee50dcc62f8511c0376a64e100
LOTO6,1811,2023-07-20,2,4,6,13,20,38,33,mizuho_bank,https://www.mizuhobank.co.jp/takarakuji/check/loto/backnumber/detail.html?fromto=1801_1820&type=loto6,2026-08-21T01:52:11.905321+00:00,10e677655cd2e6baa6ec1b16619294989f615fee50dcc62f8511c0376a64e100
LOTO6,1812,2023-07-24,10,13,18,28,36,39,7,mizuho_bank,https://www.mizuhobank.co.jp/takarakuji/check/loto/backnumber/detail.html?fromto=1801_1820&type=loto6,2026-08-21T01:52:11.905321+00:00,10e677655cd2e6baa6ec1b16619294989f615fee50dcc62f8511c0376a64e100
LOTO6,1813,2023-07-27,5,22,26,34,39,42,12,mizuho_bank,https://www.mizuhobank.co.jp/takarakuji/check/loto/backnumber/detail.html?fromto=1801_1820&type=loto6,2026-08-21T01:52:11.905321+00:00,10e677655cd2e6baa6ec1b16619294989f615fee50dcc62f8511c0376a64e100
LOTO6,1814,2023-07-31,1,2,13,21,23,31,5,mizuho_bank,https://www.mizuhobank.co.jp/takarakuji/check/loto/backnumber/detail.html?fromto=1801_1820&type=loto6,2026-08-21T01:52:11.905321+00:00,10e677655cd2e6baa6ec1b16619294989f615fee50dcc62f8511c0376a64e100
LOTO6,1815,2023-08-03,3,8,10,25,26,29,32,mizuho_bank,https://www.mizuhobank.co.jp/takarakuji/check/loto/backnumber/detail.html?fromto=1801_1820&type=loto6,2026-08-21T01:52:11.905321+00:00,10e677655cd2e6baa6ec1b16619294989f615fee50dcc62f8511c0376a64e100
LOTO6,1816,2023-08-07,2,21,25,34,35,40,6,mizuho_bank,https://www.mizuhobank.co.jp/takarakuji/check/loto/backnumber/detail.html?fromto=1801_1820&type=loto6,2026-08-21T01:52:11.905321+00:00,10e677655cd2e6baa6ec1b16619294989f615fee50dcc62f8511c0376a64e100
LOTO6,1817,2023-08-10,6,24,30,33,37,38,7,mizuho_bank,https://www.mizuhobank.co.jp/takarakuji/check/loto/backnumber/detail.html?fromto=1801_1820&type=loto6,2026-08-21T01:52:11.905321+00:00,10e677655cd2e6baa6ec1b16619294989f615fee50dcc62f8511c0376a64e100
LOTO6,1818,2023-08-14,2,11,23,25,34,36,1,mizuho_bank,https://www.mizuhobank.co.jp/takarakuji/check/loto/backnumber/detail.html?fromto=1801_1820&type=loto6,2026-08-21T01:52:11.905321+00:00,10e677655cd2e6baa6ec1b16619294989f615fee50dcc62f8511c0376a64e100
LOTO6,1819,2023-08-17,5,8,18,20,24,34,29,mizuho_bank,https://www.mizuhobank.co.jp/takarakuji/check/loto/backnumber/detail.html?fromto=1801_1820&type=loto6,2026-08-21T01:52:11.905321+00:00,10e677655cd2e6baa6ec1b16619294989f615fee50dcc62f8511c0376a64e100
LOTO6,1820,2023-08-21,5,10,30,35,36,41,23,mizuho_bank,https://www.mizuhobank.co.jp/takarakuji/check/loto/backnumber/detail.html?fromto=1801_1820&type=loto6,2026-08-21T01:52:11.905321+00:00,10e677655cd2e6baa6ec1b16619294989f615fee50dcc62f8511c0376a64e100
LOTO6,1821,2023-08-24,9,11,12,14,27,38,34,mizuho_bank,https://www.mizuhobank.co.jp/takarakuji/check/loto/backnumber/detail.html?fromto=1821_1840&type=loto6,2026-08-21T01:52:11.264967+00:00,bcc625fc0dda117cfcc7a23ea8120a8917f2181db87a719d69389554a2fb3e18
LOTO6,1822,2023-08-28,5,18,21,22,26,42,8,mizuho_bank,https://www.mizuhobank.co.jp/takarakuji/check/loto/backnumber/detail.html?fromto=1821_1840&type=loto6,2026-08-21T01:52:11.264967+00:00,bcc625fc0dda117cfcc7a23ea8120a8917f2181db87a719d69389554a2fb3e18
LOTO6,1823,2023-08-31,4,10,18,25,34,38,40,mizuho_bank,https://www.mizuhobank.co.jp/takarakuji/check/loto/backnumber/detail.html?fromto=1821_1840&type=loto6,2026-08-21T01:52:11.264967+00:00,bcc625fc0dda117cfcc7a23ea8120a8917f2181db87a719d69389554a2fb3e18
LOTO6,1824,2023-09-04,6,7,13,18,25,43,33,mizuho_bank,https://www.mizuhobank.co.jp/takarakuji/check/loto/backnumber/detail.html?fromto=1821_1840&type=loto6,2026-08-21T01:52:11.264967+00:00,bcc625fc0dda117cfcc7a23ea8120a8917f2181db87a719d69389554a2fb3e18
LOTO6,1825,2023-09-07,1,10,13,17,20,41,4,mizuho_bank,https://www.mizuhobank.co.jp/takarakuji/check/loto/backnumber/detail.html?fromto=1821_1840&type=loto6,2026-08-21T01:52:11.264967+00:00,bcc625fc0dda117cfcc7a23ea8120a8917f2181db87a719d69389554a2fb3e18
LOTO6,1826,2023-09-11,7,14,18,19,22,25,38,mizuho_bank,https://www.mizuhobank.co.jp/takarakuji/check/loto/backnumber/detail.html?fromto=1821_1840&type=loto6,2026-08-21T01:52:11.264967+00:00,bcc625fc0dda117cfcc7a23ea8120a8917f2181db87a719d69389554a2fb3e18
LOTO6,1827,2023-09-14,1,13,18,23,38,41,36,mizuho_bank,https://www.mizuhobank.co.jp/takarakuji/check/loto/backnumber/detail.html?fromto=1821_1840&type=loto6,2026-08-21T01:52:11.264967+00:00,bcc625fc0dda117cfcc7a23ea8120a8917f2181db87a719d69389554a2fb3e18
LOTO6,1828,2023-09-18,1,6,9,16,18,22,8,mizuho_bank,https://www.mizuhobank.co.jp/takarakuji/check/loto/backnumber/detail.html?fromto=1821_1840&type=loto6,2026-08-21T01:52:11.264967+00:00,bcc625fc0dda117cfcc7a23ea8120a8917f2181db87a719d69389554a2fb3e18
LOTO6,1829,2023-09-21,12,15,16,17,28,42,32,mizuho_bank,https://www.mizuhobank.co.jp/takarakuji/check/loto/backnumber/detail.html?fromto=1821_1840&type=loto6,2026-08-21T01:52:11.264967+00:00,bcc625fc0dda117cfcc7a23ea8120a8917f2181db87a719d69389554a2fb3e18
LOTO6,1830,2023-09-25,4,10,23,29,31,36,6,mizuho_bank,https://www.mizuhobank.co.jp/takarakuji/check/loto/backnumber/detail.html?fromto=1821_1840&type=loto6,2026-08-21T01:52:11.264967+00:00,bcc625fc0dda117cfcc7a23ea8120a8917f2181db87a719d69389554a2fb3e18
LOTO6,1831,2023-09-28,1,14,17,27,32,43,42,mizuho_bank,https://www.mizuhobank.co.jp/takarakuji/check/loto/backnumber/detail.html?fromto=1821_1840&type=loto6,2026-08-21T01:52:11.264967+00:00,bcc625fc0dda117cfcc7a23ea8120a8917f2181db87a719d69389554a2fb3e18
LOTO6,1832,2023-10-02,2,7,20,25,35,40,6,mizuho_bank,https://www.mizuhobank.co.jp/takarakuji/check/loto/backnumber/detail.html?fromto=1821_1840&type=loto6,2026-08-21T01:52:11.264967+00:00,bcc625fc0dda117cfcc7a23ea8120a8917f2181db87a719d69389554a2fb3e18
LOTO6,1833,2023-10-05,7,13,34,37,42,43,38,mizuho_bank,https://www.mizuhobank.co.jp/takarakuji/check/loto/backnumber/detail.html?fromto=1821_1840&type=loto6,2026-08-21T01:52:11.264967+00:00,bcc625fc0dda117cfcc7a23ea8120a8917f2181db87a719d69389554a2fb3e18
LOTO6,1834,2023-10-09,14,21,30,38,40,42,20,mizuho_bank,https://www.mizuhobank.co.jp/takarakuji/check/loto/backnumber/detail.html?fromto=1821_1840&type=loto6,2026-08-21T01:52:11.264967+00:00,bcc625fc0dda117cfcc7a23ea8120a8917f2181db87a719d69389554a2fb3e18
LOTO6,1835,2023-10-12,11,20,23,24,31,33,1,mizuho_bank,https://www.mizuhobank.co.jp/takarakuji/check/loto/backnumber/detail.html?fromto=1821_1840&type=loto6,2026-08-21T01:52:11.264967+00:00,bcc625fc0dda117cfcc7a23ea8120a8917f2181db87a719d69389554a2fb3e18
LOTO6,1836,2023-10-16,13,17,18,22,23,41,26,mizuho_bank,https://www.mizuhobank.co.jp/takarakuji/check/loto/backnumber/detail.html?fromto=1821_1840&type=loto6,2026-08-21T01:52:11.264967+00:00,bcc625fc0dda117cfcc7a23ea8120a8917f2181db87a719d69389554a2fb3e18
LOTO6,1837,2023-10-19,16,17,27,34,38,42,20,mizuho_bank,https://www.mizuhobank.co.jp/takarakuji/check/loto/backnumber/detail.html?fromto=1821_1840&type=loto6,2026-08-21T01:52:11.264967+00:00,bcc625fc0dda117cfcc7a23ea8120a8917f2181db87a719d69389554a2fb3e18
LOTO6,1838,2023-10-23,3,13,23,28,30,43,5,mizuho_bank,https://www.mizuhobank.co.jp/takarakuji/check/loto/backnumber/detail.html?fromto=1821_1840&type=loto6,2026-08-21T01:52:11.264967+00:00,bcc625fc0dda117cfcc7a23ea8120a8917f2181db87a719d69389554a2fb3e18
LOTO6,1839,2023-10-26,2,5,26,32,34,40,21,mizuho_bank,https://www.mizuhobank.co.jp/takarakuji/check/loto/backnumber/detail.html?fromto=1821_1840&type=loto6,2026-08-21T01:52:11.264967+00:00,bcc625fc0dda117cfcc7a23ea8120a8917f2181db87a719d69389554a2fb3e18
LOTO6,1840,2023-10-30,4,9,15,21,26,33,13,mizuho_bank,https://www.mizuhobank.co.jp/takarakuji/check/loto/backnumber/detail.html?fromto=1821_1840&type=loto6,2026-08-21T01:52:11.264967+00:00,bcc625fc0dda117cfcc7a23ea8120a8917f2181db87a719d69389554a2fb3e18
LOTO6,1841,2023-11-02,8,11,15,31,33,38,30,mizuho_bank,https://www.mizuhobank.co.jp/takarakuji/check/loto/backnumber/detail.html?fromto=1841_1860&type=loto6,2026-08-21T01:52:10.601160+00:00,c64804cbf32b1e72dd76690f48ed937578eacd4edd028f0f60536e951499424c
LOTO6,1842,2023-11-06,4,6,9,24,26,29,35,mizuho_bank,https://www.mizuhobank.co.jp/takarakuji/check/loto/backnumber/detail.html?fromto=1841_1860&type=loto6,2026-08-21T01:52:10.601160+00:00,c64804cbf32b1e72dd76690f48ed937578eacd4edd028f0f60536e951499424c
LOTO6,1843,2023-11-09,4,5,10,19,26,37,3,mizuho_bank,https://www.mizuhobank.co.jp/takarakuji/check/loto/backnumber/detail.html?fromto=1841_1860&type=loto6,2026-08-21T01:52:10.601160+00:00,c64804cbf32b1e72dd76690f48ed937578eacd4edd028f0f60536e951499424c
LOTO6,1844,2023-11-13,12,15,28,31,34,43,9,mizuho_bank,https://www.mizuhobank.co.jp/takarakuji/check/loto/backnumber/detail.html?fromto=1841_1860&type=loto6,2026-08-21T01:52:10.601160+00:00,c64804cbf32b1e72dd76690f48ed937578eacd4edd028f0f60536e951499424c
LOTO6,1845,2023-11-16,10,22,25,30,31,39,28,mizuho_bank,https://www.mizuhobank.co.jp/takarakuji/check/loto/backnumber/detail.html?fromto=1841_1860&type=loto6,2026-08-21T01:52:10.601160+00:00,c64804cbf32b1e72dd76690f48ed937578eacd4edd028f0f60536e951499424c
LOTO6,1846,2023-11-20,6,8,15,16,33,37,34,mizuho_bank,https://www.mizuhobank.co.jp/takarakuji/check/loto/backnumber/detail.html?fromto=1841_1860&type=loto6,2026-08-21T01:52:10.601160+00:00,c64804cbf32b1e72dd76690f48ed937578eacd4edd028f0f60536e951499424c
LOTO6,1847,2023-11-23,18,22,25,35,36,39,43,mizuho_bank,https://www.mizuhobank.co.jp/takarakuji/check/loto/backnumber/detail.html?fromto=1841_1860&type=loto6,2026-08-21T01:52:10.601160+00:00,c64804cbf32b1e72dd76690f48ed937578eacd4edd028f0f60536e951499424c
LOTO6,1848,2023-11-27,3,23,26,27,31,35,10,mizuho_bank,https://www.mizuhobank.co.jp/takarakuji/check/loto/backnumber/detail.html?fromto=1841_1860&type=loto6,2026-08-21T01:52:10.601160+00:00,c64804cbf32b1e72dd76690f48ed937578eacd4edd028f0f60536e951499424c
LOTO6,1849,2023-11-30,11,15,17,33,36,41,6,mizuho_bank,https://www.mizuhobank.co.jp/takarakuji/check/loto/backnumber/detail.html?fromto=1841_1860&type=loto6,2026-08-21T01:52:10.601160+00:00,c64804cbf32b1e72dd76690f48ed937578eacd4edd028f0f60536e951499424c
LOTO6,1850,2023-12-04,1,8,23,30,36,41,39,mizuho_bank,https://www.mizuhobank.co.jp/takarakuji/check/loto/backnumber/detail.html?fromto=1841_1860&type=loto6,2026-08-21T01:52:10.601160+00:00,c64804cbf32b1e72dd76690f48ed937578eacd4edd028f0f60536e951499424c
LOTO6,1851,2023-12-07,8,9,10,16,17,39,4,mizuho_bank,https://www.mizuhobank.co.jp/takarakuji/check/loto/backnumber/detail.html?fromto=1841_1860&type=loto6,2026-08-21T01:52:10.601160+00:00,c64804cbf32b1e72dd76690f48ed937578eacd4edd028f0f60536e951499424c
LOTO6,1852,2023-12-11,15,16,24,26,35,43,38,mizuho_bank,https://www.mizuhobank.co.jp/takarakuji/check/loto/backnumber/detail.html?fromto=1841_1860&type=loto6,2026-08-21T01:52:10.601160+00:00,c64804cbf32b1e72dd76690f48ed937578eacd4edd028f0f60536e951499424c
LOTO6,1853,2023-12-14,11,13,24,26,28,34,17,mizuho_bank,https://www.mizuhobank.co.jp/takarakuji/check/loto/backnumber/detail.html?fromto=1841_1860&type=loto6,2026-08-21T01:52:10.601160+00:00,c64804cbf32b1e72dd76690f48ed937578eacd4edd028f0f60536e951499424c
LOTO6,1854,2023-12-18,7,8,12,25,30,32,40,mizuho_bank,https://www.mizuhobank.co.jp/takarakuji/check/loto/backnumber/detail.html?fromto=1841_1860&type=loto6,2026-08-21T01:52:10.601160+00:00,c64804cbf32b1e72dd76690f48ed937578eacd4edd028f0f60536e951499424c
LOTO6,1855,2023-12-21,21,24,26,30,31,38,3,mizuho_bank,https://www.mizuhobank.co.jp/takarakuji/check/loto/backnumber/detail.html?fromto=1841_1860&type=loto6,2026-08-21T01:52:10.601160+00:00,c64804cbf32b1e72dd76690f48ed937578eacd4edd028f0f60536e951499424c
LOTO6,1856,2023-12-25,4,10,19,31,34,35,43,mizuho_bank,https://www.mizuhobank.co.jp/takarakuji/check/loto/backnumber/detail.html?fromto=1841_1860&type=loto6,2026-08-21T01:52:10.601160+00:00,c64804cbf32b1e72dd76690f48ed937578eacd4edd028f0f60536e951499424c
LOTO6,1857,2023-12-28,11,16,20,23,38,41,33,mizuho_bank,https://www.mizuhobank.co.jp/takarakuji/check/loto/backnumber/detail.html?fromto=1841_1860&type=loto6,2026-08-21T01:52:10.601160+00:00,c64804cbf32b1e72dd76690f48ed937578eacd4edd028f0f60536e951499424c
LOTO6,1858,2024-01-04,12,13,17,22,35,40,5,mizuho_bank,https://www.mizuhobank.co.jp/takarakuji/check/loto/backnumber/detail.html?fromto=1841_1860&type=loto6,2026-08-21T01:52:10.601160+00:00,c64804cbf32b1e72dd76690f48ed937578eacd4edd028f0f60536e951499424c
LOTO6,1859,2024-01-08,1,4,11,28,37,39,15,mizuho_bank,https://www.mizuhobank.co.jp/takarakuji/check/loto/backnumber/detail.html?fromto=1841_1860&type=loto6,2026-08-21T01:52:10.601160+00:00,c64804cbf32b1e72dd76690f48ed937578eacd4edd028f0f60536e951499424c
LOTO6,1860,2024-01-11,8,15,20,21,31,34,28,mizuho_bank,https://www.mizuhobank.co.jp/takarakuji/check/loto/backnumber/detail.html?fromto=1841_1860&type=loto6,2026-08-21T01:52:10.601160+00:00,c64804cbf32b1e72dd76690f48ed937578eacd4edd028f0f60536e951499424c
LOTO6,1861,2024-01-15,2,12,13,27,39,40,30,mizuho_bank,https://www.mizuhobank.co.jp/takarakuji/check/loto/backnumber/detail.html?fromto=1861_1880&type=loto6,2026-08-21T01:52:09.573528+00:00,06e959ed769e245a6f6cc34d83908f8a62fe6b21bd75c3de30f1ea198473a59e
LOTO6,1862,2024-01-18,25,27,33,37,38,43,16,mizuho_bank,https://www.mizuhobank.co.jp/takarakuji/check/loto/backnumber/detail.html?fromto=1861_1880&type=loto6,2026-08-21T01:52:09.573528+00:00,06e959ed769e245a6f6cc34d83908f8a62fe6b21bd75c3de30f1ea198473a59e
LOTO6,1863,2024-01-22,15,20,24,37,38,39,27,mizuho_bank,https://www.mizuhobank.co.jp/takarakuji/check/loto/backnumber/detail.html?fromto=1861_1880&type=loto6,2026-08-21T01:52:09.573528+00:00,06e959ed769e245a6f6cc34d83908f8a62fe6b21bd75c3de30f1ea198473a59e
LOTO6,1864,2024-01-25,14,22,28,34,41,42,11,mizuho_bank,https://www.mizuhobank.co.jp/takarakuji/check/loto/backnumber/detail.html?fromto=1861_1880&type=loto6,2026-08-21T01:52:09.573528+00:00,06e959ed769e245a6f6cc34d83908f8a62fe6b21bd75c3de30f1ea198473a59e
LOTO6,1865,2024-01-29,3,5,18,21,26,36,34,mizuho_bank,https://www.mizuhobank.co.jp/takarakuji/check/loto/backnumber/detail.html?fromto=1861_1880&type=loto6,2026-08-21T01:52:09.573528+00:00,06e959ed769e245a6f6cc34d83908f8a62fe6b21bd75c3de30f1ea198473a59e
LOTO6,1866,2024-02-01,8,19,21,29,38,40,12,mizuho_bank,https://www.mizuhobank.co.jp/takarakuji/check/loto/backnumber/detail.html?fromto=1861_1880&type=loto6,2026-08-21T01:52:09.573528+00:00,06e959ed769e245a6f6cc34d83908f8a62fe6b21bd75c3de30f1ea198473a59e
LOTO6,1867,2024-02-05,1,6,17,28,40,42,4,mizuho_bank,https://www.mizuhobank.co.jp/takarakuji/check/loto/backnumber/detail.html?fromto=1861_1880&type=loto6,2026-08-21T01:52:09.573528+00:00,06e959ed769e245a6f6cc34d83908f8a62fe6b21bd75c3de30f1ea198473a59e
LOTO6,1868,2024-02-08,3,7,22,23,24,32,2,mizuho_bank,https://www.mizuhobank.co.jp/takarakuji/check/loto/backnumber/detail.html?fromto=1861_1880&type=loto6,2026-08-21T01:52:09.573528+00:00,06e959ed769e245a6f6cc34d83908f8a62fe6b21bd75c3de30f1ea198473a59e
LOTO6,1869,2024-02-12,7,8,16,28,36,37,29,mizuho_bank,https://www.mizuhobank.co.jp/takarakuji/check/loto/backnumber/detail.html?fromto=1861_1880&type=loto6,2026-08-21T01:52:09.573528+00:00,06e959ed769e245a6f6cc34d83908f8a62fe6b21bd75c3de30f1ea198473a59e
LOTO6,1870,2024-02-15,5,9,13,23,25,40,27,mizuho_bank,https://www.mizuhobank.co.jp/takarakuji/check/loto/backnumber/detail.html?fromto=1861_1880&type=loto6,2026-08-21T01:52:09.573528+00:00,06e959ed769e245a6f6cc34d83908f8a62fe6b21bd75c3de30f1ea198473a59e
LOTO6,1871,2024-02-19,7,13,22,24,38,42,14,mizuho_bank,https://www.mizuhobank.co.jp/takarakuji/check/loto/backnumber/detail.html?fromto=1861_1880&type=loto6,2026-08-21T01:52:09.573528+00:00,06e959ed769e245a6f6cc34d83908f8a62fe6b21bd75c3de30f1ea198473a59e
LOTO6,1872,2024-02-22,3,18,20,25,34,40,31,mizuho_bank,https://www.mizuhobank.co.jp/takarakuji/check/loto/backnumber/detail.html?fromto=1861_1880&type=loto6,2026-08-21T01:52:09.573528+00:00,06e959ed769e245a6f6cc34d83908f8a62fe6b21bd75c3de30f1ea198473a59e
LOTO6,1873,2024-02-26,6,15,26,33,39,41,42,mizuho_bank,https://www.mizuhobank.co.jp/takarakuji/check/loto/backnumber/detail.html?fromto=1861_1880&type=loto6,2026-08-21T01:52:09.573528+00:00,06e959ed769e245a6f6cc34d83908f8a62fe6b21bd75c3de30f1ea198473a59e
LOTO6,1874,2024-02-29,13,31,33,36,41,43,29,mizuho_bank,https://www.mizuhobank.co.jp/takarakuji/check/loto/backnumber/detail.html?fromto=1861_1880&type=loto6,2026-08-21T01:52:09.573528+00:00,06e959ed769e245a6f6cc34d83908f8a62fe6b21bd75c3de30f1ea198473a59e
LOTO6,1875,2024-03-04,11,15,16,24,38,39,29,mizuho_bank,https://www.mizuhobank.co.jp/takarakuji/check/loto/backnumber/detail.html?fromto=1861_1880&type=loto6,2026-08-21T01:52:09.573528+00:00,06e959ed769e245a6f6cc34d83908f8a62fe6b21bd75c3de30f1ea198473a59e
LOTO6,1876,2024-03-07,4,7,17,31,38,43,30,mizuho_bank,https://www.mizuhobank.co.jp/takarakuji/check/loto/backnumber/detail.html?fromto=1861_1880&type=loto6,2026-08-21T01:52:09.573528+00:00,06e959ed769e245a6f6cc34d83908f8a62fe6b21bd75c3de30f1ea198473a59e
LOTO6,1877,2024-03-11,1,11,13,16,21,37,6,mizuho_bank,https://www.mizuhobank.co.jp/takarakuji/check/loto/backnumber/detail.html?fromto=1861_1880&type=loto6,2026-08-21T01:52:09.573528+00:00,06e959ed769e245a6f6cc34d83908f8a62fe6b21bd75c3de30f1ea198473a59e
LOTO6,1878,2024-03-14,6,8,12,18,32,38,39,mizuho_bank,https://www.mizuhobank.co.jp/takarakuji/check/loto/backnumber/detail.html?fromto=1861_1880&type=loto6,2026-08-21T01:52:09.573528+00:00,06e959ed769e245a6f6cc34d83908f8a62fe6b21bd75c3de30f1ea198473a59e
LOTO6,1879,2024-03-18,1,8,14,27,29,37,6,mizuho_bank,https://www.mizuhobank.co.jp/takarakuji/check/loto/backnumber/detail.html?fromto=1861_1880&type=loto6,2026-08-21T01:52:09.573528+00:00,06e959ed769e245a6f6cc34d83908f8a62fe6b21bd75c3de30f1ea198473a59e
LOTO6,1880,2024-03-21,9,14,21,31,33,43,30,mizuho_bank,https://www.mizuhobank.co.jp/takarakuji/check/loto/backnumber/detail.html?fromto=1861_1880&type=loto6,2026-08-21T01:52:09.573528+00:00,06e959ed769e245a6f6cc34d83908f8a62fe6b21bd75c3de30f1ea198473a59e
LOTO6,1881,2024-03-25,2,9,22,31,33,35,30,mizuho_bank,https://www.mizuhobank.co.jp/takarakuji/check/loto/backnumber/detail.html?fromto=1881_1900&type=loto6,2026-08-21T01:52:08.627185+00:00,de250382189c162adb44b9a99217f36d0366909c5e563b1d3eb2f2ecb4d4aeb0
LOTO6,1882,2024-03-28,3,6,11,25,36,43,10,mizuho_bank,https://www.mizuhobank.co.jp/takarakuji/check/loto/backnumber/detail.html?fromto=1881_1900&type=loto6,2026-08-21T01:52:08.627185+00:00,de250382189c162adb44b9a99217f36d0366909c5e563b1d3eb2f2ecb4d4aeb0
LOTO6,1883,2024-04-01,3,11,24,25,28,32,5,mizuho_bank,https://www.mizuhobank.co.jp/takarakuji/check/loto/backnumber/detail.html?fromto=1881_1900&type=loto6,2026-08-21T01:52:08.627185+00:00,de250382189c162adb44b9a99217f36d0366909c5e563b1d3eb2f2ecb4d4aeb0
LOTO6,1884,2024-04-04,20,25,29,36,38,42,19,mizuho_bank,https://www.mizuhobank.co.jp/takarakuji/check/loto/backnumber/detail.html?fromto=1881_1900&type=loto6,2026-08-21T01:52:08.627185+00:00,de250382189c162adb44b9a99217f36d0366909c5e563b1d3eb2f2ecb4d4aeb0
LOTO6,1885,2024-04-08,2,6,7,16,17,41,32,mizuho_bank,https://www.mizuhobank.co.jp/takarakuji/check/loto/backnumber/detail.html?fromto=1881_1900&type=loto6,2026-08-21T01:52:08.627185+00:00,de250382189c162adb44b9a99217f36d0366909c5e563b1d3eb2f2ecb4d4aeb0
LOTO6,1886,2024-04-11,1,6,19,25,33,39,15,mizuho_bank,https://www.mizuhobank.co.jp/takarakuji/check/loto/backnumber/detail.html?fromto=1881_1900&type=loto6,2026-08-21T01:52:08.627185+00:00,de250382189c162adb44b9a99217f36d0366909c5e563b1d3eb2f2ecb4d4aeb0
LOTO6,1887,2024-04-15,5,7,15,18,36,37,20,mizuho_bank,https://www.mizuhobank.co.jp/takarakuji/check/loto/backnumber/detail.html?fromto=1881_1900&type=loto6,2026-08-21T01:52:08.627185+00:00,de250382189c162adb44b9a99217f36d0366909c5e563b1d3eb2f2ecb4d4aeb0
LOTO6,1888,2024-04-18,4,5,6,28,29,39,7,mizuho_bank,https://www.mizuhobank.co.jp/takarakuji/check/loto/backnumber/detail.html?fromto=1881_1900&type=loto6,2026-08-21T01:52:08.627185+00:00,de250382189c162adb44b9a99217f36d0366909c5e563b1d3eb2f2ecb4d4aeb0
LOTO6,1889,2024-04-22,7,15,21,27,28,32,24,mizuho_bank,https://www.mizuhobank.co.jp/takarakuji/check/loto/backnumber/detail.html?fromto=1881_1900&type=loto6,2026-08-21T01:52:08.627185+00:00,de250382189c162adb44b9a99217f36d0366909c5e563b1d3eb2f2ecb4d4aeb0
LOTO6,1890,2024-04-25,17,21,29,34,41,42,2,mizuho_bank,https://www.mizuhobank.co.jp/takarakuji/check/loto/backnumber/detail.html?fromto=1881_1900&type=loto6,2026-08-21T01:52:08.627185+00:00,de250382189c162adb44b9a99217f36d0366909c5e563b1d3eb2f2ecb4d4aeb0
LOTO6,1891,2024-04-29,2,16,23,38,40,43,33,mizuho_bank,https://www.mizuhobank.co.jp/takarakuji/check/loto/backnumber/detail.html?fromto=1881_1900&type=loto6,2026-08-21T01:52:08.627185+00:00,de250382189c162adb44b9a99217f36d0366909c5e563b1d3eb2f2ecb4d4aeb0
LOTO6,1892,2024-05-02,7,8,9,19,22,38,24,mizuho_bank,https://www.mizuhobank.co.jp/takarakuji/check/loto/backnumber/detail.html?fromto=1881_1900&type=loto6,2026-08-21T01:52:08.627185+00:00,de250382189c162adb44b9a99217f36d0366909c5e563b1d3eb2f2ecb4d4aeb0
LOTO6,1893,2024-05-06,25,31,33,35,37,42,16,mizuho_bank,https://www.mizuhobank.co.jp/takarakuji/check/loto/backnumber/detail.html?fromto=1881_1900&type=loto6,2026-08-21T01:52:08.627185+00:00,de250382189c162adb44b9a99217f36d0366909c5e563b1d3eb2f2ecb4d4aeb0
LOTO6,1894,2024-05-09,19,29,36,37,41,42,35,mizuho_bank,https://www.mizuhobank.co.jp/takarakuji/check/loto/backnumber/detail.html?fromto=1881_1900&type=loto6,2026-08-21T01:52:08.627185+00:00,de250382189c162adb44b9a99217f36d0366909c5e563b1d3eb2f2ecb4d4aeb0
LOTO6,1895,2024-05-13,6,18,29,33,35,40,1,mizuho_bank,https://www.mizuhobank.co.jp/takarakuji/check/loto/backnumber/detail.html?fromto=1881_1900&type=loto6,2026-08-21T01:52:08.627185+00:00,de250382189c162adb44b9a99217f36d0366909c5e563b1d3eb2f2ecb4d4aeb0
LOTO6,1896,2024-05-16,5,12,15,16,28,40,1,mizuho_bank,https://www.mizuhobank.co.jp/takarakuji/check/loto/backnumber/detail.html?fromto=1881_1900&type=loto6,2026-08-21T01:52:08.627185+00:00,de250382189c162adb44b9a99217f36d0366909c5e563b1d3eb2f2ecb4d4aeb0
LOTO6,1897,2024-05-20,7,23,27,30,34,36,28,mizuho_bank,https://www.mizuhobank.co.jp/takarakuji/check/loto/backnumber/detail.html?fromto=1881_1900&type=loto6,2026-08-21T01:52:08.627185+00:00,de250382189c162adb44b9a99217f36d0366909c5e563b1d3eb2f2ecb4d4aeb0
LOTO6,1898,2024-05-23,5,19,23,26,31,42,32,mizuho_bank,https://www.mizuhobank.co.jp/takarakuji/check/loto/backnumber/detail.html?fromto=1881_1900&type=loto6,2026-08-21T01:52:08.627185+00:00,de250382189c162adb44b9a99217f36d0366909c5e563b1d3eb2f2ecb4d4aeb0
LOTO6,1899,2024-05-27,2,4,9,19,33,36,3,mizuho_bank,https://www.mizuhobank.co.jp/takarakuji/check/loto/backnumber/detail.html?fromto=1881_1900&type=loto6,2026-08-21T01:52:08.627185+00:00,de250382189c162adb44b9a99217f36d0366909c5e563b1d3eb2f2ecb4d4aeb0
LOTO6,1900,2024-05-30,3,9,29,30,39,42,23,mizuho_bank,https://www.mizuhobank.co.jp/takarakuji/check/loto/backnumber/detail.html?fromto=1881_1900&type=loto6,2026-08-21T01:52:08.627185+00:00,de250382189c162adb44b9a99217f36d0366909c5e563b1d3eb2f2ecb4d4aeb0
LOTO6,1901,2024-06-03,14,15,26,28,33,37,4,mizuho_bank,https://www.mizuhobank.co.jp/takarakuji/check/loto/backnumber/detail.html?fromto=1901_1920&type=loto6,2026-08-21T01:52:07.972510+00:00,040dfddb38bd0a452c94a3eae7021fa4b653acfc57e9411366cb51f5985d7585
LOTO6,1902,2024-06-06,4,7,15,18,35,40,12,mizuho_bank,https://www.mizuhobank.co.jp/takarakuji/check/loto/backnumber/detail.html?fromto=1901_1920&type=loto6,2026-08-21T01:52:07.972510+00:00,040dfddb38bd0a452c94a3eae7021fa4b653acfc57e9411366cb51f5985d7585
LOTO6,1903,2024-06-10,18,19,23,25,27,32,20,mizuho_bank,https://www.mizuhobank.co.jp/takarakuji/check/loto/backnumber/detail.html?fromto=1901_1920&type=loto6,2026-08-21T01:52:07.972510+00:00,040dfddb38bd0a452c94a3eae7021fa4b653acfc57e9411366cb51f5985d7585
LOTO6,1904,2024-06-13,14,21,23,24,28,36,7,mizuho_bank,https://www.mizuhobank.co.jp/takarakuji/check/loto/backnumber/detail.html?fromto=1901_1920&type=loto6,2026-08-21T01:52:07.972510+00:00,040dfddb38bd0a452c94a3eae7021fa4b653acfc57e9411366cb51f5985d7585
LOTO6,1905,2024-06-17,4,5,17,20,29,30,40,mizuho_bank,https://www.mizuhobank.co.jp/takarakuji/check/loto/backnumber/detail.html?fromto=1901_1920&type=loto6,2026-08-21T01:52:07.972510+00:00,040dfddb38bd0a452c94a3eae7021fa4b653acfc57e9411366cb51f5985d7585
LOTO6,1906,2024-06-20,1,8,21,22,30,42,24,mizuho_bank,https://www.mizuhobank.co.jp/takarakuji/check/loto/backnumber/detail.html?fromto=1901_1920&type=loto6,2026-08-21T01:52:07.972510+00:00,040dfddb38bd0a452c94a3eae7021fa4b653acfc57e9411366cb51f5985d7585
LOTO6,1907,2024-06-24,10,14,21,23,24,40,28,mizuho_bank,https://www.mizuhobank.co.jp/takarakuji/check/loto/backnumber/detail.html?fromto=1901_1920&type=loto6,2026-08-21T01:52:07.972510+00:00,040dfddb38bd0a452c94a3eae7021fa4b653acfc57e9411366cb51f5985d7585
LOTO6,1908,2024-06-27,3,9,21,25,42,43,36,mizuho_bank,https://www.mizuhobank.co.jp/takarakuji/check/loto/backnumber/detail.html?fromto=1901_1920&type=loto6,2026-08-21T01:52:07.972510+00:00,040dfddb38bd0a452c94a3eae7021fa4b653acfc57e9411366cb51f5985d7585
LOTO6,1909,2024-07-01,3,5,7,8,22,27,28,mizuho_bank,https://www.mizuhobank.co.jp/takarakuji/check/loto/backnumber/detail.html?fromto=1901_1920&type=loto6,2026-08-21T01:52:07.972510+00:00,040dfddb38bd0a452c94a3eae7021fa4b653acfc57e9411366cb51f5985d7585
LOTO6,1910,2024-07-04,2,8,24,29,30,31,6,mizuho_bank,https://www.mizuhobank.co.jp/takarakuji/check/loto/backnumber/detail.html?fromto=1901_1920&type=loto6,2026-08-21T01:52:07.972510+00:00,040dfddb38bd0a452c94a3eae7021fa4b653acfc57e9411366cb51f5985d7585
LOTO6,1911,2024-07-08,4,8,9,14,16,41,15,mizuho_bank,https://www.mizuhobank.co.jp/takarakuji/check/loto/backnumber/detail.html?fromto=1901_1920&type=loto6,2026-08-21T01:52:07.972510+00:00,040dfddb38bd0a452c94a3eae7021fa4b653acfc57e9411366cb51f5985d7585
LOTO6,1912,2024-07-11,1,11,24,29,33,34,4,mizuho_bank,https://www.mizuhobank.co.jp/takarakuji/check/loto/backnumber/detail.html?fromto=1901_1920&type=loto6,2026-08-21T01:52:07.972510+00:00,040dfddb38bd0a452c94a3eae7021fa4b653acfc57e9411366cb51f5985d7585
LOTO6,1913,2024-07-15,2,5,22,23,29,33,17,mizuho_bank,https://www.mizuhobank.co.jp/takarakuji/check/loto/backnumber/detail.html?fromto=1901_1920&type=loto6,2026-08-21T01:52:07.972510+00:00,040dfddb38bd0a452c94a3eae7021fa4b653acfc57e9411366cb51f5985d7585
LOTO6,1914,2024-07-18,4,10,22,24,36,38,8,mizuho_bank,https://www.mizuhobank.co.jp/takarakuji/check/loto/backnumber/detail.html?fromto=1901_1920&type=loto6,2026-08-21T01:52:07.972510+00:00,040dfddb38bd0a452c94a3eae7021fa4b653acfc57e9411366cb51f5985d7585
LOTO6,1915,2024-07-22,4,10,14,19,24,40,15,mizuho_bank,https://www.mizuhobank.co.jp/takarakuji/check/loto/backnumber/detail.html?fromto=1901_1920&type=loto6,2026-08-21T01:52:07.972510+00:00,040dfddb38bd0a452c94a3eae7021fa4b653acfc57e9411366cb51f5985d7585
LOTO6,1916,2024-07-25,5,13,18,23,30,39,33,mizuho_bank,https://www.mizuhobank.co.jp/takarakuji/check/loto/backnumber/detail.html?fromto=1901_1920&type=loto6,2026-08-21T01:52:07.972510+00:00,040dfddb38bd0a452c94a3eae7021fa4b653acfc57e9411366cb51f5985d7585
LOTO6,1917,2024-07-29,3,12,14,29,30,33,21,mizuho_bank,https://www.mizuhobank.co.jp/takarakuji/check/loto/backnumber/detail.html?fromto=1901_1920&type=loto6,2026-08-21T01:52:07.972510+00:00,040dfddb38bd0a452c94a3eae7021fa4b653acfc57e9411366cb51f5985d7585
LOTO6,1918,2024-08-01,3,4,5,6,18,20,11,mizuho_bank,https://www.mizuhobank.co.jp/takarakuji/check/loto/backnumber/detail.html?fromto=1901_1920&type=loto6,2026-08-21T01:52:07.972510+00:00,040dfddb38bd0a452c94a3eae7021fa4b653acfc57e9411366cb51f5985d7585
LOTO6,1919,2024-08-05,5,17,19,21,38,41,6,mizuho_bank,https://www.mizuhobank.co.jp/takarakuji/check/loto/backnumber/detail.html?fromto=1901_1920&type=loto6,2026-08-21T01:52:07.972510+00:00,040dfddb38bd0a452c94a3eae7021fa4b653acfc57e9411366cb51f5985d7585
LOTO6,1920,2024-08-08,6,10,22,23,31,36,37,mizuho_bank,https://www.mizuhobank.co.jp/takarakuji/check/loto/backnumber/detail.html?fromto=1901_1920&type=loto6,2026-08-21T01:52:07.972510+00:00,040dfddb38bd0a452c94a3eae7021fa4b653acfc57e9411366cb51f5985d7585
LOTO6,1921,2024-08-12,1,2,13,25,33,41,31,mizuho_bank,https://www.mizuhobank.co.jp/takarakuji/check/loto/backnumber/detail.html?fromto=1921_1940&type=loto6,2026-08-21T01:52:07.317747+00:00,4ee9a987fafa56f817902c5d43a6cce3a4deaa08d9f40d3aca3f449342e1f69f
LOTO6,1922,2024-08-15,3,11,22,31,33,35,13,mizuho_bank,https://www.mizuhobank.co.jp/takarakuji/check/loto/backnumber/detail.html?fromto=1921_1940&type=loto6,2026-08-21T01:52:07.317747+00:00,4ee9a987fafa56f817902c5d43a6cce3a4deaa08d9f40d3aca3f449342e1f69f
LOTO6,1923,2024-08-19,6,7,18,30,34,37,3,mizuho_bank,https://www.mizuhobank.co.jp/takarakuji/check/loto/backnumber/detail.html?fromto=1921_1940&type=loto6,2026-08-21T01:52:07.317747+00:00,4ee9a987fafa56f817902c5d43a6cce3a4deaa08d9f40d3aca3f449342e1f69f
LOTO6,1924,2024-08-22,7,16,18,25,26,27,17,mizuho_bank,https://www.mizuhobank.co.jp/takarakuji/check/loto/backnumber/detail.html?fromto=1921_1940&type=loto6,2026-08-21T01:52:07.317747+00:00,4ee9a987fafa56f817902c5d43a6cce3a4deaa08d9f40d3aca3f449342e1f69f
LOTO6,1925,2024-08-26,5,9,11,18,34,37,22,mizuho_bank,https://www.mizuhobank.co.jp/takarakuji/check/loto/backnumber/detail.html?fromto=1921_1940&type=loto6,2026-08-21T01:52:07.317747+00:00,4ee9a987fafa56f817902c5d43a6cce3a4deaa08d9f40d3aca3f449342e1f69f
LOTO6,1926,2024-08-29,10,13,18,24,34,37,1,mizuho_bank,https://www.mizuhobank.co.jp/takarakuji/check/loto/backnumber/detail.html?fromto=1921_1940&type=loto6,2026-08-21T01:52:07.317747+00:00,4ee9a987fafa56f817902c5d43a6cce3a4deaa08d9f40d3aca3f449342e1f69f
LOTO6,1927,2024-09-02,2,11,18,26,32,36,10,mizuho_bank,https://www.mizuhobank.co.jp/takarakuji/check/loto/backnumber/detail.html?fromto=1921_1940&type=loto6,2026-08-21T01:52:07.317747+00:00,4ee9a987fafa56f817902c5d43a6cce3a4deaa08d9f40d3aca3f449342e1f69f
LOTO6,1928,2024-09-05,2,18,20,24,26,29,22,mizuho_bank,https://www.mizuhobank.co.jp/takarakuji/check/loto/backnumber/detail.html?fromto=1921_1940&type=loto6,2026-08-21T01:52:07.317747+00:00,4ee9a987fafa56f817902c5d43a6cce3a4deaa08d9f40d3aca3f449342e1f69f
LOTO6,1929,2024-09-09,7,10,12,20,40,43,4,mizuho_bank,https://www.mizuhobank.co.jp/takarakuji/check/loto/backnumber/detail.html?fromto=1921_1940&type=loto6,2026-08-21T01:52:07.317747+00:00,4ee9a987fafa56f817902c5d43a6cce3a4deaa08d9f40d3aca3f449342e1f69f
LOTO6,1930,2024-09-12,5,10,19,23,29,37,11,mizuho_bank,https://www.mizuhobank.co.jp/takarakuji/check/loto/backnumber/detail.html?fromto=1921_1940&type=loto6,2026-08-21T01:52:07.317747+00:00,4ee9a987fafa56f817902c5d43a6cce3a4deaa08d9f40d3aca3f449342e1f69f
LOTO6,1931,2024-09-16,9,23,27,30,33,41,4,mizuho_bank,https://www.mizuhobank.co.jp/takarakuji/check/loto/backnumber/detail.html?fromto=1921_1940&type=loto6,2026-08-21T01:52:07.317747+00:00,4ee9a987fafa56f817902c5d43a6cce3a4deaa08d9f40d3aca3f449342e1f69f
LOTO6,1932,2024-09-19,1,5,16,20,24,31,29,mizuho_bank,https://www.mizuhobank.co.jp/takarakuji/check/loto/backnumber/detail.html?fromto=1921_1940&type=loto6,2026-08-21T01:52:07.317747+00:00,4ee9a987fafa56f817902c5d43a6cce3a4deaa08d9f40d3aca3f449342e1f69f
LOTO6,1933,2024-09-23,3,7,9,10,12,30,16,mizuho_bank,https://www.mizuhobank.co.jp/takarakuji/check/loto/backnumber/detail.html?fromto=1921_1940&type=loto6,2026-08-21T01:52:07.317747+00:00,4ee9a987fafa56f817902c5d43a6cce3a4deaa08d9f40d3aca3f449342e1f69f
LOTO6,1934,2024-09-26,6,13,16,20,27,41,30,mizuho_bank,https://www.mizuhobank.co.jp/takarakuji/check/loto/backnumber/detail.html?fromto=1921_1940&type=loto6,2026-08-21T01:52:07.317747+00:00,4ee9a987fafa56f817902c5d43a6cce3a4deaa08d9f40d3aca3f449342e1f69f
LOTO6,1935,2024-09-30,3,8,12,14,17,40,2,mizuho_bank,https://www.mizuhobank.co.jp/takarakuji/check/loto/backnumber/detail.html?fromto=1921_1940&type=loto6,2026-08-21T01:52:07.317747+00:00,4ee9a987fafa56f817902c5d43a6cce3a4deaa08d9f40d3aca3f449342e1f69f
LOTO6,1936,2024-10-03,1,6,19,29,33,35,26,mizuho_bank,https://www.mizuhobank.co.jp/takarakuji/check/loto/backnumber/detail.html?fromto=1921_1940&type=loto6,2026-08-21T01:52:07.317747+00:00,4ee9a987fafa56f817902c5d43a6cce3a4deaa08d9f40d3aca3f449342e1f69f
LOTO6,1937,2024-10-07,1,9,26,28,31,38,8,mizuho_bank,https://www.mizuhobank.co.jp/takarakuji/check/loto/backnumber/detail.html?fromto=1921_1940&type=loto6,2026-08-21T01:52:07.317747+00:00,4ee9a987fafa56f817902c5d43a6cce3a4deaa08d9f40d3aca3f449342e1f69f
LOTO6,1938,2024-10-10,5,9,14,32,39,41,24,mizuho_bank,https://www.mizuhobank.co.jp/takarakuji/check/loto/backnumber/detail.html?fromto=1921_1940&type=loto6,2026-08-21T01:52:07.317747+00:00,4ee9a987fafa56f817902c5d43a6cce3a4deaa08d9f40d3aca3f449342e1f69f
LOTO6,1939,2024-10-14,10,22,26,27,29,37,41,mizuho_bank,https://www.mizuhobank.co.jp/takarakuji/check/loto/backnumber/detail.html?fromto=1921_1940&type=loto6,2026-08-21T01:52:07.317747+00:00,4ee9a987fafa56f817902c5d43a6cce3a4deaa08d9f40d3aca3f449342e1f69f
LOTO6,1940,2024-10-17,2,14,15,25,26,42,9,mizuho_bank,https://www.mizuhobank.co.jp/takarakuji/check/loto/backnumber/detail.html?fromto=1921_1940&type=loto6,2026-08-21T01:52:07.317747+00:00,4ee9a987fafa56f817902c5d43a6cce3a4deaa08d9f40d3aca3f449342e1f69f
LOTO6,1941,2024-10-21,2,12,13,21,23,43,39,mizuho_bank,https://www.mizuhobank.co.jp/takarakuji/check/loto/backnumber/detail.html?fromto=1941_1960&type=loto6,2026-08-21T01:52:06.671506+00:00,b8aecdde7fc862c6533f751adef1cb02a4511160ca38a28a8b8b108e36acf0cf
LOTO6,1942,2024-10-24,1,16,18,26,27,35,29,mizuho_bank,https://www.mizuhobank.co.jp/takarakuji/check/loto/backnumber/detail.html?fromto=1941_1960&type=loto6,2026-08-21T01:52:06.671506+00:00,b8aecdde7fc862c6533f751adef1cb02a4511160ca38a28a8b8b108e36acf0cf
LOTO6,1943,2024-10-28,10,11,17,25,34,38,9,mizuho_bank,https://www.mizuhobank.co.jp/takarakuji/check/loto/backnumber/detail.html?fromto=1941_1960&type=loto6,2026-08-21T01:52:06.671506+00:00,b8aecdde7fc862c6533f751adef1cb02a4511160ca38a28a8b8b108e36acf0cf
LOTO6,1944,2024-10-31,6,11,21,33,39,42,18,mizuho_bank,https://www.mizuhobank.co.jp/takarakuji/check/loto/backnumber/detail.html?fromto=1941_1960&type=loto6,2026-08-21T01:52:06.671506+00:00,b8aecdde7fc862c6533f751adef1cb02a4511160ca38a28a8b8b108e36acf0cf
LOTO6,1945,2024-11-04,1,2,4,14,27,43,41,mizuho_bank,https://www.mizuhobank.co.jp/takarakuji/check/loto/backnumber/detail.html?fromto=1941_1960&type=loto6,2026-08-21T01:52:06.671506+00:00,b8aecdde7fc862c6533f751adef1cb02a4511160ca38a28a8b8b108e36acf0cf
LOTO6,1946,2024-11-07,8,9,11,27,36,38,18,mizuho_bank,https://www.mizuhobank.co.jp/takarakuji/check/loto/backnumber/detail.html?fromto=1941_1960&type=loto6,2026-08-21T01:52:06.671506+00:00,b8aecdde7fc862c6533f751adef1cb02a4511160ca38a28a8b8b108e36acf0cf
LOTO6,1947,2024-11-11,10,24,30,36,37,41,5,mizuho_bank,https://www.mizuhobank.co.jp/takarakuji/check/loto/backnumber/detail.html?fromto=1941_1960&type=loto6,2026-08-21T01:52:06.671506+00:00,b8aecdde7fc862c6533f751adef1cb02a4511160ca38a28a8b8b108e36acf0cf
LOTO6,1948,2024-11-14,18,29,30,38,39,43,40,mizuho_bank,https://www.mizuhobank.co.jp/takarakuji/check/loto/backnumber/detail.html?fromto=1941_1960&type=loto6,2026-08-21T01:52:06.671506+00:00,b8aecdde7fc862c6533f751adef1cb02a4511160ca38a28a8b8b108e36acf0cf
LOTO6,1949,2024-11-18,12,13,17,28,37,43,27,mizuho_bank,https://www.mizuhobank.co.jp/takarakuji/check/loto/backnumber/detail.html?fromto=1941_1960&type=loto6,2026-08-21T01:52:06.671506+00:00,b8aecdde7fc862c6533f751adef1cb02a4511160ca38a28a8b8b108e36acf0cf
LOTO6,1950,2024-11-21,9,20,26,28,30,42,6,mizuho_bank,https://www.mizuhobank.co.jp/takarakuji/check/loto/backnumber/detail.html?fromto=1941_1960&type=loto6,2026-08-21T01:52:06.671506+00:00,b8aecdde7fc862c6533f751adef1cb02a4511160ca38a28a8b8b108e36acf0cf
LOTO6,1951,2024-11-25,1,3,6,23,28,35,14,mizuho_bank,https://www.mizuhobank.co.jp/takarakuji/check/loto/backnumber/detail.html?fromto=1941_1960&type=loto6,2026-08-21T01:52:06.671506+00:00,b8aecdde7fc862c6533f751adef1cb02a4511160ca38a28a8b8b108e36acf0cf
LOTO6,1952,2024-11-28,24,25,31,32,34,40,12,mizuho_bank,https://www.mizuhobank.co.jp/takarakuji/check/loto/backnumber/detail.html?fromto=1941_1960&type=loto6,2026-08-21T01:52:06.671506+00:00,b8aecdde7fc862c6533f751adef1cb02a4511160ca38a28a8b8b108e36acf0cf
LOTO6,1953,2024-12-02,19,23,29,33,36,40,27,mizuho_bank,https://www.mizuhobank.co.jp/takarakuji/check/loto/backnumber/detail.html?fromto=1941_1960&type=loto6,2026-08-21T01:52:06.671506+00:00,b8aecdde7fc862c6533f751adef1cb02a4511160ca38a28a8b8b108e36acf0cf
LOTO6,1954,2024-12-05,2,10,15,25,35,37,22,mizuho_bank,https://www.mizuhobank.co.jp/takarakuji/check/loto/backnumber/detail.html?fromto=1941_1960&type=loto6,2026-08-21T01:52:06.671506+00:00,b8aecdde7fc862c6533f751adef1cb02a4511160ca38a28a8b8b108e36acf0cf
LOTO6,1955,2024-12-09,11,19,26,28,29,36,1,mizuho_bank,https://www.mizuhobank.co.jp/takarakuji/check/loto/backnumber/detail.html?fromto=1941_1960&type=loto6,2026-08-21T01:52:06.671506+00:00,b8aecdde7fc862c6533f751adef1cb02a4511160ca38a28a8b8b108e36acf0cf
LOTO6,1956,2024-12-12,2,19,21,24,35,42,17,mizuho_bank,https://www.mizuhobank.co.jp/takarakuji/check/loto/backnumber/detail.html?fromto=1941_1960&type=loto6,2026-08-21T01:52:06.671506+00:00,b8aecdde7fc862c6533f751adef1cb02a4511160ca38a28a8b8b108e36acf0cf
LOTO6,1957,2024-12-16,3,4,5,13,34,42,18,mizuho_bank,https://www.mizuhobank.co.jp/takarakuji/check/loto/backnumber/detail.html?fromto=1941_1960&type=loto6,2026-08-21T01:52:06.671506+00:00,b8aecdde7fc862c6533f751adef1cb02a4511160ca38a28a8b8b108e36acf0cf
LOTO6,1958,2024-12-19,1,15,16,20,21,25,19,mizuho_bank,https://www.mizuhobank.co.jp/takarakuji/check/loto/backnumber/detail.html?fromto=1941_1960&type=loto6,2026-08-21T01:52:06.671506+00:00,b8aecdde7fc862c6533f751adef1cb02a4511160ca38a28a8b8b108e36acf0cf
LOTO6,1959,2024-12-23,19,20,36,40,41,43,22,mizuho_bank,https://www.mizuhobank.co.jp/takarakuji/check/loto/backnumber/detail.html?fromto=1941_1960&type=loto6,2026-08-21T01:52:06.671506+00:00,b8aecdde7fc862c6533f751adef1cb02a4511160ca38a28a8b8b108e36acf0cf
LOTO6,1960,2024-12-26,10,22,27,28,31,32,8,mizuho_bank,https://www.mizuhobank.co.jp/takarakuji/check/loto/backnumber/detail.html?fromto=1941_1960&type=loto6,2026-08-21T01:52:06.671506+00:00,b8aecdde7fc862c6533f751adef1cb02a4511160ca38a28a8b8b108e36acf0cf
LOTO6,1961,2024-12-30,11,12,27,28,38,43,10,mizuho_bank,https://www.mizuhobank.co.jp/takarakuji/check/loto/backnumber/detail.html?fromto=1961_1980&type=loto6,2026-08-21T01:52:06.019009+00:00,2e2bf12a92d79990d4899d4cce8d604307f60961d0238f46c434ba6a2618f3da
LOTO6,1962,2025-01-06,4,8,19,22,32,37,26,mizuho_bank,https://www.mizuhobank.co.jp/takarakuji/check/loto/backnumber/detail.html?fromto=1961_1980&type=loto6,2026-08-21T01:52:06.019009+00:00,2e2bf12a92d79990d4899d4cce8d604307f60961d0238f46c434ba6a2618f3da
LOTO6,1963,2025-01-09,3,4,20,29,35,38,6,mizuho_bank,https://www.mizuhobank.co.jp/takarakuji/check/loto/backnumber/detail.html?fromto=1961_1980&type=loto6,2026-08-21T01:52:06.019009+00:00,2e2bf12a92d79990d4899d4cce8d604307f60961d0238f46c434ba6a2618f3da
LOTO6,1964,2025-01-13,2,5,28,33,35,36,34,mizuho_bank,https://www.mizuhobank.co.jp/takarakuji/check/loto/backnumber/detail.html?fromto=1961_1980&type=loto6,2026-08-21T01:52:06.019009+00:00,2e2bf12a92d79990d4899d4cce8d604307f60961d0238f46c434ba6a2618f3da
LOTO6,1965,2025-01-16,17,18,20,23,33,43,19,mizuho_bank,https://www.mizuhobank.co.jp/takarakuji/check/loto/backnumber/detail.html?fromto=1961_1980&type=loto6,2026-08-21T01:52:06.019009+00:00,2e2bf12a92d79990d4899d4cce8d604307f60961d0238f46c434ba6a2618f3da
LOTO6,1966,2025-01-20,4,12,25,29,34,36,32,mizuho_bank,https://www.mizuhobank.co.jp/takarakuji/check/loto/backnumber/detail.html?fromto=1961_1980&type=loto6,2026-08-21T01:52:06.019009+00:00,2e2bf12a92d79990d4899d4cce8d604307f60961d0238f46c434ba6a2618f3da
LOTO6,1967,2025-01-23,3,4,22,26,29,35,37,mizuho_bank,https://www.mizuhobank.co.jp/takarakuji/check/loto/backnumber/detail.html?fromto=1961_1980&type=loto6,2026-08-21T01:52:06.019009+00:00,2e2bf12a92d79990d4899d4cce8d604307f60961d0238f46c434ba6a2618f3da
LOTO6,1968,2025-01-27,6,13,15,22,35,41,37,mizuho_bank,https://www.mizuhobank.co.jp/takarakuji/check/loto/backnumber/detail.html?fromto=1961_1980&type=loto6,2026-08-21T01:52:06.019009+00:00,2e2bf12a92d79990d4899d4cce8d604307f60961d0238f46c434ba6a2618f3da
LOTO6,1969,2025-01-30,3,7,12,13,35,38,24,mizuho_bank,https://www.mizuhobank.co.jp/takarakuji/check/loto/backnumber/detail.html?fromto=1961_1980&type=loto6,2026-08-21T01:52:06.019009+00:00,2e2bf12a92d79990d4899d4cce8d604307f60961d0238f46c434ba6a2618f3da
LOTO6,1970,2025-02-03,11,26,27,31,36,37,42,mizuho_bank,https://www.mizuhobank.co.jp/takarakuji/check/loto/backnumber/detail.html?fromto=1961_1980&type=loto6,2026-08-21T01:52:06.019009+00:00,2e2bf12a92d79990d4899d4cce8d604307f60961d0238f46c434ba6a2618f3da
LOTO6,1971,2025-02-06,2,6,9,26,32,36,23,mizuho_bank,https://www.mizuhobank.co.jp/takarakuji/check/loto/backnumber/detail.html?fromto=1961_1980&type=loto6,2026-08-21T01:52:06.019009+00:00,2e2bf12a92d79990d4899d4cce8d604307f60961d0238f46c434ba6a2618f3da
LOTO6,1972,2025-02-10,3,14,27,28,32,36,12,mizuho_bank,https://www.mizuhobank.co.jp/takarakuji/check/loto/backnumber/detail.html?fromto=1961_1980&type=loto6,2026-08-21T01:52:06.019009+00:00,2e2bf12a92d79990d4899d4cce8d604307f60961d0238f46c434ba6a2618f3da
LOTO6,1973,2025-02-13,7,10,14,27,28,32,4,mizuho_bank,https://www.mizuhobank.co.jp/takarakuji/check/loto/backnumber/detail.html?fromto=1961_1980&type=loto6,2026-08-21T01:52:06.019009+00:00,2e2bf12a92d79990d4899d4cce8d604307f60961d0238f46c434ba6a2618f3da
LOTO6,1974,2025-02-17,2,6,13,21,24,30,43,mizuho_bank,https://www.mizuhobank.co.jp/takarakuji/check/loto/backnumber/detail.html?fromto=1961_1980&type=loto6,2026-08-21T01:52:06.019009+00:00,2e2bf12a92d79990d4899d4cce8d604307f60961d0238f46c434ba6a2618f3da
LOTO6,1975,2025-02-20,11,13,15,20,35,42,19,mizuho_bank,https://www.mizuhobank.co.jp/takarakuji/check/loto/backnumber/detail.html?fromto=1961_1980&type=loto6,2026-08-21T01:52:06.019009+00:00,2e2bf12a92d79990d4899d4cce8d604307f60961d0238f46c434ba6a2618f3da
LOTO6,1976,2025-02-24,4,6,22,30,33,36,2,mizuho_bank,https://www.mizuhobank.co.jp/takarakuji/check/loto/backnumber/detail.html?fromto=1961_1980&type=loto6,2026-08-21T01:52:06.019009+00:00,2e2bf12a92d79990d4899d4cce8d604307f60961d0238f46c434ba6a2618f3da
LOTO6,1977,2025-02-27,4,14,20,28,29,34,30,mizuho_bank,https://www.mizuhobank.co.jp/takarakuji/check/loto/backnumber/detail.html?fromto=1961_1980&type=loto6,2026-08-21T01:52:06.019009+00:00,2e2bf12a92d79990d4899d4cce8d604307f60961d0238f46c434ba6a2618f3da
LOTO6,1978,2025-03-03,23,25,26,30,34,35,12,mizuho_bank,https://www.mizuhobank.co.jp/takarakuji/check/loto/backnumber/detail.html?fromto=1961_1980&type=loto6,2026-08-21T01:52:06.019009+00:00,2e2bf12a92d79990d4899d4cce8d604307f60961d0238f46c434ba6a2618f3da
LOTO6,1979,2025-03-06,15,18,19,21,37,40,17,mizuho_bank,https://www.mizuhobank.co.jp/takarakuji/check/loto/backnumber/detail.html?fromto=1961_1980&type=loto6,2026-08-21T01:52:06.019009+00:00,2e2bf12a92d79990d4899d4cce8d604307f60961d0238f46c434ba6a2618f3da
LOTO6,1980,2025-03-10,1,2,13,19,35,41,3,mizuho_bank,https://www.mizuhobank.co.jp/takarakuji/check/loto/backnumber/detail.html?fromto=1961_1980&type=loto6,2026-08-21T01:52:06.019009+00:00,2e2bf12a92d79990d4899d4cce8d604307f60961d0238f46c434ba6a2618f3da
LOTO6,1981,2025-03-13,5,10,15,17,29,41,30,mizuho_bank,https://www.mizuhobank.co.jp/takarakuji/check/loto/backnumber/detail.html?fromto=1981_2000&type=loto6,2026-08-21T01:52:05.267799+00:00,32403f10360cbfb2f727f17f825b17cacaed398302e677114b3d96733bcbb5f4
LOTO6,1982,2025-03-17,20,21,23,28,32,34,6,mizuho_bank,https://www.mizuhobank.co.jp/takarakuji/check/loto/backnumber/detail.html?fromto=1981_2000&type=loto6,2026-08-21T01:52:05.267799+00:00,32403f10360cbfb2f727f17f825b17cacaed398302e677114b3d96733bcbb5f4
LOTO6,1983,2025-03-20,3,18,31,36,37,40,23,mizuho_bank,https://www.mizuhobank.co.jp/takarakuji/check/loto/backnumber/detail.html?fromto=1981_2000&type=loto6,2026-08-21T01:52:05.267799+00:00,32403f10360cbfb2f727f17f825b17cacaed398302e677114b3d96733bcbb5f4
LOTO6,1984,2025-03-24,4,19,28,29,34,40,3,mizuho_bank,https://www.mizuhobank.co.jp/takarakuji/check/loto/backnumber/detail.html?fromto=1981_2000&type=loto6,2026-08-21T01:52:05.267799+00:00,32403f10360cbfb2f727f17f825b17cacaed398302e677114b3d96733bcbb5f4
LOTO6,1985,2025-03-27,1,30,36,37,41,43,33,mizuho_bank,https://www.mizuhobank.co.jp/takarakuji/check/loto/backnumber/detail.html?fromto=1981_2000&type=loto6,2026-08-21T01:52:05.267799+00:00,32403f10360cbfb2f727f17f825b17cacaed398302e677114b3d96733bcbb5f4
LOTO6,1986,2025-03-31,14,20,29,31,41,42,24,mizuho_bank,https://www.mizuhobank.co.jp/takarakuji/check/loto/backnumber/detail.html?fromto=1981_2000&type=loto6,2026-08-21T01:52:05.267799+00:00,32403f10360cbfb2f727f17f825b17cacaed398302e677114b3d96733bcbb5f4
LOTO6,1987,2025-04-03,8,12,25,28,32,42,27,mizuho_bank,https://www.mizuhobank.co.jp/takarakuji/check/loto/backnumber/detail.html?fromto=1981_2000&type=loto6,2026-08-21T01:52:05.267799+00:00,32403f10360cbfb2f727f17f825b17cacaed398302e677114b3d96733bcbb5f4
LOTO6,1988,2025-04-07,6,20,23,24,33,35,27,mizuho_bank,https://www.mizuhobank.co.jp/takarakuji/check/loto/backnumber/detail.html?fromto=1981_2000&type=loto6,2026-08-21T01:52:05.267799+00:00,32403f10360cbfb2f727f17f825b17cacaed398302e677114b3d96733bcbb5f4
LOTO6,1989,2025-04-10,15,17,23,29,35,43,8,mizuho_bank,https://www.mizuhobank.co.jp/takarakuji/check/loto/backnumber/detail.html?fromto=1981_2000&type=loto6,2026-08-21T01:52:05.267799+00:00,32403f10360cbfb2f727f17f825b17cacaed398302e677114b3d96733bcbb5f4
LOTO6,1990,2025-04-14,6,9,15,19,24,40,30,mizuho_bank,https://www.mizuhobank.co.jp/takarakuji/check/loto/backnumber/detail.html?fromto=1981_2000&type=loto6,2026-08-21T01:52:05.267799+00:00,32403f10360cbfb2f727f17f825b17cacaed398302e677114b3d96733bcbb5f4
LOTO6,1991,2025-04-17,1,5,12,16,17,40,4,mizuho_bank,https://www.mizuhobank.co.jp/takarakuji/check/loto/backnumber/detail.html?fromto=1981_2000&type=loto6,2026-08-21T01:52:05.267799+00:00,32403f10360cbfb2f727f17f825b17cacaed398302e677114b3d96733bcbb5f4
LOTO6,1992,2025-04-21,9,11,18,21,27,34,13,mizuho_bank,https://www.mizuhobank.co.jp/takarakuji/check/loto/backnumber/detail.html?fromto=1981_2000&type=loto6,2026-08-21T01:52:05.267799+00:00,32403f10360cbfb2f727f17f825b17cacaed398302e677114b3d96733bcbb5f4
LOTO6,1993,2025-04-24,7,12,13,35,37,42,31,mizuho_bank,https://www.mizuhobank.co.jp/takarakuji/check/loto/backnumber/detail.html?fromto=1981_2000&type=loto6,2026-08-21T01:52:05.267799+00:00,32403f10360cbfb2f727f17f825b17cacaed398302e677114b3d96733bcbb5f4
LOTO6,1994,2025-04-28,10,11,13,16,24,26,12,mizuho_bank,https://www.mizuhobank.co.jp/takarakuji/check/loto/backnumber/detail.html?fromto=1981_2000&type=loto6,2026-08-21T01:52:05.267799+00:00,32403f10360cbfb2f727f17f825b17cacaed398302e677114b3d96733bcbb5f4
LOTO6,1995,2025-05-01,2,4,8,26,27,37,19,mizuho_bank,https://www.mizuhobank.co.jp/takarakuji/check/loto/backnumber/detail.html?fromto=1981_2000&type=loto6,2026-08-21T01:52:05.267799+00:00,32403f10360cbfb2f727f17f825b17cacaed398302e677114b3d96733bcbb5f4
LOTO6,1996,2025-05-05,6,17,26,28,33,34,20,mizuho_bank,https://www.mizuhobank.co.jp/takarakuji/check/loto/backnumber/detail.html?fromto=1981_2000&type=loto6,2026-08-21T01:52:05.267799+00:00,32403f10360cbfb2f727f17f825b17cacaed398302e677114b3d96733bcbb5f4
LOTO6,1997,2025-05-08,5,16,17,28,36,40,14,mizuho_bank,https://www.mizuhobank.co.jp/takarakuji/check/loto/backnumber/detail.html?fromto=1981_2000&type=loto6,2026-08-21T01:52:05.267799+00:00,32403f10360cbfb2f727f17f825b17cacaed398302e677114b3d96733bcbb5f4
LOTO6,1998,2025-05-12,1,4,6,9,20,43,21,mizuho_bank,https://www.mizuhobank.co.jp/takarakuji/check/loto/backnumber/detail.html?fromto=1981_2000&type=loto6,2026-08-21T01:52:05.267799+00:00,32403f10360cbfb2f727f17f825b17cacaed398302e677114b3d96733bcbb5f4
LOTO6,1999,2025-05-15,17,31,34,35,36,38,2,mizuho_bank,https://www.mizuhobank.co.jp/takarakuji/check/loto/backnumber/detail.html?fromto=1981_2000&type=loto6,2026-08-21T01:52:05.267799+00:00,32403f10360cbfb2f727f17f825b17cacaed398302e677114b3d96733bcbb5f4
LOTO6,2000,2025-05-19,1,2,16,21,25,35,22,mizuho_bank,https://www.mizuhobank.co.jp/takarakuji/check/loto/backnumber/detail.html?fromto=1981_2000&type=loto6,2026-08-21T01:52:05.267799+00:00,32403f10360cbfb2f727f17f825b17cacaed398302e677114b3d96733bcbb5f4
LOTO6,2001,2025-05-22,13,21,24,26,34,36,20,mizuho_bank,https://www.mizuhobank.co.jp/takarakuji/check/loto/backnumber/detail.html?fromto=2001_2020&type=loto6,2026-08-21T01:52:04.503746+00:00,7cdbc7a5d31c15fae4e5410fb9c989f35c2ff3dc383eb2455dd90052173e6198
LOTO6,2002,2025-05-26,1,17,19,23,36,42,15,mizuho_bank,https://www.mizuhobank.co.jp/takarakuji/check/loto/backnumber/detail.html?fromto=2001_2020&type=loto6,2026-08-21T01:52:04.503746+00:00,7cdbc7a5d31c15fae4e5410fb9c989f35c2ff3dc383eb2455dd90052173e6198
LOTO6,2003,2025-05-29,1,5,10,13,35,40,39,mizuho_bank,https://www.mizuhobank.co.jp/takarakuji/check/loto/backnumber/detail.html?fromto=2001_2020&type=loto6,2026-08-21T01:52:04.503746+00:00,7cdbc7a5d31c15fae4e5410fb9c989f35c2ff3dc383eb2455dd90052173e6198
LOTO6,2004,2025-06-02,16,18,25,27,31,36,7,mizuho_bank,https://www.mizuhobank.co.jp/takarakuji/check/loto/backnumber/detail.html?fromto=2001_2020&type=loto6,2026-08-21T01:52:04.503746+00:00,7cdbc7a5d31c15fae4e5410fb9c989f35c2ff3dc383eb2455dd90052173e6198
LOTO6,2005,2025-06-05,3,7,18,27,33,34,6,mizuho_bank,https://www.mizuhobank.co.jp/takarakuji/check/loto/backnumber/detail.html?fromto=2001_2020&type=loto6,2026-08-21T01:52:04.503746+00:00,7cdbc7a5d31c15fae4e5410fb9c989f35c2ff3dc383eb2455dd90052173e6198
LOTO6,2006,2025-06-09,4,7,19,22,26,28,33,mizuho_bank,https://www.mizuhobank.co.jp/takarakuji/check/loto/backnumber/detail.html?fromto=2001_2020&type=loto6,2026-08-21T01:52:04.503746+00:00,7cdbc7a5d31c15fae4e5410fb9c989f35c2ff3dc383eb2455dd90052173e6198
LOTO6,2007,2025-06-12,6,18,23,24,30,35,38,mizuho_bank,https://www.mizuhobank.co.jp/takarakuji/check/loto/backnumber/detail.html?fromto=2001_2020&type=loto6,2026-08-21T01:52:04.503746+00:00,7cdbc7a5d31c15fae4e5410fb9c989f35c2ff3dc383eb2455dd90052173e6198
LOTO6,2008,2025-06-16,5,8,9,17,22,36,30,mizuho_bank,https://www.mizuhobank.co.jp/takarakuji/check/loto/backnumber/detail.html?fromto=2001_2020&type=loto6,2026-08-21T01:52:04.503746+00:00,7cdbc7a5d31c15fae4e5410fb9c989f35c2ff3dc383eb2455dd90052173e6198
LOTO6,2009,2025-06-19,8,17,20,35,36,40,12,mizuho_bank,https://www.mizuhobank.co.jp/takarakuji/check/loto/backnumber/detail.html?fromto=2001_2020&type=loto6,2026-08-21T01:52:04.503746+00:00,7cdbc7a5d31c15fae4e5410fb9c989f35c2ff3dc383eb2455dd90052173e6198
LOTO6,2010,2025-06-23,9,15,24,29,31,40,13,mizuho_bank,https://www.mizuhobank.co.jp/takarakuji/check/loto/backnumber/detail.html?fromto=2001_2020&type=loto6,2026-08-21T01:52:04.503746+00:00,7cdbc7a5d31c15fae4e5410fb9c989f35c2ff3dc383eb2455dd90052173e6198
LOTO6,2011,2025-06-26,12,14,18,24,30,42,4,mizuho_bank,https://www.mizuhobank.co.jp/takarakuji/check/loto/backnumber/detail.html?fromto=2001_2020&type=loto6,2026-08-21T01:52:04.503746+00:00,7cdbc7a5d31c15fae4e5410fb9c989f35c2ff3dc383eb2455dd90052173e6198
LOTO6,2012,2025-06-30,1,14,20,36,38,41,30,mizuho_bank,https://www.mizuhobank.co.jp/takarakuji/check/loto/backnumber/detail.html?fromto=2001_2020&type=loto6,2026-08-21T01:52:04.503746+00:00,7cdbc7a5d31c15fae4e5410fb9c989f35c2ff3dc383eb2455dd90052173e6198
LOTO6,2013,2025-07-03,7,12,30,31,39,43,42,mizuho_bank,https://www.mizuhobank.co.jp/takarakuji/check/loto/backnumber/detail.html?fromto=2001_2020&type=loto6,2026-08-21T01:52:04.503746+00:00,7cdbc7a5d31c15fae4e5410fb9c989f35c2ff3dc383eb2455dd90052173e6198
LOTO6,2014,2025-07-07,7,11,21,24,29,34,40,mizuho_bank,https://www.mizuhobank.co.jp/takarakuji/check/loto/backnumber/detail.html?fromto=2001_2020&type=loto6,2026-08-21T01:52:04.503746+00:00,7cdbc7a5d31c15fae4e5410fb9c989f35c2ff3dc383eb2455dd90052173e6198
LOTO6,2015,2025-07-10,6,8,13,16,20,23,26,mizuho_bank,https://www.mizuhobank.co.jp/takarakuji/check/loto/backnumber/detail.html?fromto=2001_2020&type=loto6,2026-08-21T01:52:04.503746+00:00,7cdbc7a5d31c15fae4e5410fb9c989f35c2ff3dc383eb2455dd90052173e6198
LOTO6,2016,2025-07-14,10,13,27,31,40,42,1,mizuho_bank,https://www.mizuhobank.co.jp/takarakuji/check/loto/backnumber/detail.html?fromto=2001_2020&type=loto6,2026-08-21T01:52:04.503746+00:00,7cdbc7a5d31c15fae4e5410fb9c989f35c2ff3dc383eb2455dd90052173e6198
LOTO6,2017,2025-07-17,2,4,11,22,24,35,8,mizuho_bank,https://www.mizuhobank.co.jp/takarakuji/check/loto/backnumber/detail.html?fromto=2001_2020&type=loto6,2026-08-21T01:52:04.503746+00:00,7cdbc7a5d31c15fae4e5410fb9c989f35c2ff3dc383eb2455dd90052173e6198
LOTO6,2018,2025-07-21,1,2,14,21,22,33,37,mizuho_bank,https://www.mizuhobank.co.jp/takarakuji/check/loto/backnumber/detail.html?fromto=2001_2020&type=loto6,2026-08-21T01:52:04.503746+00:00,7cdbc7a5d31c15fae4e5410fb9c989f35c2ff3dc383eb2455dd90052173e6198
LOTO6,2019,2025-07-24,7,13,14,21,39,42,9,mizuho_bank,https://www.mizuhobank.co.jp/takarakuji/check/loto/backnumber/detail.html?fromto=2001_2020&type=loto6,2026-08-21T01:52:04.503746+00:00,7cdbc7a5d31c15fae4e5410fb9c989f35c2ff3dc383eb2455dd90052173e6198
LOTO6,2020,2025-07-28,5,21,23,28,38,39,32,mizuho_bank,https://www.mizuhobank.co.jp/takarakuji/check/loto/backnumber/detail.html?fromto=2001_2020&type=loto6,2026-08-21T01:52:04.503746+00:00,7cdbc7a5d31c15fae4e5410fb9c989f35c2ff3dc383eb2455dd90052173e6198
LOTO6,2021,2025-07-31,2,17,22,29,30,43,31,mizuho_bank,https://www.mizuhobank.co.jp/takarakuji/check/loto/backnumber/detail.html?fromto=2021_2040&type=loto6,2026-08-21T02:14:12.703563+00:00,1d7d11561a1b26015867fc2d72b40151dccf2918e6d78efab85ab82adc95c296
LOTO6,2022,2025-08-04,2,3,18,26,31,33,30,mizuho_bank,https://www.mizuhobank.co.jp/takarakuji/check/loto/loto6/index.html?year=2025&month=8,2026-08-21T02:09:14.572177+00:00,38c49d533953d997520af22ceebf609fc9baf59ad52b3319750b9624fd67b2f0
LOTO6,2023,2025-08-07,1,20,28,29,31,43,5,mizuho_bank,https://www.mizuhobank.co.jp/takarakuji/check/loto/loto6/index.html?year=2025&month=8,2026-08-21T02:09:14.572177+00:00,38c49d533953d997520af22ceebf609fc9baf59ad52b3319750b9624fd67b2f0
LOTO6,2024,2025-08-11,10,13,16,29,34,42,21,mizuho_bank,https://www.mizuhobank.co.jp/takarakuji/check/loto/loto6/index.html?year=2025&month=8,2026-08-21T02:09:14.572177+00:00,38c49d533953d997520af22ceebf609fc9baf59ad52b3319750b9624fd67b2f0
LOTO6,2025,2025-08-14,12,18,26,28,41,43,35,mizuho_bank,https://www.mizuhobank.co.jp/takarakuji/check/loto/loto6/index.html?year=2025&month=8,2026-08-21T02:09:14.572177+00:00,38c49d533953d997520af22ceebf609fc9baf59ad52b3319750b9624fd67b2f0
LOTO6,2026,2025-08-18,2,5,8,11,20,26,28,mizuho_bank,https://www.mizuhobank.co.jp/takarakuji/check/loto/loto6/index.html?year=2025&month=8,2026-08-21T02:09:14.572177+00:00,38c49d533953d997520af22ceebf609fc9baf59ad52b3319750b9624fd67b2f0
LOTO6,2027,2025-08-21,5,12,18,23,34,39,13,mizuho_bank,https://www.mizuhobank.co.jp/takarakuji/check/loto/loto6/index.html?year=2025&month=8,2026-08-21T02:09:14.572177+00:00,38c49d533953d997520af22ceebf609fc9baf59ad52b3319750b9624fd67b2f0
LOTO6,2028,2025-08-25,6,10,12,19,21,42,16,mizuho_bank,https://www.mizuhobank.co.jp/takarakuji/check/loto/loto6/index.html?year=2025&month=8,2026-08-21T02:09:14.572177+00:00,38c49d533953d997520af22ceebf609fc9baf59ad52b3319750b9624fd67b2f0
LOTO6,2029,2025-08-28,7,21,31,36,40,43,41,mizuho_bank,https://www.mizuhobank.co.jp/takarakuji/check/loto/loto6/index.html?year=2025&month=8,2026-08-21T02:09:14.572177+00:00,38c49d533953d997520af22ceebf609fc9baf59ad52b3319750b9624fd67b2f0
LOTO6,2030,2025-09-01,3,7,28,29,32,36,13,mizuho_bank,https://www.mizuhobank.co.jp/takarakuji/check/loto/loto6/index.html?year=2025&month=9,2026-08-21T02:09:13.985561+00:00,a68dc4174ae5724b4a7fed47089a6cc009cfcbfe80c5d4f293cbf27956b5533f
LOTO6,2031,2025-09-04,2,3,16,20,23,29,27,mizuho_bank,https://www.mizuhobank.co.jp/takarakuji/check/loto/loto6/index.html?year=2025&month=9,2026-08-21T02:09:13.985561+00:00,a68dc4174ae5724b4a7fed47089a6cc009cfcbfe80c5d4f293cbf27956b5533f
LOTO6,2032,2025-09-08,8,15,27,33,37,39,31,mizuho_bank,https://www.mizuhobank.co.jp/takarakuji/check/loto/loto6/index.html?year=2025&month=9,2026-08-21T02:09:13.985561+00:00,a68dc4174ae5724b4a7fed47089a6cc009cfcbfe80c5d4f293cbf27956b5533f
LOTO6,2033,2025-09-11,5,16,21,22,33,35,26,mizuho_bank,https://www.mizuhobank.co.jp/takarakuji/check/loto/loto6/index.html?year=2025&month=9,2026-08-21T02:09:13.985561+00:00,a68dc4174ae5724b4a7fed47089a6cc009cfcbfe80c5d4f293cbf27956b5533f
LOTO6,2034,2025-09-15,2,13,22,25,35,37,17,mizuho_bank,https://www.mizuhobank.co.jp/takarakuji/check/loto/loto6/index.html?year=2025&month=9,2026-08-21T02:09:13.985561+00:00,a68dc4174ae5724b4a7fed47089a6cc009cfcbfe80c5d4f293cbf27956b5533f
LOTO6,2035,2025-09-18,5,10,12,17,21,35,9,mizuho_bank,https://www.mizuhobank.co.jp/takarakuji/check/loto/loto6/index.html?year=2025&month=9,2026-08-21T02:09:13.985561+00:00,a68dc4174ae5724b4a7fed47089a6cc009cfcbfe80c5d4f293cbf27956b5533f
LOTO6,2036,2025-09-22,7,10,17,26,35,42,33,mizuho_bank,https://www.mizuhobank.co.jp/takarakuji/check/loto/loto6/index.html?year=2025&month=9,2026-08-21T02:09:13.985561+00:00,a68dc4174ae5724b4a7fed47089a6cc009cfcbfe80c5d4f293cbf27956b5533f
LOTO6,2037,2025-09-25,7,12,20,23,27,29,10,mizuho_bank,https://www.mizuhobank.co.jp/takarakuji/check/loto/loto6/index.html?year=2025&month=9,2026-08-21T02:09:13.985561+00:00,a68dc4174ae5724b4a7fed47089a6cc009cfcbfe80c5d4f293cbf27956b5533f
LOTO6,2038,2025-09-29,5,31,37,39,41,42,33,mizuho_bank,https://www.mizuhobank.co.jp/takarakuji/check/loto/loto6/index.html?year=2025&month=9,2026-08-21T02:09:13.985561+00:00,a68dc4174ae5724b4a7fed47089a6cc009cfcbfe80c5d4f293cbf27956b5533f
LOTO6,2039,2025-10-02,2,15,25,27,38,42,22,mizuho_bank,https://www.mizuhobank.co.jp/takarakuji/check/loto/loto6/index.html?year=2025&month=10,2026-08-21T02:09:13.373469+00:00,e550ac9c70f1c79cd1e57e16c923907e3d47ccb93b5c176c706548bbb91fc366
LOTO6,2040,2025-10-06,7,12,14,15,24,30,32,mizuho_bank,https://www.mizuhobank.co.jp/takarakuji/check/loto/loto6/index.html?year=2025&month=10,2026-08-21T02:09:13.373469+00:00,e550ac9c70f1c79cd1e57e16c923907e3d47ccb93b5c176c706548bbb91fc366
LOTO6,2041,2025-10-09,4,19,22,24,32,38,11,mizuho_bank,https://www.mizuhobank.co.jp/takarakuji/check/loto/loto6/index.html?year=2025&month=10,2026-08-21T02:09:13.373469+00:00,e550ac9c70f1c79cd1e57e16c923907e3d47ccb93b5c176c706548bbb91fc366
LOTO6,2042,2025-10-13,9,14,29,38,41,43,12,mizuho_bank,https://www.mizuhobank.co.jp/takarakuji/check/loto/loto6/index.html?year=2025&month=10,2026-08-21T02:09:13.373469+00:00,e550ac9c70f1c79cd1e57e16c923907e3d47ccb93b5c176c706548bbb91fc366
LOTO6,2043,2025-10-16,11,19,22,34,40,42,31,mizuho_bank,https://www.mizuhobank.co.jp/takarakuji/check/loto/loto6/index.html?year=2025&month=10,2026-08-21T02:09:13.373469+00:00,e550ac9c70f1c79cd1e57e16c923907e3d47ccb93b5c176c706548bbb91fc366
LOTO6,2044,2025-10-20,1,6,11,26,33,40,14,mizuho_bank,https://www.mizuhobank.co.jp/takarakuji/check/loto/loto6/index.html?year=2025&month=10,2026-08-21T02:09:13.373469+00:00,e550ac9c70f1c79cd1e57e16c923907e3d47ccb93b5c176c706548bbb91fc366
LOTO6,2045,2025-10-23,1,4,7,12,16,28,19,mizuho_bank,https://www.mizuhobank.co.jp/takarakuji/check/loto/loto6/index.html?year=2025&month=10,2026-08-21T02:09:13.373469+00:00,e550ac9c70f1c79cd1e57e16c923907e3d47ccb93b5c176c706548bbb91fc366
LOTO6,2046,2025-10-27,2,5,10,22,25,38,14,mizuho_bank,https://www.mizuhobank.co.jp/takarakuji/check/loto/loto6/index.html?year=2025&month=10,2026-08-21T02:09:13.373469+00:00,e550ac9c70f1c79cd1e57e16c923907e3d47ccb93b5c176c706548bbb91fc366
LOTO6,2047,2025-10-30,10,11,16,19,37,39,27,mizuho_bank,https://www.mizuhobank.co.jp/takarakuji/check/loto/loto6/index.html?year=2025&month=10,2026-08-21T02:09:13.373469+00:00,e550ac9c70f1c79cd1e57e16c923907e3d47ccb93b5c176c706548bbb91fc366
LOTO6,2048,2025-11-03,8,13,18,32,37,43,27,mizuho_bank,https://www.mizuhobank.co.jp/takarakuji/check/loto/loto6/index.html?year=2025&month=11,2026-08-21T02:09:12.834922+00:00,d5895eb692d9f832651a95f53cee72cd8824b12146f0fe92b670ada63ec45c1e
LOTO6,2049,2025-11-06,10,24,25,39,40,42,19,mizuho_bank,https://www.mizuhobank.co.jp/takarakuji/check/loto/loto6/index.html?year=2025&month=11,2026-08-21T02:09:12.834922+00:00,d5895eb692d9f832651a95f53cee72cd8824b12146f0fe92b670ada63ec45c1e
LOTO6,2050,2025-11-10,6,11,15,21,25,32,5,mizuho_bank,https://www.mizuhobank.co.jp/takarakuji/check/loto/loto6/index.html?year=2025&month=11,2026-08-21T02:09:12.834922+00:00,d5895eb692d9f832651a95f53cee72cd8824b12146f0fe92b670ada63ec45c1e
LOTO6,2051,2025-11-13,3,15,27,28,31,39,20,mizuho_bank,https://www.mizuhobank.co.jp/takarakuji/check/loto/loto6/index.html?year=2025&month=11,2026-08-21T02:09:12.834922+00:00,d5895eb692d9f832651a95f53cee72cd8824b12146f0fe92b670ada63ec45c1e
LOTO6,2052,2025-11-17,1,3,18,25,30,34,10,mizuho_bank,https://www.mizuhobank.co.jp/takarakuji/check/loto/loto6/index.html?year=2025&month=11,2026-08-21T02:09:12.834922+00:00,d5895eb692d9f832651a95f53cee72cd8824b12146f0fe92b670ada63ec45c1e
LOTO6,2053,2025-11-20,20,28,31,35,37,41,13,mizuho_bank,https://www.mizuhobank.co.jp/takarakuji/check/loto/loto6/index.html?year=2025&month=11,2026-08-21T02:09:12.834922+00:00,d5895eb692d9f832651a95f53cee72cd8824b12146f0fe92b670ada63ec45c1e
LOTO6,2054,2025-11-24,1,14,27,30,33,37,23,mizuho_bank,https://www.mizuhobank.co.jp/takarakuji/check/loto/loto6/index.html?year=2025&month=11,2026-08-21T02:09:12.834922+00:00,d5895eb692d9f832651a95f53cee72cd8824b12146f0fe92b670ada63ec45c1e
LOTO6,2055,2025-11-27,11,12,14,17,21,26,2,mizuho_bank,https://www.mizuhobank.co.jp/takarakuji/check/loto/loto6/index.html?year=2025&month=11,2026-08-21T02:09:12.834922+00:00,d5895eb692d9f832651a95f53cee72cd8824b12146f0fe92b670ada63ec45c1e
LOTO6,2056,2025-12-01,3,7,15,17,19,30,38,mizuho_bank,https://www.mizuhobank.co.jp/takarakuji/check/loto/loto6/index.html?year=2025&month=12,2026-08-21T02:09:11.971839+00:00,5fce2d27a4b3b9b395879d6132f816205b4add54c9e18d9c7edddce7c0e78a60
LOTO6,2057,2025-12-04,5,7,21,22,38,41,24,mizuho_bank,https://www.mizuhobank.co.jp/takarakuji/check/loto/loto6/index.html?year=2025&month=12,2026-08-21T02:09:11.971839+00:00,5fce2d27a4b3b9b395879d6132f816205b4add54c9e18d9c7edddce7c0e78a60
LOTO6,2058,2025-12-08,9,12,14,16,19,42,18,mizuho_bank,https://www.mizuhobank.co.jp/takarakuji/check/loto/loto6/index.html?year=2025&month=12,2026-08-21T02:09:11.971839+00:00,5fce2d27a4b3b9b395879d6132f816205b4add54c9e18d9c7edddce7c0e78a60
LOTO6,2059,2025-12-11,2,13,26,28,38,43,3,mizuho_bank,https://www.mizuhobank.co.jp/takarakuji/check/loto/loto6/index.html?year=2025&month=12,2026-08-21T02:09:11.971839+00:00,5fce2d27a4b3b9b395879d6132f816205b4add54c9e18d9c7edddce7c0e78a60
LOTO6,2060,2025-12-15,8,16,22,40,41,42,10,mizuho_bank,https://www.mizuhobank.co.jp/takarakuji/check/loto/loto6/index.html?year=2025&month=12,2026-08-21T02:09:11.971839+00:00,5fce2d27a4b3b9b395879d6132f816205b4add54c9e18d9c7edddce7c0e78a60
LOTO6,2061,2025-12-18,5,6,13,21,33,34,40,mizuho_bank,https://www.mizuhobank.co.jp/takarakuji/check/loto/loto6/index.html?year=2025&month=12,2026-08-21T02:09:11.971839+00:00,5fce2d27a4b3b9b395879d6132f816205b4add54c9e18d9c7edddce7c0e78a60
LOTO6,2062,2025-12-22,1,9,18,24,35,42,8,mizuho_bank,https://www.mizuhobank.co.jp/takarakuji/check/loto/loto6/index.html?year=2025&month=12,2026-08-21T02:09:11.971839+00:00,5fce2d27a4b3b9b395879d6132f816205b4add54c9e18d9c7edddce7c0e78a60
LOTO6,2063,2025-12-25,4,28,29,30,38,42,15,mizuho_bank,https://www.mizuhobank.co.jp/takarakuji/check/loto/loto6/index.html?year=2025&month=12,2026-08-21T02:09:11.971839+00:00,5fce2d27a4b3b9b395879d6132f816205b4add54c9e18d9c7edddce7c0e78a60
LOTO6,2064,2025-12-29,2,7,24,37,39,41,3,mizuho_bank,https://www.mizuhobank.co.jp/takarakuji/check/loto/loto6/index.html?year=2025&month=12,2026-08-21T02:09:11.971839+00:00,5fce2d27a4b3b9b395879d6132f816205b4add54c9e18d9c7edddce7c0e78a60
LOTO6,2065,2026-01-05,6,18,21,31,37,40,3,mizuho_bank,https://www.mizuhobank.co.jp/takarakuji/check/loto/loto6/index.html?year=2026&month=1,2026-08-21T02:09:11.327207+00:00,aa65743c43208d03daf7237f5c48ac8d7907bf1db6c6372125090d4635ccaa4c
LOTO6,2066,2026-01-08,8,28,30,32,37,38,5,mizuho_bank,https://www.mizuhobank.co.jp/takarakuji/check/loto/loto6/index.html?year=2026&month=1,2026-08-21T02:09:11.327207+00:00,aa65743c43208d03daf7237f5c48ac8d7907bf1db6c6372125090d4635ccaa4c
LOTO6,2067,2026-01-12,3,4,12,15,32,42,31,mizuho_bank,https://www.mizuhobank.co.jp/takarakuji/check/loto/loto6/index.html?year=2026&month=1,2026-08-21T02:09:11.327207+00:00,aa65743c43208d03daf7237f5c48ac8d7907bf1db6c6372125090d4635ccaa4c
LOTO6,2068,2026-01-15,2,10,13,14,29,33,32,mizuho_bank,https://www.mizuhobank.co.jp/takarakuji/check/loto/loto6/index.html?year=2026&month=1,2026-08-21T02:09:11.327207+00:00,aa65743c43208d03daf7237f5c48ac8d7907bf1db6c6372125090d4635ccaa4c
LOTO6,2069,2026-01-19,6,17,23,27,33,35,4,mizuho_bank,https://www.mizuhobank.co.jp/takarakuji/check/loto/loto6/index.html?year=2026&month=1,2026-08-21T02:09:11.327207+00:00,aa65743c43208d03daf7237f5c48ac8d7907bf1db6c6372125090d4635ccaa4c
LOTO6,2070,2026-01-22,6,10,25,30,34,36,12,mizuho_bank,https://www.mizuhobank.co.jp/takarakuji/check/loto/loto6/index.html?year=2026&month=1,2026-08-21T02:09:11.327207+00:00,aa65743c43208d03daf7237f5c48ac8d7907bf1db6c6372125090d4635ccaa4c
LOTO6,2071,2026-01-26,15,24,29,32,33,35,14,mizuho_bank,https://www.mizuhobank.co.jp/takarakuji/check/loto/loto6/index.html?year=2026&month=1,2026-08-21T02:09:11.327207+00:00,aa65743c43208d03daf7237f5c48ac8d7907bf1db6c6372125090d4635ccaa4c
LOTO6,2072,2026-01-29,8,18,24,36,40,42,43,mizuho_bank,https://www.mizuhobank.co.jp/takarakuji/check/loto/loto6/index.html?year=2026&month=1,2026-08-21T02:09:11.327207+00:00,aa65743c43208d03daf7237f5c48ac8d7907bf1db6c6372125090d4635ccaa4c
LOTO6,2073,2026-02-02,2,12,14,24,26,29,8,mizuho_bank,https://www.mizuhobank.co.jp/takarakuji/check/loto/loto6/index.html?year=2026&month=2,2026-08-21T02:09:10.674372+00:00,58c4d191b9dd204bf94e737936e067ab17d7d76e8243e3068d5662da89fb3c22
LOTO6,2074,2026-02-05,5,6,16,26,27,36,11,mizuho_bank,https://www.mizuhobank.co.jp/takarakuji/check/loto/loto6/index.html?year=2026&month=2,2026-08-21T02:09:10.674372+00:00,58c4d191b9dd204bf94e737936e067ab17d7d76e8243e3068d5662da89fb3c22
LOTO6,2075,2026-02-09,7,10,14,16,35,37,11,mizuho_bank,https://www.mizuhobank.co.jp/takarakuji/check/loto/loto6/index.html?year=2026&month=2,2026-08-21T02:09:10.674372+00:00,58c4d191b9dd204bf94e737936e067ab17d7d76e8243e3068d5662da89fb3c22
LOTO6,2076,2026-02-12,1,9,20,22,28,41,30,mizuho_bank,https://www.mizuhobank.co.jp/takarakuji/check/loto/loto6/index.html?year=2026&month=2,2026-08-21T02:09:10.674372+00:00,58c4d191b9dd204bf94e737936e067ab17d7d76e8243e3068d5662da89fb3c22
LOTO6,2077,2026-02-16,17,18,23,24,26,43,10,mizuho_bank,https://www.mizuhobank.co.jp/takarakuji/check/loto/loto6/index.html?year=2026&month=2,2026-08-21T02:09:10.674372+00:00,58c4d191b9dd204bf94e737936e067ab17d7d76e8243e3068d5662da89fb3c22
LOTO6,2078,2026-02-19,1,10,20,24,30,35,41,mizuho_bank,https://www.mizuhobank.co.jp/takarakuji/check/loto/loto6/index.html?year=2026&month=2,2026-08-21T02:09:10.674372+00:00,58c4d191b9dd204bf94e737936e067ab17d7d76e8243e3068d5662da89fb3c22
LOTO6,2079,2026-02-23,5,11,15,17,24,39,31,mizuho_bank,https://www.mizuhobank.co.jp/takarakuji/check/loto/loto6/index.html?year=2026&month=2,2026-08-21T02:09:10.674372+00:00,58c4d191b9dd204bf94e737936e067ab17d7d76e8243e3068d5662da89fb3c22
LOTO6,2080,2026-02-26,6,12,30,36,37,38,8,mizuho_bank,https://www.mizuhobank.co.jp/takarakuji/check/loto/loto6/index.html?year=2026&month=2,2026-08-21T02:09:10.674372+00:00,58c4d191b9dd204bf94e737936e067ab17d7d76e8243e3068d5662da89fb3c22
LOTO6,2081,2026-03-02,14,31,32,37,41,42,22,mizuho_bank,https://www.mizuhobank.co.jp/takarakuji/check/loto/loto6/index.html?year=2026&month=3,2026-08-21T02:09:10.084253+00:00,faf8a0bed3b432bc75291497f285c9521cdefc13b501eda2fdb74d0f3f7ca99e
LOTO6,2082,2026-03-05,5,11,14,19,25,40,17,mizuho_bank,https://www.mizuhobank.co.jp/takarakuji/check/loto/loto6/index.html?year=2026&month=3,2026-08-21T02:09:10.084253+00:00,faf8a0bed3b432bc75291497f285c9521cdefc13b501eda2fdb74d0f3f7ca99e
LOTO6,2083,2026-03-09,8,10,13,17,26,29,43,mizuho_bank,https://www.mizuhobank.co.jp/takarakuji/check/loto/loto6/index.html?year=2026&month=3,2026-08-21T02:09:10.084253+00:00,faf8a0bed3b432bc75291497f285c9521cdefc13b501eda2fdb74d0f3f7ca99e
LOTO6,2084,2026-03-12,8,17,18,19,30,39,9,mizuho_bank,https://www.mizuhobank.co.jp/takarakuji/check/loto/loto6/index.html?year=2026&month=3,2026-08-21T02:09:10.084253+00:00,faf8a0bed3b432bc75291497f285c9521cdefc13b501eda2fdb74d0f3f7ca99e
LOTO6,2085,2026-03-16,6,8,13,26,35,43,14,mizuho_bank,https://www.mizuhobank.co.jp/takarakuji/check/loto/loto6/index.html?year=2026&month=3,2026-08-21T02:09:10.084253+00:00,faf8a0bed3b432bc75291497f285c9521cdefc13b501eda2fdb74d0f3f7ca99e
LOTO6,2086,2026-03-19,4,11,19,28,39,40,6,mizuho_bank,https://www.mizuhobank.co.jp/takarakuji/check/loto/loto6/index.html?year=2026&month=3,2026-08-21T02:09:10.084253+00:00,faf8a0bed3b432bc75291497f285c9521cdefc13b501eda2fdb74d0f3f7ca99e
LOTO6,2087,2026-03-23,7,10,15,18,26,39,13,mizuho_bank,https://www.mizuhobank.co.jp/takarakuji/check/loto/loto6/index.html?year=2026&month=3,2026-08-21T02:09:10.084253+00:00,faf8a0bed3b432bc75291497f285c9521cdefc13b501eda2fdb74d0f3f7ca99e
LOTO6,2088,2026-03-26,8,16,18,27,37,39,29,mizuho_bank,https://www.mizuhobank.co.jp/takarakuji/check/loto/loto6/index.html?year=2026&month=3,2026-08-21T02:09:10.084253+00:00,faf8a0bed3b432bc75291497f285c9521cdefc13b501eda2fdb74d0f3f7ca99e
LOTO6,2089,2026-03-30,9,16,18,32,37,43,13,mizuho_bank,https://www.mizuhobank.co.jp/takarakuji/check/loto/loto6/index.html?year=2026&month=3,2026-08-21T02:09:10.084253+00:00,faf8a0bed3b432bc75291497f285c9521cdefc13b501eda2fdb74d0f3f7ca99e
LOTO6,2090,2026-04-02,2,3,6,9,24,36,5,mizuho_bank,https://www.mizuhobank.co.jp/takarakuji/check/loto/loto6/index.html?year=2026&month=4,2026-08-21T02:09:09.466338+00:00,158de5d61157f902651e54c6663cfa079835415921a3de7549acb517cf18ea5b
LOTO6,2091,2026-04-06,6,16,21,25,28,43,9,mizuho_bank,https://www.mizuhobank.co.jp/takarakuji/check/loto/loto6/index.html?year=2026&month=4,2026-08-21T02:09:09.466338+00:00,158de5d61157f902651e54c6663cfa079835415921a3de7549acb517cf18ea5b
LOTO6,2092,2026-04-09,8,13,27,36,37,43,3,mizuho_bank,https://www.mizuhobank.co.jp/takarakuji/check/loto/loto6/index.html?year=2026&month=4,2026-08-21T02:09:09.466338+00:00,158de5d61157f902651e54c6663cfa079835415921a3de7549acb517cf18ea5b
LOTO6,2093,2026-04-13,2,10,21,26,29,38,12,mizuho_bank,https://www.mizuhobank.co.jp/takarakuji/check/loto/loto6/index.html?year=2026&month=4,2026-08-21T02:09:09.466338+00:00,158de5d61157f902651e54c6663cfa079835415921a3de7549acb517cf18ea5b
LOTO6,2094,2026-04-16,3,4,7,11,24,30,16,mizuho_bank,https://www.mizuhobank.co.jp/takarakuji/check/loto/loto6/index.html?year=2026&month=4,2026-08-21T02:09:09.466338+00:00,158de5d61157f902651e54c6663cfa079835415921a3de7549acb517cf18ea5b
LOTO6,2095,2026-04-20,13,20,22,23,28,30,29,mizuho_bank,https://www.mizuhobank.co.jp/takarakuji/check/loto/loto6/index.html?year=2026&month=4,2026-08-21T02:09:09.466338+00:00,158de5d61157f902651e54c6663cfa079835415921a3de7549acb517cf18ea5b
LOTO6,2096,2026-04-23,8,15,18,21,33,43,38,mizuho_bank,https://www.mizuhobank.co.jp/takarakuji/check/loto/loto6/index.html?year=2026&month=4,2026-08-21T02:09:09.466338+00:00,158de5d61157f902651e54c6663cfa079835415921a3de7549acb517cf18ea5b
LOTO6,2097,2026-04-27,3,20,24,27,34,42,37,mizuho_bank,https://www.mizuhobank.co.jp/takarakuji/check/loto/loto6/index.html?year=2026&month=4,2026-08-21T02:09:09.466338+00:00,158de5d61157f902651e54c6663cfa079835415921a3de7549acb517cf18ea5b
LOTO6,2098,2026-04-30,1,6,15,18,19,42,24,mizuho_bank,https://www.mizuhobank.co.jp/takarakuji/check/loto/loto6/index.html?year=2026&month=4,2026-08-21T02:09:09.466338+00:00,158de5d61157f902651e54c6663cfa079835415921a3de7549acb517cf18ea5b
LOTO6,2099,2026-05-04,19,21,34,36,39,42,43,mizuho_bank,https://www.mizuhobank.co.jp/takarakuji/check/loto/loto6/index.html?year=2026&month=5,2026-08-21T02:09:08.806251+00:00,9ce8c1557ab6e6274e12b7e774b78ceb31218186edd5810d12b2dd10fb237892
LOTO6,2100,2026-05-07,8,17,24,32,35,41,28,mizuho_bank,https://www.mizuhobank.co.jp/takarakuji/check/loto/loto6/index.html?year=2026&month=5,2026-08-21T02:09:08.806251+00:00,9ce8c1557ab6e6274e12b7e774b78ceb31218186edd5810d12b2dd10fb237892
LOTO6,2101,2026-05-11,1,17,29,33,40,42,21,mizuho_bank,https://www.mizuhobank.co.jp/takarakuji/check/loto/loto6/index.html?year=2026&month=5,2026-08-21T02:09:08.806251+00:00,9ce8c1557ab6e6274e12b7e774b78ceb31218186edd5810d12b2dd10fb237892
LOTO6,2102,2026-05-14,18,21,25,28,30,43,8,mizuho_bank,https://www.mizuhobank.co.jp/takarakuji/check/loto/loto6/index.html?year=2026&month=5,2026-08-21T02:09:08.806251+00:00,9ce8c1557ab6e6274e12b7e774b78ceb31218186edd5810d12b2dd10fb237892
LOTO6,2103,2026-05-18,1,2,4,5,8,38,39,mizuho_bank,https://www.mizuhobank.co.jp/takarakuji/check/loto/loto6/index.html?year=2026&month=5,2026-08-21T02:09:08.806251+00:00,9ce8c1557ab6e6274e12b7e774b78ceb31218186edd5810d12b2dd10fb237892
LOTO6,2104,2026-05-21,18,19,21,25,28,34,4,mizuho_bank,https://www.mizuhobank.co.jp/takarakuji/check/loto/loto6/index.html?year=2026&month=5,2026-08-21T02:09:08.806251+00:00,9ce8c1557ab6e6274e12b7e774b78ceb31218186edd5810d12b2dd10fb237892
LOTO6,2105,2026-05-25,5,26,28,30,36,40,32,mizuho_bank,https://www.mizuhobank.co.jp/takarakuji/check/loto/loto6/index.html?year=2026&month=5,2026-08-21T02:09:08.806251+00:00,9ce8c1557ab6e6274e12b7e774b78ceb31218186edd5810d12b2dd10fb237892
LOTO6,2106,2026-05-28,1,6,17,27,34,43,24,mizuho_bank,https://www.mizuhobank.co.jp/takarakuji/check/loto/loto6/index.html?year=2026&month=5,2026-08-21T02:09:08.806251+00:00,9ce8c1557ab6e6274e12b7e774b78ceb31218186edd5810d12b2dd10fb237892
LOTO6,2107,2026-06-01,5,8,27,32,36,39,38,mizuho_bank,https://www.mizuhobank.co.jp/takarakuji/check/loto/loto6/index.html?year=2026&month=6,2026-08-21T02:09:07.942651+00:00,0526bbf16f44539c6234ae2719f8a7ed6032bbcc7a3552a90522733b0dd697e7
LOTO6,2108,2026-06-04,2,5,10,15,28,43,27,mizuho_bank,https://www.mizuhobank.co.jp/takarakuji/check/loto/loto6/index.html?year=2026&month=6,2026-08-21T02:09:07.942651+00:00,0526bbf16f44539c6234ae2719f8a7ed6032bbcc7a3552a90522733b0dd697e7
LOTO6,2109,2026-06-08,6,11,19,31,38,41,3,mizuho_bank,https://www.mizuhobank.co.jp/takarakuji/check/loto/loto6/index.html?year=2026&month=6,2026-08-21T02:09:07.942651+00:00,0526bbf16f44539c6234ae2719f8a7ed6032bbcc7a3552a90522733b0dd697e7
LOTO6,2110,2026-06-11,3,9,18,35,36,40,29,mizuho_bank,https://www.mizuhobank.co.jp/takarakuji/check/loto/loto6/index.html?year=2026&month=6,2026-08-21T02:09:07.942651+00:00,0526bbf16f44539c6234ae2719f8a7ed6032bbcc7a3552a90522733b0dd697e7
LOTO6,2111,2026-06-15,1,5,8,12,37,43,36,mizuho_bank,https://www.mizuhobank.co.jp/takarakuji/check/loto/loto6/index.html?year=2026&month=6,2026-08-21T02:09:07.942651+00:00,0526bbf16f44539c6234ae2719f8a7ed6032bbcc7a3552a90522733b0dd697e7
LOTO6,2112,2026-06-18,3,7,8,27,31,40,18,mizuho_bank,https://www.mizuhobank.co.jp/takarakuji/check/loto/loto6/index.html?year=2026&month=6,2026-08-21T02:09:07.942651+00:00,0526bbf16f44539c6234ae2719f8a7ed6032bbcc7a3552a90522733b0dd697e7
LOTO6,2113,2026-06-22,2,5,32,36,38,42,14,mizuho_bank,https://www.mizuhobank.co.jp/takarakuji/check/loto/loto6/index.html?year=2026&month=6,2026-08-21T02:09:07.942651+00:00,0526bbf16f44539c6234ae2719f8a7ed6032bbcc7a3552a90522733b0dd697e7
LOTO6,2114,2026-06-25,2,16,20,21,23,33,43,mizuho_bank,https://www.mizuhobank.co.jp/takarakuji/check/loto/loto6/index.html?year=2026&month=6,2026-08-21T02:09:07.942651+00:00,0526bbf16f44539c6234ae2719f8a7ed6032bbcc7a3552a90522733b0dd697e7
LOTO6,2115,2026-06-29,1,3,11,34,35,42,23,mizuho_bank,https://www.mizuhobank.co.jp/takarakuji/check/loto/loto6/index.html?year=2026&month=6,2026-08-21T02:09:07.942651+00:00,0526bbf16f44539c6234ae2719f8a7ed6032bbcc7a3552a90522733b0dd697e7
LOTO6,2116,2026-07-02,2,6,13,14,20,42,10,mizuho_bank,https://www.mizuhobank.co.jp/takarakuji/check/loto/loto6/index.html?year=2026&month=7,2026-08-21T02:09:07.248139+00:00,e82f07c75dc37e4b963705d3cead1c8ca5c06f15ea7c556d1a83002899b1cb5f
LOTO6,2117,2026-07-06,4,7,26,27,35,41,34,mizuho_bank,https://www.mizuhobank.co.jp/takarakuji/check/loto/loto6/index.html?year=2026&month=7,2026-08-21T02:09:07.248139+00:00,e82f07c75dc37e4b963705d3cead1c8ca5c06f15ea7c556d1a83002899b1cb5f
LOTO6,2118,2026-07-09,1,5,8,35,36,37,24,mizuho_bank,https://www.mizuhobank.co.jp/takarakuji/check/loto/loto6/index.html?year=2026&month=7,2026-08-21T02:09:07.248139+00:00,e82f07c75dc37e4b963705d3cead1c8ca5c06f15ea7c556d1a83002899b1cb5f
LOTO6,2119,2026-07-13,15,18,20,22,30,38,42,mizuho_bank,https://www.mizuhobank.co.jp/takarakuji/check/loto/loto6/index.html?year=2026&month=7,2026-08-21T02:09:07.248139+00:00,e82f07c75dc37e4b963705d3cead1c8ca5c06f15ea7c556d1a83002899b1cb5f
LOTO6,2120,2026-07-16,3,8,13,14,16,43,26,mizuho_bank,https://www.mizuhobank.co.jp/takarakuji/check/loto/loto6/index.html?year=2026&month=7,2026-08-21T02:09:07.248139+00:00,e82f07c75dc37e4b963705d3cead1c8ca5c06f15ea7c556d1a83002899b1cb5f
LOTO6,2121,2026-07-20,1,3,10,17,25,26,36,mizuho_bank,https://www.mizuhobank.co.jp/takarakuji/check/loto/loto6/index.html?year=2026&month=7,2026-08-21T02:09:07.248139+00:00,e82f07c75dc37e4b963705d3cead1c8ca5c06f15ea7c556d1a83002899b1cb5f
LOTO6,2122,2026-07-23,12,15,18,21,26,32,41,mizuho_bank,https://www.mizuhobank.co.jp/takarakuji/check/loto/loto6/index.html?year=2026&month=7,2026-08-21T02:09:07.248139+00:00,e82f07c75dc37e4b963705d3cead1c8ca5c06f15ea7c556d1a83002899b1cb5f
LOTO6,2123,2026-07-27,1,2,4,25,37,40,43,mizuho_bank,https://www.mizuhobank.co.jp/takarakuji/check/loto/loto6/index.html?year=2026&month=7,2026-08-21T02:09:07.248139+00:00,e82f07c75dc37e4b963705d3cead1c8ca5c06f15ea7c556d1a83002899b1cb5f
LOTO6,2124,2026-07-30,6,20,29,36,37,41,19,mizuho_bank,https://www.mizuhobank.co.jp/takarakuji/check/loto/loto6/index.html?year=2026&month=7,2026-08-21T02:09:07.248139+00:00,e82f07c75dc37e4b963705d3cead1c8ca5c06f15ea7c556d1a83002899b1cb5f
LOTO6,2125,2026-08-03,3,22,25,28,30,43,39,mizuho_bank,https://www.mizuhobank.co.jp/takarakuji/check/loto/loto6/index.html,2026-08-21T02:09:06.417525+00:00,dd7802fe101462983dd184b351c6aafc5572a5550a406233f7d1e4d49636a7b3
LOTO6,2126,2026-08-06,18,20,22,35,37,42,24,mizuho_bank,https://www.mizuhobank.co.jp/takarakuji/check/loto/loto6/index.html,2026-08-21T02:09:06.417525+00:00,dd7802fe101462983dd184b351c6aafc5572a5550a406233f7d1e4d49636a7b3
LOTO6,2127,2026-08-10,7,12,15,29,30,33,22,mizuho_bank,https://www.mizuhobank.co.jp/takarakuji/check/loto/loto6/index.html,2026-08-21T02:09:06.417525+00:00,dd7802fe101462983dd184b351c6aafc5572a5550a406233f7d1e4d49636a7b3
LOTO6,2128,2026-08-13,13,20,22,27,35,38,11,mizuho_bank,https://www.mizuhobank.co.jp/takarakuji/check/loto/loto6/index.html,2026-08-21T02:09:06.417525+00:00,dd7802fe101462983dd184b351c6aafc5572a5550a406233f7d1e4d49636a7b3
LOTO6,2129,2026-08-17,2,4,6,16,25,41,40,mizuho_bank,https://www.mizuhobank.co.jp/takarakuji/check/loto/loto6/index.html,2026-08-21T02:09:06.417525+00:00,dd7802fe101462983dd184b351c6aafc5572a5550a406233f7d1e4d49636a7b3
LOTO6,2130,2026-08-20,12,18,35,40,41,43,3,mizuho_bank,https://www.mizuhobank.co.jp/takarakuji/check/loto/loto6/index.html,2026-08-21T02:09:06.417525+00:00,dd7802fe101462983dd184b351c6aafc5572a5550a406233f7d1e4d49636a7b3
