lottery,draw_number,draw_date,n1,n2,n3,n4,n5,n6,bonus,source,source_url,retrieved_at,content_hash
MINI_LOTO,543,2010-01-05,4,7,17,22,25,,30,mizuho_bank,https://www.mizuhobank.co.jp/takarakuji/check/loto/backnumber/detail.html?fromto=541_560&type=miniloto,2026-08-21T01:53:49.549708+00:00,49dedac57e25b087de376b89cec7b604ce1a1eaddbc6e7c9f4ca377e65bdca75
MINI_LOTO,544,2010-01-12,3,9,18,29,30,,28,mizuho_bank,https://www.mizuhobank.co.jp/takarakuji/check/loto/backnumber/detail.html?fromto=541_560&type=miniloto,2026-08-21T01:53:49.549708+00:00,49dedac57e25b087de376b89cec7b604ce1a1eaddbc6e7c9f4ca377e65bdca75
MINI_LOTO,545,2010-01-19,1,15,23,28,29,,2,mizuho_bank,https://www.mizuhobank.co.jp/takarakuji/check/loto/backnumber/detail.html?fromto=541_560&type=miniloto,2026-08-21T01:53:49.549708+00:00,49dedac57e25b087de376b89cec7b604ce1a1eaddbc6e7c9f4ca377e65bdca75
MINI_LOTO,546,2010-01-26,3,8,19,22,29,,20,mizuho_bank,https://www.mizuhobank.co.jp/takarakuji/check/loto/backnumber/detail.html?fromto=541_560&type=miniloto,2026-08-21T01:53:49.549708+00:00,49dedac57e25b087de376b89cec7b604ce1a1eaddbc6e7c9f4ca377e65bdca75
MINI_LOTO,547,2010-02-02,5,23,25,29,31,,28,mizuho_bank,https://www.mizuhobank.co.jp/takarakuji/check/loto/backnumber/detail.html?fromto=541_560&type=miniloto,2026-08-21T01:53:49.549708+00:00,49dedac57e25b087de376b89cec7b604ce1a1eaddbc6e7c9f4ca377e65bdca75
MINI_LOTO,548,2010-02-09,5,6,16,23,29,,31,mizuho_bank,https://www.mizuhobank.co.jp/takarakuji/check/loto/backnumber/detail.html?fromto=541_560&type=miniloto,2026-08-21T01:53:49.549708+00:00,49dedac57e25b087de376b89cec7b604ce1a1eaddbc6e7c9f4ca377e65bdca75
MINI_LOTO,549,2010-02-16,10,12,19,24,25,,14,mizuho_bank,https://www.mizuhobank.co.jp/takarakuji/check/loto/backnumber/detail.html?fromto=541_560&type=miniloto,2026-08-21T01:53:49.549708+00:00,49dedac57e25b087de376b89cec7b604ce1a1eaddbc6e7c9f4ca377e65bdca75
MINI_LOTO,550,2010-02-23,8,16,22,28,31,,3,mizuho_bank,https://www.mizuhobank.co.jp/takarakuji/check/loto/backnumber/detail.html?fromto=541_560&type=miniloto,2026-08-21T01:53:49.549708+00:00,49dedac57e25b087de376b89cec7b604ce1a1eaddbc6e7c9f4ca377e65bdca75
MINI_LOTO,551,2010-03-02,1,2,10,24,31,,28,mizuho_bank,https://www.mizuhobank.co.jp/takarakuji/check/loto/backnumber/detail.html?fromto=541_560&type=miniloto,2026-08-21T01:53:49.549708+00:00,49dedac57e25b087de376b89cec7b604ce1a1eaddbc6e7c9f4ca377e65bdca75
MINI_LOTO,552,2010-03-09,7,11,14,17,28,,29,mizuho_bank,https://www.mizuhobank.co.jp/takarakuji/check/loto/backnumber/detail.html?fromto=541_560&type=miniloto,2026-08-21T01:53:49.549708+00:00,49dedac57e25b087de376b89cec7b604ce1a1eaddbc6e7c9f4ca377e65bdca75
MINI_LOTO,553,2010-03-16,2,13,23,24,30,,15,mizuho_bank,https://www.mizuhobank.co.jp/takarakuji/check/loto/backnumber/detail.html?fromto=541_560&type=miniloto,2026-08-21T01:53:49.549708+00:00,49dedac57e25b087de376b89cec7b604ce1a1eaddbc6e7c9f4ca377e65bdca75
MINI_LOTO,554,2010-03-23,2,6,23,24,28,,9,mizuho_bank,https://www.mizuhobank.co.jp/takarakuji/check/loto/backnumber/detail.html?fromto=541_560&type=miniloto,2026-08-21T01:53:49.549708+00:00,49dedac57e25b087de376b89cec7b604ce1a1eaddbc6e7c9f4ca377e65bdca75
MINI_LOTO,555,2010-03-30,1,15,18,24,29,,23,mizuho_bank,https://www.mizuhobank.co.jp/takarakuji/check/loto/backnumber/detail.html?fromto=541_560&type=miniloto,2026-08-21T01:53:49.549708+00:00,49dedac57e25b087de376b89cec7b604ce1a1eaddbc6e7c9f4ca377e65bdca75
MINI_LOTO,556,2010-04-06,4,6,16,17,24,,26,mizuho_bank,https://www.mizuhobank.co.jp/takarakuji/check/loto/backnumber/detail.html?fromto=541_560&type=miniloto,2026-08-21T01:53:49.549708+00:00,49dedac57e25b087de376b89cec7b604ce1a1eaddbc6e7c9f4ca377e65bdca75
MINI_LOTO,557,2010-04-13,8,18,21,22,28,,31,mizuho_bank,https://www.mizuhobank.co.jp/takarakuji/check/loto/backnumber/detail.html?fromto=541_560&type=miniloto,2026-08-21T01:53:49.549708+00:00,49dedac57e25b087de376b89cec7b604ce1a1eaddbc6e7c9f4ca377e65bdca75
MINI_LOTO,558,2010-04-20,4,10,16,22,30,,27,mizuho_bank,https://www.mizuhobank.co.jp/takarakuji/check/loto/backnumber/detail.html?fromto=541_560&type=miniloto,2026-08-21T01:53:49.549708+00:00,49dedac57e25b087de376b89cec7b604ce1a1eaddbc6e7c9f4ca377e65bdca75
MINI_LOTO,559,2010-04-27,2,4,7,11,16,,25,mizuho_bank,https://www.mizuhobank.co.jp/takarakuji/check/loto/backnumber/detail.html?fromto=541_560&type=miniloto,2026-08-21T01:53:49.549708+00:00,49dedac57e25b087de376b89cec7b604ce1a1eaddbc6e7c9f4ca377e65bdca75
MINI_LOTO,560,2010-05-04,11,13,17,29,30,,5,mizuho_bank,https://www.mizuhobank.co.jp/takarakuji/check/loto/backnumber/detail.html?fromto=541_560&type=miniloto,2026-08-21T01:53:49.549708+00:00,49dedac57e25b087de376b89cec7b604ce1a1eaddbc6e7c9f4ca377e65bdca75
MINI_LOTO,561,2010-05-11,1,5,6,16,25,,18,mizuho_bank,https://www.mizuhobank.co.jp/takarakuji/check/loto/backnumber/detail.html?fromto=561_580&type=miniloto,2026-08-21T01:53:48.772239+00:00,7f16cdaec3c43440fe16d9e98e25121ffc5bdd097ac4360a84100407f726bb0f
MINI_LOTO,562,2010-05-18,2,7,12,15,17,,23,mizuho_bank,https://www.mizuhobank.co.jp/takarakuji/check/loto/backnumber/detail.html?fromto=561_580&type=miniloto,2026-08-21T01:53:48.772239+00:00,7f16cdaec3c43440fe16d9e98e25121ffc5bdd097ac4360a84100407f726bb0f
MINI_LOTO,563,2010-05-25,4,5,18,19,30,,1,mizuho_bank,https://www.mizuhobank.co.jp/takarakuji/check/loto/backnumber/detail.html?fromto=561_580&type=miniloto,2026-08-21T01:53:48.772239+00:00,7f16cdaec3c43440fe16d9e98e25121ffc5bdd097ac4360a84100407f726bb0f
MINI_LOTO,564,2010-06-01,9,17,19,22,29,,6,mizuho_bank,https://www.mizuhobank.co.jp/takarakuji/check/loto/backnumber/detail.html?fromto=561_580&type=miniloto,2026-08-21T01:53:48.772239+00:00,7f16cdaec3c43440fe16d9e98e25121ffc5bdd097ac4360a84100407f726bb0f
MINI_LOTO,565,2010-06-08,18,19,20,28,29,,13,mizuho_bank,https://www.mizuhobank.co.jp/takarakuji/check/loto/backnumber/detail.html?fromto=561_580&type=miniloto,2026-08-21T01:53:48.772239+00:00,7f16cdaec3c43440fe16d9e98e25121ffc5bdd097ac4360a84100407f726bb0f
MINI_LOTO,566,2010-06-15,3,8,23,28,30,,31,mizuho_bank,https://www.mizuhobank.co.jp/takarakuji/check/loto/backnumber/detail.html?fromto=561_580&type=miniloto,2026-08-21T01:53:48.772239+00:00,7f16cdaec3c43440fe16d9e98e25121ffc5bdd097ac4360a84100407f726bb0f
MINI_LOTO,567,2010-06-22,10,12,20,24,25,,17,mizuho_bank,https://www.mizuhobank.co.jp/takarakuji/check/loto/backnumber/detail.html?fromto=561_580&type=miniloto,2026-08-21T01:53:48.772239+00:00,7f16cdaec3c43440fe16d9e98e25121ffc5bdd097ac4360a84100407f726bb0f
MINI_LOTO,568,2010-06-29,8,12,16,24,30,,23,mizuho_bank,https://www.mizuhobank.co.jp/takarakuji/check/loto/backnumber/detail.html?fromto=561_580&type=miniloto,2026-08-21T01:53:48.772239+00:00,7f16cdaec3c43440fe16d9e98e25121ffc5bdd097ac4360a84100407f726bb0f
MINI_LOTO,569,2010-07-06,10,17,23,26,28,,5,mizuho_bank,https://www.mizuhobank.co.jp/takarakuji/check/loto/backnumber/detail.html?fromto=561_580&type=miniloto,2026-08-21T01:53:48.772239+00:00,7f16cdaec3c43440fe16d9e98e25121ffc5bdd097ac4360a84100407f726bb0f
MINI_LOTO,570,2010-07-13,1,2,5,6,10,,8,mizuho_bank,https://www.mizuhobank.co.jp/takarakuji/check/loto/backnumber/detail.html?fromto=561_580&type=miniloto,2026-08-21T01:53:48.772239+00:00,7f16cdaec3c43440fe16d9e98e25121ffc5bdd097ac4360a84100407f726bb0f
MINI_LOTO,571,2010-07-20,9,22,27,28,29,,26,mizuho_bank,https://www.mizuhobank.co.jp/takarakuji/check/loto/backnumber/detail.html?fromto=561_580&type=miniloto,2026-08-21T01:53:48.772239+00:00,7f16cdaec3c43440fe16d9e98e25121ffc5bdd097ac4360a84100407f726bb0f
MINI_LOTO,572,2010-07-27,1,6,18,23,29,,21,mizuho_bank,https://www.mizuhobank.co.jp/takarakuji/check/loto/backnumber/detail.html?fromto=561_580&type=miniloto,2026-08-21T01:53:48.772239+00:00,7f16cdaec3c43440fe16d9e98e25121ffc5bdd097ac4360a84100407f726bb0f
MINI_LOTO,573,2010-08-03,15,21,22,23,29,,5,mizuho_bank,https://www.mizuhobank.co.jp/takarakuji/check/loto/backnumber/detail.html?fromto=561_580&type=miniloto,2026-08-21T01:53:48.772239+00:00,7f16cdaec3c43440fe16d9e98e25121ffc5bdd097ac4360a84100407f726bb0f
MINI_LOTO,574,2010-08-10,3,7,8,13,15,,25,mizuho_bank,https://www.mizuhobank.co.jp/takarakuji/check/loto/backnumber/detail.html?fromto=561_580&type=miniloto,2026-08-21T01:53:48.772239+00:00,7f16cdaec3c43440fe16d9e98e25121ffc5bdd097ac4360a84100407f726bb0f
MINI_LOTO,575,2010-08-17,10,16,20,21,27,,24,mizuho_bank,https://www.mizuhobank.co.jp/takarakuji/check/loto/backnumber/detail.html?fromto=561_580&type=miniloto,2026-08-21T01:53:48.772239+00:00,7f16cdaec3c43440fe16d9e98e25121ffc5bdd097ac4360a84100407f726bb0f
MINI_LOTO,576,2010-08-24,6,8,10,21,23,,18,mizuho_bank,https://www.mizuhobank.co.jp/takarakuji/check/loto/backnumber/detail.html?fromto=561_580&type=miniloto,2026-08-21T01:53:48.772239+00:00,7f16cdaec3c43440fe16d9e98e25121ffc5bdd097ac4360a84100407f726bb0f
MINI_LOTO,577,2010-08-31,5,10,21,24,25,,13,mizuho_bank,https://www.mizuhobank.co.jp/takarakuji/check/loto/backnumber/detail.html?fromto=561_580&type=miniloto,2026-08-21T01:53:48.772239+00:00,7f16cdaec3c43440fe16d9e98e25121ffc5bdd097ac4360a84100407f726bb0f
MINI_LOTO,578,2010-09-07,5,11,16,19,30,,18,mizuho_bank,https://www.mizuhobank.co.jp/takarakuji/check/loto/backnumber/detail.html?fromto=561_580&type=miniloto,2026-08-21T01:53:48.772239+00:00,7f16cdaec3c43440fe16d9e98e25121ffc5bdd097ac4360a84100407f726bb0f
MINI_LOTO,579,2010-09-14,1,4,15,17,23,,8,mizuho_bank,https://www.mizuhobank.co.jp/takarakuji/check/loto/backnumber/detail.html?fromto=561_580&type=miniloto,2026-08-21T01:53:48.772239+00:00,7f16cdaec3c43440fe16d9e98e25121ffc5bdd097ac4360a84100407f726bb0f
MINI_LOTO,580,2010-09-21,1,4,14,15,26,,18,mizuho_bank,https://www.mizuhobank.co.jp/takarakuji/check/loto/backnumber/detail.html?fromto=561_580&type=miniloto,2026-08-21T01:53:48.772239+00:00,7f16cdaec3c43440fe16d9e98e25121ffc5bdd097ac4360a84100407f726bb0f
MINI_LOTO,581,2010-09-28,2,6,12,14,30,,3,mizuho_bank,https://www.mizuhobank.co.jp/takarakuji/check/loto/backnumber/detail.html?fromto=581_600&type=miniloto,2026-08-21T01:53:47.819202+00:00,5ed8b8b353e9c1abcb2d2ef9674ffd5906c73bce73e2973e1cc15aeac1f2c625
MINI_LOTO,582,2010-10-05,3,14,22,24,30,,10,mizuho_bank,https://www.mizuhobank.co.jp/takarakuji/check/loto/backnumber/detail.html?fromto=581_600&type=miniloto,2026-08-21T01:53:47.819202+00:00,5ed8b8b353e9c1abcb2d2ef9674ffd5906c73bce73e2973e1cc15aeac1f2c625
MINI_LOTO,583,2010-10-12,1,3,10,11,16,,24,mizuho_bank,https://www.mizuhobank.co.jp/takarakuji/check/loto/backnumber/detail.html?fromto=581_600&type=miniloto,2026-08-21T01:53:47.819202+00:00,5ed8b8b353e9c1abcb2d2ef9674ffd5906c73bce73e2973e1cc15aeac1f2c625
MINI_LOTO,584,2010-10-19,6,9,11,14,22,,29,mizuho_bank,https://www.mizuhobank.co.jp/takarakuji/check/loto/backnumber/detail.html?fromto=581_600&type=miniloto,2026-08-21T01:53:47.819202+00:00,5ed8b8b353e9c1abcb2d2ef9674ffd5906c73bce73e2973e1cc15aeac1f2c625
MINI_LOTO,585,2010-10-26,14,19,23,24,31,,29,mizuho_bank,https://www.mizuhobank.co.jp/takarakuji/check/loto/backnumber/detail.html?fromto=581_600&type=miniloto,2026-08-21T01:53:47.819202+00:00,5ed8b8b353e9c1abcb2d2ef9674ffd5906c73bce73e2973e1cc15aeac1f2c625
MINI_LOTO,586,2010-11-02,1,5,6,10,15,,2,mizuho_bank,https://www.mizuhobank.co.jp/takarakuji/check/loto/backnumber/detail.html?fromto=581_600&type=miniloto,2026-08-21T01:53:47.819202+00:00,5ed8b8b353e9c1abcb2d2ef9674ffd5906c73bce73e2973e1cc15aeac1f2c625
MINI_LOTO,587,2010-11-09,11,17,19,29,30,,1,mizuho_bank,https://www.mizuhobank.co.jp/takarakuji/check/loto/backnumber/detail.html?fromto=581_600&type=miniloto,2026-08-21T01:53:47.819202+00:00,5ed8b8b353e9c1abcb2d2ef9674ffd5906c73bce73e2973e1cc15aeac1f2c625
MINI_LOTO,588,2010-11-16,4,11,18,26,31,,13,mizuho_bank,https://www.mizuhobank.co.jp/takarakuji/check/loto/backnumber/detail.html?fromto=581_600&type=miniloto,2026-08-21T01:53:47.819202+00:00,5ed8b8b353e9c1abcb2d2ef9674ffd5906c73bce73e2973e1cc15aeac1f2c625
MINI_LOTO,589,2010-11-23,3,10,13,22,26,,12,mizuho_bank,https://www.mizuhobank.co.jp/takarakuji/check/loto/backnumber/detail.html?fromto=581_600&type=miniloto,2026-08-21T01:53:47.819202+00:00,5ed8b8b353e9c1abcb2d2ef9674ffd5906c73bce73e2973e1cc15aeac1f2c625
MINI_LOTO,590,2010-11-30,4,7,11,17,19,,14,mizuho_bank,https://www.mizuhobank.co.jp/takarakuji/check/loto/backnumber/detail.html?fromto=581_600&type=miniloto,2026-08-21T01:53:47.819202+00:00,5ed8b8b353e9c1abcb2d2ef9674ffd5906c73bce73e2973e1cc15aeac1f2c625
MINI_LOTO,591,2010-12-07,4,8,9,13,19,,12,mizuho_bank,https://www.mizuhobank.co.jp/takarakuji/check/loto/backnumber/detail.html?fromto=581_600&type=miniloto,2026-08-21T01:53:47.819202+00:00,5ed8b8b353e9c1abcb2d2ef9674ffd5906c73bce73e2973e1cc15aeac1f2c625
MINI_LOTO,592,2010-12-14,5,6,23,25,26,,14,mizuho_bank,https://www.mizuhobank.co.jp/takarakuji/check/loto/backnumber/detail.html?fromto=581_600&type=miniloto,2026-08-21T01:53:47.819202+00:00,5ed8b8b353e9c1abcb2d2ef9674ffd5906c73bce73e2973e1cc15aeac1f2c625
MINI_LOTO,593,2010-12-21,11,14,22,28,29,,25,mizuho_bank,https://www.mizuhobank.co.jp/takarakuji/check/loto/backnumber/detail.html?fromto=581_600&type=miniloto,2026-08-21T01:53:47.819202+00:00,5ed8b8b353e9c1abcb2d2ef9674ffd5906c73bce73e2973e1cc15aeac1f2c625
MINI_LOTO,594,2010-12-28,2,5,10,22,30,,12,mizuho_bank,https://www.mizuhobank.co.jp/takarakuji/check/loto/backnumber/detail.html?fromto=581_600&type=miniloto,2026-08-21T01:53:47.819202+00:00,5ed8b8b353e9c1abcb2d2ef9674ffd5906c73bce73e2973e1cc15aeac1f2c625
MINI_LOTO,595,2011-01-04,7,11,15,20,23,,3,mizuho_bank,https://www.mizuhobank.co.jp/takarakuji/check/loto/backnumber/detail.html?fromto=581_600&type=miniloto,2026-08-21T01:53:47.819202+00:00,5ed8b8b353e9c1abcb2d2ef9674ffd5906c73bce73e2973e1cc15aeac1f2c625
MINI_LOTO,596,2011-01-11,6,9,10,14,27,,31,mizuho_bank,https://www.mizuhobank.co.jp/takarakuji/check/loto/backnumber/detail.html?fromto=581_600&type=miniloto,2026-08-21T01:53:47.819202+00:00,5ed8b8b353e9c1abcb2d2ef9674ffd5906c73bce73e2973e1cc15aeac1f2c625
MINI_LOTO,597,2011-01-18,2,13,16,17,19,,29,mizuho_bank,https://www.mizuhobank.co.jp/takarakuji/check/loto/backnumber/detail.html?fromto=581_600&type=miniloto,2026-08-21T01:53:47.819202+00:00,5ed8b8b353e9c1abcb2d2ef9674ffd5906c73bce73e2973e1cc15aeac1f2c625
MINI_LOTO,598,2011-01-25,4,15,21,26,30,,1,mizuho_bank,https://www.mizuhobank.co.jp/takarakuji/check/loto/backnumber/detail.html?fromto=581_600&type=miniloto,2026-08-21T01:53:47.819202+00:00,5ed8b8b353e9c1abcb2d2ef9674ffd5906c73bce73e2973e1cc15aeac1f2c625
MINI_LOTO,599,2011-02-01,3,7,10,11,29,,25,mizuho_bank,https://www.mizuhobank.co.jp/takarakuji/check/loto/backnumber/detail.html?fromto=581_600&type=miniloto,2026-08-21T01:53:47.819202+00:00,5ed8b8b353e9c1abcb2d2ef9674ffd5906c73bce73e2973e1cc15aeac1f2c625
MINI_LOTO,600,2011-02-08,1,2,3,4,22,,13,mizuho_bank,https://www.mizuhobank.co.jp/takarakuji/check/loto/backnumber/detail.html?fromto=581_600&type=miniloto,2026-08-21T01:53:47.819202+00:00,5ed8b8b353e9c1abcb2d2ef9674ffd5906c73bce73e2973e1cc15aeac1f2c625
MINI_LOTO,601,2011-02-15,10,14,15,16,24,,28,mizuho_bank,https://www.mizuhobank.co.jp/takarakuji/check/loto/backnumber/detail.html?fromto=601_620&type=miniloto,2026-08-21T01:53:46.942036+00:00,b9333e08d02ab1f2a267039aa4a74679e4363231c8a942465131b62a2a9382e4
MINI_LOTO,602,2011-02-22,3,14,18,22,25,,27,mizuho_bank,https://www.mizuhobank.co.jp/takarakuji/check/loto/backnumber/detail.html?fromto=601_620&type=miniloto,2026-08-21T01:53:46.942036+00:00,b9333e08d02ab1f2a267039aa4a74679e4363231c8a942465131b62a2a9382e4
MINI_LOTO,603,2011-03-01,4,5,26,28,30,,15,mizuho_bank,https://www.mizuhobank.co.jp/takarakuji/check/loto/backnumber/detail.html?fromto=601_620&type=miniloto,2026-08-21T01:53:46.942036+00:00,b9333e08d02ab1f2a267039aa4a74679e4363231c8a942465131b62a2a9382e4
MINI_LOTO,604,2011-03-08,2,11,13,22,25,,5,mizuho_bank,https://www.mizuhobank.co.jp/takarakuji/check/loto/backnumber/detail.html?fromto=601_620&type=miniloto,2026-08-21T01:53:46.942036+00:00,b9333e08d02ab1f2a267039aa4a74679e4363231c8a942465131b62a2a9382e4
MINI_LOTO,605,2011-03-15,5,6,13,19,28,,17,mizuho_bank,https://www.mizuhobank.co.jp/takarakuji/check/loto/backnumber/detail.html?fromto=601_620&type=miniloto,2026-08-21T01:53:46.942036+00:00,b9333e08d02ab1f2a267039aa4a74679e4363231c8a942465131b62a2a9382e4
MINI_LOTO,606,2011-03-22,9,20,23,30,31,,1,mizuho_bank,https://www.mizuhobank.co.jp/takarakuji/check/loto/backnumber/detail.html?fromto=601_620&type=miniloto,2026-08-21T01:53:46.942036+00:00,b9333e08d02ab1f2a267039aa4a74679e4363231c8a942465131b62a2a9382e4
MINI_LOTO,607,2011-03-29,7,8,12,18,30,,17,mizuho_bank,https://www.mizuhobank.co.jp/takarakuji/check/loto/backnumber/detail.html?fromto=601_620&type=miniloto,2026-08-21T01:53:46.942036+00:00,b9333e08d02ab1f2a267039aa4a74679e4363231c8a942465131b62a2a9382e4
MINI_LOTO,608,2011-04-05,13,19,21,25,29,,15,mizuho_bank,https://www.mizuhobank.co.jp/takarakuji/check/loto/backnumber/detail.html?fromto=601_620&type=miniloto,2026-08-21T01:53:46.942036+00:00,b9333e08d02ab1f2a267039aa4a74679e4363231c8a942465131b62a2a9382e4
MINI_LOTO,609,2011-04-12,3,14,21,26,30,,25,mizuho_bank,https://www.mizuhobank.co.jp/takarakuji/check/loto/backnumber/detail.html?fromto=601_620&type=miniloto,2026-08-21T01:53:46.942036+00:00,b9333e08d02ab1f2a267039aa4a74679e4363231c8a942465131b62a2a9382e4
MINI_LOTO,610,2011-04-19,3,8,14,17,30,,19,mizuho_bank,https://www.mizuhobank.co.jp/takarakuji/check/loto/backnumber/detail.html?fromto=601_620&type=miniloto,2026-08-21T01:53:46.942036+00:00,b9333e08d02ab1f2a267039aa4a74679e4363231c8a942465131b62a2a9382e4
MINI_LOTO,611,2011-04-26,12,18,21,25,30,,17,mizuho_bank,https://www.mizuhobank.co.jp/takarakuji/check/loto/backnumber/detail.html?fromto=601_620&type=miniloto,2026-08-21T01:53:46.942036+00:00,b9333e08d02ab1f2a267039aa4a74679e4363231c8a942465131b62a2a9382e4
MINI_LOTO,612,2011-05-03,11,18,24,27,30,,4,mizuho_bank,https://www.mizuhobank.co.jp/takarakuji/check/loto/backnumber/detail.html?fromto=601_620&type=miniloto,2026-08-21T01:53:46.942036+00:00,b9333e08d02ab1f2a267039aa4a74679e4363231c8a942465131b62a2a9382e4
MINI_LOTO,613,2011-05-10,2,16,17,20,28,,14,mizuho_bank,https://www.mizuhobank.co.jp/takarakuji/check/loto/backnumber/detail.html?fromto=601_620&type=miniloto,2026-08-21T01:53:46.942036+00:00,b9333e08d02ab1f2a267039aa4a74679e4363231c8a942465131b62a2a9382e4
MINI_LOTO,614,2011-05-17,7,16,23,25,30,,11,mizuho_bank,https://www.mizuhobank.co.jp/takarakuji/check/loto/backnumber/detail.html?fromto=601_620&type=miniloto,2026-08-21T01:53:46.942036+00:00,b9333e08d02ab1f2a267039aa4a74679e4363231c8a942465131b62a2a9382e4
MINI_LOTO,615,2011-05-24,4,12,13,19,20,,10,mizuho_bank,https://www.mizuhobank.co.jp/takarakuji/check/loto/backnumber/detail.html?fromto=601_620&type=miniloto,2026-08-21T01:53:46.942036+00:00,b9333e08d02ab1f2a267039aa4a74679e4363231c8a942465131b62a2a9382e4
MINI_LOTO,616,2011-05-31,7,18,21,27,28,,10,mizuho_bank,https://www.mizuhobank.co.jp/takarakuji/check/loto/backnumber/detail.html?fromto=601_620&type=miniloto,2026-08-21T01:53:46.942036+00:00,b9333e08d02ab1f2a267039aa4a74679e4363231c8a942465131b62a2a9382e4
MINI_LOTO,617,2011-06-07,3,9,16,19,28,,25,mizuho_bank,https://www.mizuhobank.co.jp/takarakuji/check/loto/backnumber/detail.html?fromto=601_620&type=miniloto,2026-08-21T01:53:46.942036+00:00,b9333e08d02ab1f2a267039aa4a74679e4363231c8a942465131b62a2a9382e4
MINI_LOTO,618,2011-06-14,10,12,14,22,31,,23,mizuho_bank,https://www.mizuhobank.co.jp/takarakuji/check/loto/backnumber/detail.html?fromto=601_620&type=miniloto,2026-08-21T01:53:46.942036+00:00,b9333e08d02ab1f2a267039aa4a74679e4363231c8a942465131b62a2a9382e4
MINI_LOTO,619,2011-06-21,4,7,14,20,30,,28,mizuho_bank,https://www.mizuhobank.co.jp/takarakuji/check/loto/backnumber/detail.html?fromto=601_620&type=miniloto,2026-08-21T01:53:46.942036+00:00,b9333e08d02ab1f2a267039aa4a74679e4363231c8a942465131b62a2a9382e4
MINI_LOTO,620,2011-06-28,2,14,21,25,31,,5,mizuho_bank,https://www.mizuhobank.co.jp/takarakuji/check/loto/backnumber/detail.html?fromto=601_620&type=miniloto,2026-08-21T01:53:46.942036+00:00,b9333e08d02ab1f2a267039aa4a74679e4363231c8a942465131b62a2a9382e4
MINI_LOTO,621,2011-07-05,6,12,18,24,30,,9,mizuho_bank,https://www.mizuhobank.co.jp/takarakuji/check/loto/backnumber/detail.html?fromto=621_640&type=miniloto,2026-08-21T01:53:46.188282+00:00,9fe2c925f4300694128c20c46c8852bf947cb474d7a1118a792f6f365b68c943
MINI_LOTO,622,2011-07-12,13,14,20,25,27,,19,mizuho_bank,https://www.mizuhobank.co.jp/takarakuji/check/loto/backnumber/detail.html?fromto=621_640&type=miniloto,2026-08-21T01:53:46.188282+00:00,9fe2c925f4300694128c20c46c8852bf947cb474d7a1118a792f6f365b68c943
MINI_LOTO,623,2011-07-19,4,9,14,15,26,,29,mizuho_bank,https://www.mizuhobank.co.jp/takarakuji/check/loto/backnumber/detail.html?fromto=621_640&type=miniloto,2026-08-21T01:53:46.188282+00:00,9fe2c925f4300694128c20c46c8852bf947cb474d7a1118a792f6f365b68c943
MINI_LOTO,624,2011-07-26,5,7,11,12,24,,4,mizuho_bank,https://www.mizuhobank.co.jp/takarakuji/check/loto/backnumber/detail.html?fromto=621_640&type=miniloto,2026-08-21T01:53:46.188282+00:00,9fe2c925f4300694128c20c46c8852bf947cb474d7a1118a792f6f365b68c943
MINI_LOTO,625,2011-08-02,19,20,23,26,31,,6,mizuho_bank,https://www.mizuhobank.co.jp/takarakuji/check/loto/backnumber/detail.html?fromto=621_640&type=miniloto,2026-08-21T01:53:46.188282+00:00,9fe2c925f4300694128c20c46c8852bf947cb474d7a1118a792f6f365b68c943
MINI_LOTO,626,2011-08-09,11,12,14,17,26,,23,mizuho_bank,https://www.mizuhobank.co.jp/takarakuji/check/loto/backnumber/detail.html?fromto=621_640&type=miniloto,2026-08-21T01:53:46.188282+00:00,9fe2c925f4300694128c20c46c8852bf947cb474d7a1118a792f6f365b68c943
MINI_LOTO,627,2011-08-16,6,10,14,15,20,,19,mizuho_bank,https://www.mizuhobank.co.jp/takarakuji/check/loto/backnumber/detail.html?fromto=621_640&type=miniloto,2026-08-21T01:53:46.188282+00:00,9fe2c925f4300694128c20c46c8852bf947cb474d7a1118a792f6f365b68c943
MINI_LOTO,628,2011-08-23,1,2,10,17,20,,18,mizuho_bank,https://www.mizuhobank.co.jp/takarakuji/check/loto/backnumber/detail.html?fromto=621_640&type=miniloto,2026-08-21T01:53:46.188282+00:00,9fe2c925f4300694128c20c46c8852bf947cb474d7a1118a792f6f365b68c943
MINI_LOTO,629,2011-08-30,1,3,16,26,29,,31,mizuho_bank,https://www.mizuhobank.co.jp/takarakuji/check/loto/backnumber/detail.html?fromto=621_640&type=miniloto,2026-08-21T01:53:46.188282+00:00,9fe2c925f4300694128c20c46c8852bf947cb474d7a1118a792f6f365b68c943
MINI_LOTO,630,2011-09-06,3,4,16,19,31,,14,mizuho_bank,https://www.mizuhobank.co.jp/takarakuji/check/loto/backnumber/detail.html?fromto=621_640&type=miniloto,2026-08-21T01:53:46.188282+00:00,9fe2c925f4300694128c20c46c8852bf947cb474d7a1118a792f6f365b68c943
MINI_LOTO,631,2011-09-13,3,15,18,20,25,,29,mizuho_bank,https://www.mizuhobank.co.jp/takarakuji/check/loto/backnumber/detail.html?fromto=621_640&type=miniloto,2026-08-21T01:53:46.188282+00:00,9fe2c925f4300694128c20c46c8852bf947cb474d7a1118a792f6f365b68c943
MINI_LOTO,632,2011-09-20,6,14,15,25,26,,13,mizuho_bank,https://www.mizuhobank.co.jp/takarakuji/check/loto/backnumber/detail.html?fromto=621_640&type=miniloto,2026-08-21T01:53:46.188282+00:00,9fe2c925f4300694128c20c46c8852bf947cb474d7a1118a792f6f365b68c943
MINI_LOTO,633,2011-09-27,2,12,19,20,30,,13,mizuho_bank,https://www.mizuhobank.co.jp/takarakuji/check/loto/backnumber/detail.html?fromto=621_640&type=miniloto,2026-08-21T01:53:46.188282+00:00,9fe2c925f4300694128c20c46c8852bf947cb474d7a1118a792f6f365b68c943
MINI_LOTO,634,2011-10-04,6,14,24,27,31,,22,mizuho_bank,https://www.mizuhobank.co.jp/takarakuji/check/loto/backnumber/detail.html?fromto=621_640&type=miniloto,2026-08-21T01:53:46.188282+00:00,9fe2c925f4300694128c20c46c8852bf947cb474d7a1118a792f6f365b68c943
MINI_LOTO,635,2011-10-11,12,13,16,20,29,,11,mizuho_bank,https://www.mizuhobank.co.jp/takarakuji/check/loto/backnumber/detail.html?fromto=621_640&type=miniloto,2026-08-21T01:53:46.188282+00:00,9fe2c925f4300694128c20c46c8852bf947cb474d7a1118a792f6f365b68c943
MINI_LOTO,636,2011-10-18,8,13,21,26,30,,3,mizuho_bank,https://www.mizuhobank.co.jp/takarakuji/check/loto/backnumber/detail.html?fromto=621_640&type=miniloto,2026-08-21T01:53:46.188282+00:00,9fe2c925f4300694128c20c46c8852bf947cb474d7a1118a792f6f365b68c943
MINI_LOTO,637,2011-10-25,1,5,10,15,21,,11,mizuho_bank,https://www.mizuhobank.co.jp/takarakuji/check/loto/backnumber/detail.html?fromto=621_640&type=miniloto,2026-08-21T01:53:46.188282+00:00,9fe2c925f4300694128c20c46c8852bf947cb474d7a1118a792f6f365b68c943
MINI_LOTO,638,2011-11-01,1,16,18,27,30,,15,mizuho_bank,https://www.mizuhobank.co.jp/takarakuji/check/loto/backnumber/detail.html?fromto=621_640&type=miniloto,2026-08-21T01:53:46.188282+00:00,9fe2c925f4300694128c20c46c8852bf947cb474d7a1118a792f6f365b68c943
MINI_LOTO,639,2011-11-08,6,14,20,29,31,,22,mizuho_bank,https://www.mizuhobank.co.jp/takarakuji/check/loto/backnumber/detail.html?fromto=621_640&type=miniloto,2026-08-21T01:53:46.188282+00:00,9fe2c925f4300694128c20c46c8852bf947cb474d7a1118a792f6f365b68c943
MINI_LOTO,640,2011-11-15,6,15,18,28,31,,8,mizuho_bank,https://www.mizuhobank.co.jp/takarakuji/check/loto/backnumber/detail.html?fromto=621_640&type=miniloto,2026-08-21T01:53:46.188282+00:00,9fe2c925f4300694128c20c46c8852bf947cb474d7a1118a792f6f365b68c943
MINI_LOTO,641,2011-11-22,5,11,14,17,22,,15,mizuho_bank,https://www.mizuhobank.co.jp/takarakuji/check/loto/backnumber/detail.html?fromto=641_660&type=miniloto,2026-08-21T01:53:45.434938+00:00,f6f0f62ba9286cb7684f2117c07a91dd0f16891138de1bc7ad07f7b8130c4dca
MINI_LOTO,642,2011-11-29,9,22,26,27,31,,28,mizuho_bank,https://www.mizuhobank.co.jp/takarakuji/check/loto/backnumber/detail.html?fromto=641_660&type=miniloto,2026-08-21T01:53:45.434938+00:00,f6f0f62ba9286cb7684f2117c07a91dd0f16891138de1bc7ad07f7b8130c4dca
MINI_LOTO,643,2011-12-06,9,11,17,19,22,,6,mizuho_bank,https://www.mizuhobank.co.jp/takarakuji/check/loto/backnumber/detail.html?fromto=641_660&type=miniloto,2026-08-21T01:53:45.434938+00:00,f6f0f62ba9286cb7684f2117c07a91dd0f16891138de1bc7ad07f7b8130c4dca
MINI_LOTO,644,2011-12-13,5,13,15,20,27,,30,mizuho_bank,https://www.mizuhobank.co.jp/takarakuji/check/loto/backnumber/detail.html?fromto=641_660&type=miniloto,2026-08-21T01:53:45.434938+00:00,f6f0f62ba9286cb7684f2117c07a91dd0f16891138de1bc7ad07f7b8130c4dca
MINI_LOTO,645,2011-12-20,8,13,18,19,24,,11,mizuho_bank,https://www.mizuhobank.co.jp/takarakuji/check/loto/backnumber/detail.html?fromto=641_660&type=miniloto,2026-08-21T01:53:45.434938+00:00,f6f0f62ba9286cb7684f2117c07a91dd0f16891138de1bc7ad07f7b8130c4dca
MINI_LOTO,646,2011-12-27,3,6,16,30,31,,17,mizuho_bank,https://www.mizuhobank.co.jp/takarakuji/check/loto/backnumber/detail.html?fromto=641_660&type=miniloto,2026-08-21T01:53:45.434938+00:00,f6f0f62ba9286cb7684f2117c07a91dd0f16891138de1bc7ad07f7b8130c4dca
MINI_LOTO,647,2012-01-10,3,6,7,10,21,,18,mizuho_bank,https://www.mizuhobank.co.jp/takarakuji/check/loto/backnumber/detail.html?fromto=641_660&type=miniloto,2026-08-21T01:53:45.434938+00:00,f6f0f62ba9286cb7684f2117c07a91dd0f16891138de1bc7ad07f7b8130c4dca
MINI_LOTO,648,2012-01-17,6,13,18,19,21,,26,mizuho_bank,https://www.mizuhobank.co.jp/takarakuji/check/loto/backnumber/detail.html?fromto=641_660&type=miniloto,2026-08-21T01:53:45.434938+00:00,f6f0f62ba9286cb7684f2117c07a91dd0f16891138de1bc7ad07f7b8130c4dca
MINI_LOTO,649,2012-01-24,3,11,18,19,21,,12,mizuho_bank,https://www.mizuhobank.co.jp/takarakuji/check/loto/backnumber/detail.html?fromto=641_660&type=miniloto,2026-08-21T01:53:45.434938+00:00,f6f0f62ba9286cb7684f2117c07a91dd0f16891138de1bc7ad07f7b8130c4dca
MINI_LOTO,650,2012-01-31,4,11,18,24,26,,13,mizuho_bank,https://www.mizuhobank.co.jp/takarakuji/check/loto/backnumber/detail.html?fromto=641_660&type=miniloto,2026-08-21T01:53:45.434938+00:00,f6f0f62ba9286cb7684f2117c07a91dd0f16891138de1bc7ad07f7b8130c4dca
MINI_LOTO,651,2012-02-07,8,11,15,20,31,,18,mizuho_bank,https://www.mizuhobank.co.jp/takarakuji/check/loto/backnumber/detail.html?fromto=641_660&type=miniloto,2026-08-21T01:53:45.434938+00:00,f6f0f62ba9286cb7684f2117c07a91dd0f16891138de1bc7ad07f7b8130c4dca
MINI_LOTO,652,2012-02-14,2,5,19,28,29,,23,mizuho_bank,https://www.mizuhobank.co.jp/takarakuji/check/loto/backnumber/detail.html?fromto=641_660&type=miniloto,2026-08-21T01:53:45.434938+00:00,f6f0f62ba9286cb7684f2117c07a91dd0f16891138de1bc7ad07f7b8130c4dca
MINI_LOTO,653,2012-02-21,11,16,20,22,30,,21,mizuho_bank,https://www.mizuhobank.co.jp/takarakuji/check/loto/backnumber/detail.html?fromto=641_660&type=miniloto,2026-08-21T01:53:45.434938+00:00,f6f0f62ba9286cb7684f2117c07a91dd0f16891138de1bc7ad07f7b8130c4dca
MINI_LOTO,654,2012-02-28,6,11,22,25,27,,2,mizuho_bank,https://www.mizuhobank.co.jp/takarakuji/check/loto/backnumber/detail.html?fromto=641_660&type=miniloto,2026-08-21T01:53:45.434938+00:00,f6f0f62ba9286cb7684f2117c07a91dd0f16891138de1bc7ad07f7b8130c4dca
MINI_LOTO,655,2012-03-06,7,9,12,14,18,,24,mizuho_bank,https://www.mizuhobank.co.jp/takarakuji/check/loto/backnumber/detail.html?fromto=641_660&type=miniloto,2026-08-21T01:53:45.434938+00:00,f6f0f62ba9286cb7684f2117c07a91dd0f16891138de1bc7ad07f7b8130c4dca
MINI_LOTO,656,2012-03-13,4,10,15,22,23,,7,mizuho_bank,https://www.mizuhobank.co.jp/takarakuji/check/loto/backnumber/detail.html?fromto=641_660&type=miniloto,2026-08-21T01:53:45.434938+00:00,f6f0f62ba9286cb7684f2117c07a91dd0f16891138de1bc7ad07f7b8130c4dca
MINI_LOTO,657,2012-03-20,9,14,18,23,30,,10,mizuho_bank,https://www.mizuhobank.co.jp/takarakuji/check/loto/backnumber/detail.html?fromto=641_660&type=miniloto,2026-08-21T01:53:45.434938+00:00,f6f0f62ba9286cb7684f2117c07a91dd0f16891138de1bc7ad07f7b8130c4dca
MINI_LOTO,658,2012-03-27,7,8,11,15,26,,1,mizuho_bank,https://www.mizuhobank.co.jp/takarakuji/check/loto/backnumber/detail.html?fromto=641_660&type=miniloto,2026-08-21T01:53:45.434938+00:00,f6f0f62ba9286cb7684f2117c07a91dd0f16891138de1bc7ad07f7b8130c4dca
MINI_LOTO,659,2012-04-03,5,9,22,30,31,,3,mizuho_bank,https://www.mizuhobank.co.jp/takarakuji/check/loto/backnumber/detail.html?fromto=641_660&type=miniloto,2026-08-21T01:53:45.434938+00:00,f6f0f62ba9286cb7684f2117c07a91dd0f16891138de1bc7ad07f7b8130c4dca
MINI_LOTO,660,2012-04-10,7,12,15,30,31,,18,mizuho_bank,https://www.mizuhobank.co.jp/takarakuji/check/loto/backnumber/detail.html?fromto=641_660&type=miniloto,2026-08-21T01:53:45.434938+00:00,f6f0f62ba9286cb7684f2117c07a91dd0f16891138de1bc7ad07f7b8130c4dca
MINI_LOTO,661,2012-04-17,2,6,9,19,20,,27,mizuho_bank,https://www.mizuhobank.co.jp/takarakuji/check/loto/backnumber/detail.html?fromto=661_680&type=miniloto,2026-08-21T01:53:44.687855+00:00,38b887c50b580ed41f7bd7e996684748c7b59d86afa7149d8b38c9f0b6821648
MINI_LOTO,662,2012-04-24,7,9,15,28,31,,26,mizuho_bank,https://www.mizuhobank.co.jp/takarakuji/check/loto/backnumber/detail.html?fromto=661_680&type=miniloto,2026-08-21T01:53:44.687855+00:00,38b887c50b580ed41f7bd7e996684748c7b59d86afa7149d8b38c9f0b6821648
MINI_LOTO,663,2012-05-01,1,9,10,21,31,,23,mizuho_bank,https://www.mizuhobank.co.jp/takarakuji/check/loto/backnumber/detail.html?fromto=661_680&type=miniloto,2026-08-21T01:53:44.687855+00:00,38b887c50b580ed41f7bd7e996684748c7b59d86afa7149d8b38c9f0b6821648
MINI_LOTO,664,2012-05-08,6,9,11,16,29,,4,mizuho_bank,https://www.mizuhobank.co.jp/takarakuji/check/loto/backnumber/detail.html?fromto=661_680&type=miniloto,2026-08-21T01:53:44.687855+00:00,38b887c50b580ed41f7bd7e996684748c7b59d86afa7149d8b38c9f0b6821648
MINI_LOTO,665,2012-05-15,7,12,17,20,28,,9,mizuho_bank,https://www.mizuhobank.co.jp/takarakuji/check/loto/backnumber/detail.html?fromto=661_680&type=miniloto,2026-08-21T01:53:44.687855+00:00,38b887c50b580ed41f7bd7e996684748c7b59d86afa7149d8b38c9f0b6821648
MINI_LOTO,666,2012-05-22,10,11,17,24,29,,26,mizuho_bank,https://www.mizuhobank.co.jp/takarakuji/check/loto/backnumber/detail.html?fromto=661_680&type=miniloto,2026-08-21T01:53:44.687855+00:00,38b887c50b580ed41f7bd7e996684748c7b59d86afa7149d8b38c9f0b6821648
MINI_LOTO,667,2012-05-29,8,9,19,26,31,,28,mizuho_bank,https://www.mizuhobank.co.jp/takarakuji/check/loto/backnumber/detail.html?fromto=661_680&type=miniloto,2026-08-21T01:53:44.687855+00:00,38b887c50b580ed41f7bd7e996684748c7b59d86afa7149d8b38c9f0b6821648
MINI_LOTO,668,2012-06-05,7,9,16,27,29,,30,mizuho_bank,https://www.mizuhobank.co.jp/takarakuji/check/loto/backnumber/detail.html?fromto=661_680&type=miniloto,2026-08-21T01:53:44.687855+00:00,38b887c50b580ed41f7bd7e996684748c7b59d86afa7149d8b38c9f0b6821648
MINI_LOTO,669,2012-06-12,4,7,8,25,31,,14,mizuho_bank,https://www.mizuhobank.co.jp/takarakuji/check/loto/backnumber/detail.html?fromto=661_680&type=miniloto,2026-08-21T01:53:44.687855+00:00,38b887c50b580ed41f7bd7e996684748c7b59d86afa7149d8b38c9f0b6821648
MINI_LOTO,670,2012-06-19,4,6,26,27,29,,30,mizuho_bank,https://www.mizuhobank.co.jp/takarakuji/check/loto/backnumber/detail.html?fromto=661_680&type=miniloto,2026-08-21T01:53:44.687855+00:00,38b887c50b580ed41f7bd7e996684748c7b59d86afa7149d8b38c9f0b6821648
MINI_LOTO,671,2012-06-26,7,14,19,22,27,,28,mizuho_bank,https://www.mizuhobank.co.jp/takarakuji/check/loto/backnumber/detail.html?fromto=661_680&type=miniloto,2026-08-21T01:53:44.687855+00:00,38b887c50b580ed41f7bd7e996684748c7b59d86afa7149d8b38c9f0b6821648
MINI_LOTO,672,2012-07-03,3,8,20,22,28,,5,mizuho_bank,https://www.mizuhobank.co.jp/takarakuji/check/loto/backnumber/detail.html?fromto=661_680&type=miniloto,2026-08-21T01:53:44.687855+00:00,38b887c50b580ed41f7bd7e996684748c7b59d86afa7149d8b38c9f0b6821648
MINI_LOTO,673,2012-07-10,6,12,21,24,25,,22,mizuho_bank,https://www.mizuhobank.co.jp/takarakuji/check/loto/backnumber/detail.html?fromto=661_680&type=miniloto,2026-08-21T01:53:44.687855+00:00,38b887c50b580ed41f7bd7e996684748c7b59d86afa7149d8b38c9f0b6821648
MINI_LOTO,674,2012-07-17,1,2,3,24,25,,15,mizuho_bank,https://www.mizuhobank.co.jp/takarakuji/check/loto/backnumber/detail.html?fromto=661_680&type=miniloto,2026-08-21T01:53:44.687855+00:00,38b887c50b580ed41f7bd7e996684748c7b59d86afa7149d8b38c9f0b6821648
MINI_LOTO,675,2012-07-24,6,21,27,28,31,,20,mizuho_bank,https://www.mizuhobank.co.jp/takarakuji/check/loto/backnumber/detail.html?fromto=661_680&type=miniloto,2026-08-21T01:53:44.687855+00:00,38b887c50b580ed41f7bd7e996684748c7b59d86afa7149d8b38c9f0b6821648
MINI_LOTO,676,2012-07-31,4,6,18,22,28,,1,mizuho_bank,https://www.mizuhobank.co.jp/takarakuji/check/loto/backnumber/detail.html?fromto=661_680&type=miniloto,2026-08-21T01:53:44.687855+00:00,38b887c50b580ed41f7bd7e996684748c7b59d86afa7149d8b38c9f0b6821648
MINI_LOTO,677,2012-08-07,10,16,23,24,30,,18,mizuho_bank,https://www.mizuhobank.co.jp/takarakuji/check/loto/backnumber/detail.html?fromto=661_680&type=miniloto,2026-08-21T01:53:44.687855+00:00,38b887c50b580ed41f7bd7e996684748c7b59d86afa7149d8b38c9f0b6821648
MINI_LOTO,678,2012-08-14,15,17,21,24,25,,20,mizuho_bank,https://www.mizuhobank.co.jp/takarakuji/check/loto/backnumber/detail.html?fromto=661_680&type=miniloto,2026-08-21T01:53:44.687855+00:00,38b887c50b580ed41f7bd7e996684748c7b59d86afa7149d8b38c9f0b6821648
MINI_LOTO,679,2012-08-21,5,11,23,29,31,,28,mizuho_bank,https://www.mizuhobank.co.jp/takarakuji/check/loto/backnumber/detail.html?fromto=661_680&type=miniloto,2026-08-21T01:53:44.687855+00:00,38b887c50b580ed41f7bd7e996684748c7b59d86afa7149d8b38c9f0b6821648
MINI_LOTO,680,2012-08-28,2,3,11,15,24,,23,mizuho_bank,https://www.mizuhobank.co.jp/takarakuji/check/loto/backnumber/detail.html?fromto=661_680&type=miniloto,2026-08-21T01:53:44.687855+00:00,38b887c50b580ed41f7bd7e996684748c7b59d86afa7149d8b38c9f0b6821648
MINI_LOTO,681,2012-09-04,6,12,17,19,30,,9,mizuho_bank,https://www.mizuhobank.co.jp/takarakuji/check/loto/backnumber/detail.html?fromto=681_700&type=miniloto,2026-08-21T01:53:43.969158+00:00,2d188741affcb936d98dcec736345406b10a974c56dd14b512fcb6fb0fbcd185
MINI_LOTO,682,2012-09-11,4,8,20,25,27,,30,mizuho_bank,https://www.mizuhobank.co.jp/takarakuji/check/loto/backnumber/detail.html?fromto=681_700&type=miniloto,2026-08-21T01:53:43.969158+00:00,2d188741affcb936d98dcec736345406b10a974c56dd14b512fcb6fb0fbcd185
MINI_LOTO,683,2012-09-18,1,7,15,23,26,,11,mizuho_bank,https://www.mizuhobank.co.jp/takarakuji/check/loto/backnumber/detail.html?fromto=681_700&type=miniloto,2026-08-21T01:53:43.969158+00:00,2d188741affcb936d98dcec736345406b10a974c56dd14b512fcb6fb0fbcd185
MINI_LOTO,684,2012-09-25,10,12,13,19,25,,7,mizuho_bank,https://www.mizuhobank.co.jp/takarakuji/check/loto/backnumber/detail.html?fromto=681_700&type=miniloto,2026-08-21T01:53:43.969158+00:00,2d188741affcb936d98dcec736345406b10a974c56dd14b512fcb6fb0fbcd185
MINI_LOTO,685,2012-10-02,8,11,19,21,30,,1,mizuho_bank,https://www.mizuhobank.co.jp/takarakuji/check/loto/backnumber/detail.html?fromto=681_700&type=miniloto,2026-08-21T01:53:43.969158+00:00,2d188741affcb936d98dcec736345406b10a974c56dd14b512fcb6fb0fbcd185
MINI_LOTO,686,2012-10-09,3,5,7,10,18,,6,mizuho_bank,https://www.mizuhobank.co.jp/takarakuji/check/loto/backnumber/detail.html?fromto=681_700&type=miniloto,2026-08-21T01:53:43.969158+00:00,2d188741affcb936d98dcec736345406b10a974c56dd14b512fcb6fb0fbcd185
MINI_LOTO,687,2012-10-16,2,9,17,24,29,,22,mizuho_bank,https://www.mizuhobank.co.jp/takarakuji/check/loto/backnumber/detail.html?fromto=681_700&type=miniloto,2026-08-21T01:53:43.969158+00:00,2d188741affcb936d98dcec736345406b10a974c56dd14b512fcb6fb0fbcd185
MINI_LOTO,688,2012-10-23,4,5,9,15,26,,11,mizuho_bank,https://www.mizuhobank.co.jp/takarakuji/check/loto/backnumber/detail.html?fromto=681_700&type=miniloto,2026-08-21T01:53:43.969158+00:00,2d188741affcb936d98dcec736345406b10a974c56dd14b512fcb6fb0fbcd185
MINI_LOTO,689,2012-10-30,12,13,19,23,25,,28,mizuho_bank,https://www.mizuhobank.co.jp/takarakuji/check/loto/backnumber/detail.html?fromto=681_700&type=miniloto,2026-08-21T01:53:43.969158+00:00,2d188741affcb936d98dcec736345406b10a974c56dd14b512fcb6fb0fbcd185
MINI_LOTO,690,2012-11-06,11,16,22,23,25,,9,mizuho_bank,https://www.mizuhobank.co.jp/takarakuji/check/loto/backnumber/detail.html?fromto=681_700&type=miniloto,2026-08-21T01:53:43.969158+00:00,2d188741affcb936d98dcec736345406b10a974c56dd14b512fcb6fb0fbcd185
MINI_LOTO,691,2012-11-13,3,9,10,20,25,,31,mizuho_bank,https://www.mizuhobank.co.jp/takarakuji/check/loto/backnumber/detail.html?fromto=681_700&type=miniloto,2026-08-21T01:53:43.969158+00:00,2d188741affcb936d98dcec736345406b10a974c56dd14b512fcb6fb0fbcd185
MINI_LOTO,692,2012-11-20,9,13,14,23,31,,20,mizuho_bank,https://www.mizuhobank.co.jp/takarakuji/check/loto/backnumber/detail.html?fromto=681_700&type=miniloto,2026-08-21T01:53:43.969158+00:00,2d188741affcb936d98dcec736345406b10a974c56dd14b512fcb6fb0fbcd185
MINI_LOTO,693,2012-11-27,5,17,21,24,25,,3,mizuho_bank,https://www.mizuhobank.co.jp/takarakuji/check/loto/backnumber/detail.html?fromto=681_700&type=miniloto,2026-08-21T01:53:43.969158+00:00,2d188741affcb936d98dcec736345406b10a974c56dd14b512fcb6fb0fbcd185
MINI_LOTO,694,2012-12-04,5,12,15,16,20,,6,mizuho_bank,https://www.mizuhobank.co.jp/takarakuji/check/loto/backnumber/detail.html?fromto=681_700&type=miniloto,2026-08-21T01:53:43.969158+00:00,2d188741affcb936d98dcec736345406b10a974c56dd14b512fcb6fb0fbcd185
MINI_LOTO,695,2012-12-11,4,19,20,27,28,,14,mizuho_bank,https://www.mizuhobank.co.jp/takarakuji/check/loto/backnumber/detail.html?fromto=681_700&type=miniloto,2026-08-21T01:53:43.969158+00:00,2d188741affcb936d98dcec736345406b10a974c56dd14b512fcb6fb0fbcd185
MINI_LOTO,696,2012-12-18,5,9,15,19,30,,6,mizuho_bank,https://www.mizuhobank.co.jp/takarakuji/check/loto/backnumber/detail.html?fromto=681_700&type=miniloto,2026-08-21T01:53:43.969158+00:00,2d188741affcb936d98dcec736345406b10a974c56dd14b512fcb6fb0fbcd185
MINI_LOTO,697,2012-12-25,5,7,17,25,27,,18,mizuho_bank,https://www.mizuhobank.co.jp/takarakuji/check/loto/backnumber/detail.html?fromto=681_700&type=miniloto,2026-08-21T01:53:43.969158+00:00,2d188741affcb936d98dcec736345406b10a974c56dd14b512fcb6fb0fbcd185
MINI_LOTO,698,2013-01-08,2,3,5,14,24,,9,mizuho_bank,https://www.mizuhobank.co.jp/takarakuji/check/loto/backnumber/detail.html?fromto=681_700&type=miniloto,2026-08-21T01:53:43.969158+00:00,2d188741affcb936d98dcec736345406b10a974c56dd14b512fcb6fb0fbcd185
MINI_LOTO,699,2013-01-15,6,12,21,24,28,,15,mizuho_bank,https://www.mizuhobank.co.jp/takarakuji/check/loto/backnumber/detail.html?fromto=681_700&type=miniloto,2026-08-21T01:53:43.969158+00:00,2d188741affcb936d98dcec736345406b10a974c56dd14b512fcb6fb0fbcd185
MINI_LOTO,700,2013-01-22,6,8,9,21,26,,4,mizuho_bank,https://www.mizuhobank.co.jp/takarakuji/check/loto/backnumber/detail.html?fromto=681_700&type=miniloto,2026-08-21T01:53:43.969158+00:00,2d188741affcb936d98dcec736345406b10a974c56dd14b512fcb6fb0fbcd185
MINI_LOTO,701,2013-01-29,4,8,13,15,26,,3,mizuho_bank,https://www.mizuhobank.co.jp/takarakuji/check/loto/backnumber/detail.html?fromto=701_720&type=miniloto,2026-08-21T01:53:43.206933+00:00,4bff1354a56d7ea9ff8a23b78b2d0b8d0cffc7c89e3438de29fd1591236cdd7e
MINI_LOTO,702,2013-02-05,10,12,13,20,23,,4,mizuho_bank,https://www.mizuhobank.co.jp/takarakuji/check/loto/backnumber/detail.html?fromto=701_720&type=miniloto,2026-08-21T01:53:43.206933+00:00,4bff1354a56d7ea9ff8a23b78b2d0b8d0cffc7c89e3438de29fd1591236cdd7e
MINI_LOTO,703,2013-02-12,3,10,16,28,31,,15,mizuho_bank,https://www.mizuhobank.co.jp/takarakuji/check/loto/backnumber/detail.html?fromto=701_720&type=miniloto,2026-08-21T01:53:43.206933+00:00,4bff1354a56d7ea9ff8a23b78b2d0b8d0cffc7c89e3438de29fd1591236cdd7e
MINI_LOTO,704,2013-02-19,2,11,21,24,25,,23,mizuho_bank,https://www.mizuhobank.co.jp/takarakuji/check/loto/backnumber/detail.html?fromto=701_720&type=miniloto,2026-08-21T01:53:43.206933+00:00,4bff1354a56d7ea9ff8a23b78b2d0b8d0cffc7c89e3438de29fd1591236cdd7e
MINI_LOTO,705,2013-02-26,8,16,18,21,22,,27,mizuho_bank,https://www.mizuhobank.co.jp/takarakuji/check/loto/backnumber/detail.html?fromto=701_720&type=miniloto,2026-08-21T01:53:43.206933+00:00,4bff1354a56d7ea9ff8a23b78b2d0b8d0cffc7c89e3438de29fd1591236cdd7e
MINI_LOTO,706,2013-03-05,4,6,15,16,29,,27,mizuho_bank,https://www.mizuhobank.co.jp/takarakuji/check/loto/backnumber/detail.html?fromto=701_720&type=miniloto,2026-08-21T01:53:43.206933+00:00,4bff1354a56d7ea9ff8a23b78b2d0b8d0cffc7c89e3438de29fd1591236cdd7e
MINI_LOTO,707,2013-03-12,2,11,23,27,29,,3,mizuho_bank,https://www.mizuhobank.co.jp/takarakuji/check/loto/backnumber/detail.html?fromto=701_720&type=miniloto,2026-08-21T01:53:43.206933+00:00,4bff1354a56d7ea9ff8a23b78b2d0b8d0cffc7c89e3438de29fd1591236cdd7e
MINI_LOTO,708,2013-03-19,10,11,20,28,29,,1,mizuho_bank,https://www.mizuhobank.co.jp/takarakuji/check/loto/backnumber/detail.html?fromto=701_720&type=miniloto,2026-08-21T01:53:43.206933+00:00,4bff1354a56d7ea9ff8a23b78b2d0b8d0cffc7c89e3438de29fd1591236cdd7e
MINI_LOTO,709,2013-03-26,2,5,16,17,18,,30,mizuho_bank,https://www.mizuhobank.co.jp/takarakuji/check/loto/backnumber/detail.html?fromto=701_720&type=miniloto,2026-08-21T01:53:43.206933+00:00,4bff1354a56d7ea9ff8a23b78b2d0b8d0cffc7c89e3438de29fd1591236cdd7e
MINI_LOTO,710,2013-04-02,2,15,18,25,26,,20,mizuho_bank,https://www.mizuhobank.co.jp/takarakuji/check/loto/backnumber/detail.html?fromto=701_720&type=miniloto,2026-08-21T01:53:43.206933+00:00,4bff1354a56d7ea9ff8a23b78b2d0b8d0cffc7c89e3438de29fd1591236cdd7e
MINI_LOTO,711,2013-04-09,3,5,10,17,25,,22,mizuho_bank,https://www.mizuhobank.co.jp/takarakuji/check/loto/backnumber/detail.html?fromto=701_720&type=miniloto,2026-08-21T01:53:43.206933+00:00,4bff1354a56d7ea9ff8a23b78b2d0b8d0cffc7c89e3438de29fd1591236cdd7e
MINI_LOTO,712,2013-04-16,3,7,18,27,31,,1,mizuho_bank,https://www.mizuhobank.co.jp/takarakuji/check/loto/backnumber/detail.html?fromto=701_720&type=miniloto,2026-08-21T01:53:43.206933+00:00,4bff1354a56d7ea9ff8a23b78b2d0b8d0cffc7c89e3438de29fd1591236cdd7e
MINI_LOTO,713,2013-04-23,4,13,22,28,31,,16,mizuho_bank,https://www.mizuhobank.co.jp/takarakuji/check/loto/backnumber/detail.html?fromto=701_720&type=miniloto,2026-08-21T01:53:43.206933+00:00,4bff1354a56d7ea9ff8a23b78b2d0b8d0cffc7c89e3438de29fd1591236cdd7e
MINI_LOTO,714,2013-04-30,6,10,20,22,31,,1,mizuho_bank,https://www.mizuhobank.co.jp/takarakuji/check/loto/backnumber/detail.html?fromto=701_720&type=miniloto,2026-08-21T01:53:43.206933+00:00,4bff1354a56d7ea9ff8a23b78b2d0b8d0cffc7c89e3438de29fd1591236cdd7e
MINI_LOTO,715,2013-05-07,2,3,5,9,22,,18,mizuho_bank,https://www.mizuhobank.co.jp/takarakuji/check/loto/backnumber/detail.html?fromto=701_720&type=miniloto,2026-08-21T01:53:43.206933+00:00,4bff1354a56d7ea9ff8a23b78b2d0b8d0cffc7c89e3438de29fd1591236cdd7e
MINI_LOTO,716,2013-05-14,13,18,19,20,24,,17,mizuho_bank,https://www.mizuhobank.co.jp/takarakuji/check/loto/backnumber/detail.html?fromto=701_720&type=miniloto,2026-08-21T01:53:43.206933+00:00,4bff1354a56d7ea9ff8a23b78b2d0b8d0cffc7c89e3438de29fd1591236cdd7e
MINI_LOTO,717,2013-05-21,3,5,14,23,26,,1,mizuho_bank,https://www.mizuhobank.co.jp/takarakuji/check/loto/backnumber/detail.html?fromto=701_720&type=miniloto,2026-08-21T01:53:43.206933+00:00,4bff1354a56d7ea9ff8a23b78b2d0b8d0cffc7c89e3438de29fd1591236cdd7e
MINI_LOTO,718,2013-05-28,2,11,16,19,24,,23,mizuho_bank,https://www.mizuhobank.co.jp/takarakuji/check/loto/backnumber/detail.html?fromto=701_720&type=miniloto,2026-08-21T01:53:43.206933+00:00,4bff1354a56d7ea9ff8a23b78b2d0b8d0cffc7c89e3438de29fd1591236cdd7e
MINI_LOTO,719,2013-06-04,2,9,18,22,27,,16,mizuho_bank,https://www.mizuhobank.co.jp/takarakuji/check/loto/backnumber/detail.html?fromto=701_720&type=miniloto,2026-08-21T01:53:43.206933+00:00,4bff1354a56d7ea9ff8a23b78b2d0b8d0cffc7c89e3438de29fd1591236cdd7e
MINI_LOTO,720,2013-06-11,5,11,17,19,20,,15,mizuho_bank,https://www.mizuhobank.co.jp/takarakuji/check/loto/backnumber/detail.html?fromto=701_720&type=miniloto,2026-08-21T01:53:43.206933+00:00,4bff1354a56d7ea9ff8a23b78b2d0b8d0cffc7c89e3438de29fd1591236cdd7e
MINI_LOTO,721,2013-06-18,3,5,12,15,22,,2,mizuho_bank,https://www.mizuhobank.co.jp/takarakuji/check/loto/backnumber/detail.html?fromto=721_740&type=miniloto,2026-08-21T01:53:42.552418+00:00,37135cd79f390b2e069735bb651a37a1322f72abca1ab08c029070c58db9413c
MINI_LOTO,722,2013-06-25,4,6,17,21,30,,9,mizuho_bank,https://www.mizuhobank.co.jp/takarakuji/check/loto/backnumber/detail.html?fromto=721_740&type=miniloto,2026-08-21T01:53:42.552418+00:00,37135cd79f390b2e069735bb651a37a1322f72abca1ab08c029070c58db9413c
MINI_LOTO,723,2013-07-02,4,7,9,25,31,,18,mizuho_bank,https://www.mizuhobank.co.jp/takarakuji/check/loto/backnumber/detail.html?fromto=721_740&type=miniloto,2026-08-21T01:53:42.552418+00:00,37135cd79f390b2e069735bb651a37a1322f72abca1ab08c029070c58db9413c
MINI_LOTO,724,2013-07-09,7,14,17,22,29,,1,mizuho_bank,https://www.mizuhobank.co.jp/takarakuji/check/loto/backnumber/detail.html?fromto=721_740&type=miniloto,2026-08-21T01:53:42.552418+00:00,37135cd79f390b2e069735bb651a37a1322f72abca1ab08c029070c58db9413c
MINI_LOTO,725,2013-07-16,6,11,26,28,30,,19,mizuho_bank,https://www.mizuhobank.co.jp/takarakuji/check/loto/backnumber/detail.html?fromto=721_740&type=miniloto,2026-08-21T01:53:42.552418+00:00,37135cd79f390b2e069735bb651a37a1322f72abca1ab08c029070c58db9413c
MINI_LOTO,726,2013-07-23,1,2,16,18,25,,7,mizuho_bank,https://www.mizuhobank.co.jp/takarakuji/check/loto/backnumber/detail.html?fromto=721_740&type=miniloto,2026-08-21T01:53:42.552418+00:00,37135cd79f390b2e069735bb651a37a1322f72abca1ab08c029070c58db9413c
MINI_LOTO,727,2013-07-30,4,7,14,16,24,,27,mizuho_bank,https://www.mizuhobank.co.jp/takarakuji/check/loto/backnumber/detail.html?fromto=721_740&type=miniloto,2026-08-21T01:53:42.552418+00:00,37135cd79f390b2e069735bb651a37a1322f72abca1ab08c029070c58db9413c
MINI_LOTO,728,2013-08-06,1,9,11,13,28,,16,mizuho_bank,https://www.mizuhobank.co.jp/takarakuji/check/loto/backnumber/detail.html?fromto=721_740&type=miniloto,2026-08-21T01:53:42.552418+00:00,37135cd79f390b2e069735bb651a37a1322f72abca1ab08c029070c58db9413c
MINI_LOTO,729,2013-08-13,13,16,17,20,29,,11,mizuho_bank,https://www.mizuhobank.co.jp/takarakuji/check/loto/backnumber/detail.html?fromto=721_740&type=miniloto,2026-08-21T01:53:42.552418+00:00,37135cd79f390b2e069735bb651a37a1322f72abca1ab08c029070c58db9413c
MINI_LOTO,730,2013-08-20,3,5,7,14,22,,4,mizuho_bank,https://www.mizuhobank.co.jp/takarakuji/check/loto/backnumber/detail.html?fromto=721_740&type=miniloto,2026-08-21T01:53:42.552418+00:00,37135cd79f390b2e069735bb651a37a1322f72abca1ab08c029070c58db9413c
MINI_LOTO,731,2013-08-27,7,9,18,28,30,,11,mizuho_bank,https://www.mizuhobank.co.jp/takarakuji/check/loto/backnumber/detail.html?fromto=721_740&type=miniloto,2026-08-21T01:53:42.552418+00:00,37135cd79f390b2e069735bb651a37a1322f72abca1ab08c029070c58db9413c
MINI_LOTO,732,2013-09-03,4,6,16,29,31,,9,mizuho_bank,https://www.mizuhobank.co.jp/takarakuji/check/loto/backnumber/detail.html?fromto=721_740&type=miniloto,2026-08-21T01:53:42.552418+00:00,37135cd79f390b2e069735bb651a37a1322f72abca1ab08c029070c58db9413c
MINI_LOTO,733,2013-09-10,5,9,11,18,20,,31,mizuho_bank,https://www.mizuhobank.co.jp/takarakuji/check/loto/backnumber/detail.html?fromto=721_740&type=miniloto,2026-08-21T01:53:42.552418+00:00,37135cd79f390b2e069735bb651a37a1322f72abca1ab08c029070c58db9413c
MINI_LOTO,734,2013-09-17,6,8,10,12,13,,31,mizuho_bank,https://www.mizuhobank.co.jp/takarakuji/check/loto/backnumber/detail.html?fromto=721_740&type=miniloto,2026-08-21T01:53:42.552418+00:00,37135cd79f390b2e069735bb651a37a1322f72abca1ab08c029070c58db9413c
MINI_LOTO,735,2013-09-24,3,14,16,23,30,,7,mizuho_bank,https://www.mizuhobank.co.jp/takarakuji/check/loto/backnumber/detail.html?fromto=721_740&type=miniloto,2026-08-21T01:53:42.552418+00:00,37135cd79f390b2e069735bb651a37a1322f72abca1ab08c029070c58db9413c
MINI_LOTO,736,2013-10-01,2,14,17,20,27,,9,mizuho_bank,https://www.mizuhobank.co.jp/takarakuji/check/loto/backnumber/detail.html?fromto=721_740&type=miniloto,2026-08-21T01:53:42.552418+00:00,37135cd79f390b2e069735bb651a37a1322f72abca1ab08c029070c58db9413c
MINI_LOTO,737,2013-10-08,5,12,18,19,23,,16,mizuho_bank,https://www.mizuhobank.co.jp/takarakuji/check/loto/backnumber/detail.html?fromto=721_740&type=miniloto,2026-08-21T01:53:42.552418+00:00,37135cd79f390b2e069735bb651a37a1322f72abca1ab08c029070c58db9413c
MINI_LOTO,738,2013-10-15,7,11,14,23,29,,19,mizuho_bank,https://www.mizuhobank.co.jp/takarakuji/check/loto/backnumber/detail.html?fromto=721_740&type=miniloto,2026-08-21T01:53:42.552418+00:00,37135cd79f390b2e069735bb651a37a1322f72abca1ab08c029070c58db9413c
MINI_LOTO,739,2013-10-22,1,4,19,24,31,,18,mizuho_bank,https://www.mizuhobank.co.jp/takarakuji/check/loto/backnumber/detail.html?fromto=721_740&type=miniloto,2026-08-21T01:53:42.552418+00:00,37135cd79f390b2e069735bb651a37a1322f72abca1ab08c029070c58db9413c
MINI_LOTO,740,2013-10-29,2,4,19,25,28,,11,mizuho_bank,https://www.mizuhobank.co.jp/takarakuji/check/loto/backnumber/detail.html?fromto=721_740&type=miniloto,2026-08-21T01:53:42.552418+00:00,37135cd79f390b2e069735bb651a37a1322f72abca1ab08c029070c58db9413c
MINI_LOTO,741,2013-11-05,6,11,12,15,25,,10,mizuho_bank,https://www.mizuhobank.co.jp/takarakuji/check/loto/backnumber/detail.html?fromto=741_760&type=miniloto,2026-08-21T01:53:41.701158+00:00,a9bb6bc4c170bbce464244f909ef4384d7852861b3bada7c860b840e8be035d7
MINI_LOTO,742,2013-11-12,3,5,16,26,31,,1,mizuho_bank,https://www.mizuhobank.co.jp/takarakuji/check/loto/backnumber/detail.html?fromto=741_760&type=miniloto,2026-08-21T01:53:41.701158+00:00,a9bb6bc4c170bbce464244f909ef4384d7852861b3bada7c860b840e8be035d7
MINI_LOTO,743,2013-11-19,4,15,18,20,30,,5,mizuho_bank,https://www.mizuhobank.co.jp/takarakuji/check/loto/backnumber/detail.html?fromto=741_760&type=miniloto,2026-08-21T01:53:41.701158+00:00,a9bb6bc4c170bbce464244f909ef4384d7852861b3bada7c860b840e8be035d7
MINI_LOTO,744,2013-11-26,2,4,5,14,24,,19,mizuho_bank,https://www.mizuhobank.co.jp/takarakuji/check/loto/backnumber/detail.html?fromto=741_760&type=miniloto,2026-08-21T01:53:41.701158+00:00,a9bb6bc4c170bbce464244f909ef4384d7852861b3bada7c860b840e8be035d7
MINI_LOTO,745,2013-12-03,3,10,13,14,22,,15,mizuho_bank,https://www.mizuhobank.co.jp/takarakuji/check/loto/backnumber/detail.html?fromto=741_760&type=miniloto,2026-08-21T01:53:41.701158+00:00,a9bb6bc4c170bbce464244f909ef4384d7852861b3bada7c860b840e8be035d7
MINI_LOTO,746,2013-12-10,2,10,15,18,20,,13,mizuho_bank,https://www.mizuhobank.co.jp/takarakuji/check/loto/backnumber/detail.html?fromto=741_760&type=miniloto,2026-08-21T01:53:41.701158+00:00,a9bb6bc4c170bbce464244f909ef4384d7852861b3bada7c860b840e8be035d7
MINI_LOTO,747,2013-12-17,1,12,23,29,30,,9,mizuho_bank,https://www.mizuhobank.co.jp/takarakuji/check/loto/backnumber/detail.html?fromto=741_760&type=miniloto,2026-08-21T01:53:41.701158+00:00,a9bb6bc4c170bbce464244f909ef4384d7852861b3bada7c860b840e8be035d7
MINI_LOTO,748,2013-12-24,2,6,7,11,15,,4,mizuho_bank,https://www.mizuhobank.co.jp/takarakuji/check/loto/backnumber/detail.html?fromto=741_760&type=miniloto,2026-08-21T01:53:41.701158+00:00,a9bb6bc4c170bbce464244f909ef4384d7852861b3bada7c860b840e8be035d7
MINI_LOTO,749,2014-01-07,1,11,14,16,30,,25,mizuho_bank,https://www.mizuhobank.co.jp/takarakuji/check/loto/backnumber/detail.html?fromto=741_760&type=miniloto,2026-08-21T01:53:41.701158+00:00,a9bb6bc4c170bbce464244f909ef4384d7852861b3bada7c860b840e8be035d7
MINI_LOTO,750,2014-01-14,2,5,9,13,19,,24,mizuho_bank,https://www.mizuhobank.co.jp/takarakuji/check/loto/backnumber/detail.html?fromto=741_760&type=miniloto,2026-08-21T01:53:41.701158+00:00,a9bb6bc4c170bbce464244f909ef4384d7852861b3bada7c860b840e8be035d7
MINI_LOTO,751,2014-01-21,7,15,18,19,30,,8,mizuho_bank,https://www.mizuhobank.co.jp/takarakuji/check/loto/backnumber/detail.html?fromto=741_760&type=miniloto,2026-08-21T01:53:41.701158+00:00,a9bb6bc4c170bbce464244f909ef4384d7852861b3bada7c860b840e8be035d7
MINI_LOTO,752,2014-01-28,11,23,26,27,31,,24,mizuho_bank,https://www.mizuhobank.co.jp/takarakuji/check/loto/backnumber/detail.html?fromto=741_760&type=miniloto,2026-08-21T01:53:41.701158+00:00,a9bb6bc4c170bbce464244f909ef4384d7852861b3bada7c860b840e8be035d7
MINI_LOTO,753,2014-02-04,2,10,20,23,24,,26,mizuho_bank,https://www.mizuhobank.co.jp/takarakuji/check/loto/backnumber/detail.html?fromto=741_760&type=miniloto,2026-08-21T01:53:41.701158+00:00,a9bb6bc4c170bbce464244f909ef4384d7852861b3bada7c860b840e8be035d7
MINI_LOTO,754,2014-02-11,11,12,24,25,30,,31,mizuho_bank,https://www.mizuhobank.co.jp/takarakuji/check/loto/backnumber/detail.html?fromto=741_760&type=miniloto,2026-08-21T01:53:41.701158+00:00,a9bb6bc4c170bbce464244f909ef4384d7852861b3bada7c860b840e8be035d7
MINI_LOTO,755,2014-02-18,20,21,22,25,27,,14,mizuho_bank,https://www.mizuhobank.co.jp/takarakuji/check/loto/backnumber/detail.html?fromto=741_760&type=miniloto,2026-08-21T01:53:41.701158+00:00,a9bb6bc4c170bbce464244f909ef4384d7852861b3bada7c860b840e8be035d7
MINI_LOTO,756,2014-02-25,5,8,9,27,30,,11,mizuho_bank,https://www.mizuhobank.co.jp/takarakuji/check/loto/backnumber/detail.html?fromto=741_760&type=miniloto,2026-08-21T01:53:41.701158+00:00,a9bb6bc4c170bbce464244f909ef4384d7852861b3bada7c860b840e8be035d7
MINI_LOTO,757,2014-03-04,12,15,21,25,27,,22,mizuho_bank,https://www.mizuhobank.co.jp/takarakuji/check/loto/backnumber/detail.html?fromto=741_760&type=miniloto,2026-08-21T01:53:41.701158+00:00,a9bb6bc4c170bbce464244f909ef4384d7852861b3bada7c860b840e8be035d7
MINI_LOTO,758,2014-03-11,8,14,19,22,24,,26,mizuho_bank,https://www.mizuhobank.co.jp/takarakuji/check/loto/backnumber/detail.html?fromto=741_760&type=miniloto,2026-08-21T01:53:41.701158+00:00,a9bb6bc4c170bbce464244f909ef4384d7852861b3bada7c860b840e8be035d7
MINI_LOTO,759,2014-03-18,8,18,23,24,30,,4,mizuho_bank,https://www.mizuhobank.co.jp/takarakuji/check/loto/backnumber/detail.html?fromto=741_760&type=miniloto,2026-08-21T01:53:41.701158+00:00,a9bb6bc4c170bbce464244f909ef4384d7852861b3bada7c860b840e8be035d7
MINI_LOTO,760,2014-03-25,1,7,14,25,30,,8,mizuho_bank,https://www.mizuhobank.co.jp/takarakuji/check/loto/backnumber/detail.html?fromto=741_760&type=miniloto,2026-08-21T01:53:41.701158+00:00,a9bb6bc4c170bbce464244f909ef4384d7852861b3bada7c860b840e8be035d7
MINI_LOTO,761,2014-04-01,7,14,16,21,31,,17,mizuho_bank,https://www.mizuhobank.co.jp/takarakuji/check/loto/backnumber/detail.html?fromto=761_780&type=miniloto,2026-08-21T01:53:41.066041+00:00,50776979b03553f5eeea7a42e47c4ddac3eb1fa8ac0a2753f46c3aa9d798f740
MINI_LOTO,762,2014-04-08,2,3,8,10,29,,31,mizuho_bank,https://www.mizuhobank.co.jp/takarakuji/check/loto/backnumber/detail.html?fromto=761_780&type=miniloto,2026-08-21T01:53:41.066041+00:00,50776979b03553f5eeea7a42e47c4ddac3eb1fa8ac0a2753f46c3aa9d798f740
MINI_LOTO,763,2014-04-15,3,5,12,14,18,,8,mizuho_bank,https://www.mizuhobank.co.jp/takarakuji/check/loto/backnumber/detail.html?fromto=761_780&type=miniloto,2026-08-21T01:53:41.066041+00:00,50776979b03553f5eeea7a42e47c4ddac3eb1fa8ac0a2753f46c3aa9d798f740
MINI_LOTO,764,2014-04-22,1,2,7,10,11,,16,mizuho_bank,https://www.mizuhobank.co.jp/takarakuji/check/loto/backnumber/detail.html?fromto=761_780&type=miniloto,2026-08-21T01:53:41.066041+00:00,50776979b03553f5eeea7a42e47c4ddac3eb1fa8ac0a2753f46c3aa9d798f740
MINI_LOTO,765,2014-04-29,16,19,20,22,31,,26,mizuho_bank,https://www.mizuhobank.co.jp/takarakuji/check/loto/backnumber/detail.html?fromto=761_780&type=miniloto,2026-08-21T01:53:41.066041+00:00,50776979b03553f5eeea7a42e47c4ddac3eb1fa8ac0a2753f46c3aa9d798f740
MINI_LOTO,766,2014-05-06,5,8,12,16,28,,13,mizuho_bank,https://www.mizuhobank.co.jp/takarakuji/check/loto/backnumber/detail.html?fromto=761_780&type=miniloto,2026-08-21T01:53:41.066041+00:00,50776979b03553f5eeea7a42e47c4ddac3eb1fa8ac0a2753f46c3aa9d798f740
MINI_LOTO,767,2014-05-13,6,8,10,25,31,,27,mizuho_bank,https://www.mizuhobank.co.jp/takarakuji/check/loto/backnumber/detail.html?fromto=761_780&type=miniloto,2026-08-21T01:53:41.066041+00:00,50776979b03553f5eeea7a42e47c4ddac3eb1fa8ac0a2753f46c3aa9d798f740
MINI_LOTO,768,2014-05-20,2,3,23,24,27,,10,mizuho_bank,https://www.mizuhobank.co.jp/takarakuji/check/loto/backnumber/detail.html?fromto=761_780&type=miniloto,2026-08-21T01:53:41.066041+00:00,50776979b03553f5eeea7a42e47c4ddac3eb1fa8ac0a2753f46c3aa9d798f740
MINI_LOTO,769,2014-05-27,3,11,15,22,24,,29,mizuho_bank,https://www.mizuhobank.co.jp/takarakuji/check/loto/backnumber/detail.html?fromto=761_780&type=miniloto,2026-08-21T01:53:41.066041+00:00,50776979b03553f5eeea7a42e47c4ddac3eb1fa8ac0a2753f46c3aa9d798f740
MINI_LOTO,770,2014-06-03,12,18,19,22,30,,20,mizuho_bank,https://www.mizuhobank.co.jp/takarakuji/check/loto/backnumber/detail.html?fromto=761_780&type=miniloto,2026-08-21T01:53:41.066041+00:00,50776979b03553f5eeea7a42e47c4ddac3eb1fa8ac0a2753f46c3aa9d798f740
MINI_LOTO,771,2014-06-10,7,11,22,26,30,,27,mizuho_bank,https://www.mizuhobank.co.jp/takarakuji/check/loto/backnumber/detail.html?fromto=761_780&type=miniloto,2026-08-21T01:53:41.066041+00:00,50776979b03553f5eeea7a42e47c4ddac3eb1fa8ac0a2753f46c3aa9d798f740
MINI_LOTO,772,2014-06-17,11,14,15,21,27,,24,mizuho_bank,https://www.mizuhobank.co.jp/takarakuji/check/loto/backnumber/detail.html?fromto=761_780&type=miniloto,2026-08-21T01:53:41.066041+00:00,50776979b03553f5eeea7a42e47c4ddac3eb1fa8ac0a2753f46c3aa9d798f740
MINI_LOTO,773,2014-06-24,1,2,6,11,26,,17,mizuho_bank,https://www.mizuhobank.co.jp/takarakuji/check/loto/backnumber/detail.html?fromto=761_780&type=miniloto,2026-08-21T01:53:41.066041+00:00,50776979b03553f5eeea7a42e47c4ddac3eb1fa8ac0a2753f46c3aa9d798f740
MINI_LOTO,774,2014-07-01,5,6,9,20,30,,31,mizuho_bank,https://www.mizuhobank.co.jp/takarakuji/check/loto/backnumber/detail.html?fromto=761_780&type=miniloto,2026-08-21T01:53:41.066041+00:00,50776979b03553f5eeea7a42e47c4ddac3eb1fa8ac0a2753f46c3aa9d798f740
MINI_LOTO,775,2014-07-08,5,6,14,24,31,,15,mizuho_bank,https://www.mizuhobank.co.jp/takarakuji/check/loto/backnumber/detail.html?fromto=761_780&type=miniloto,2026-08-21T01:53:41.066041+00:00,50776979b03553f5eeea7a42e47c4ddac3eb1fa8ac0a2753f46c3aa9d798f740
MINI_LOTO,776,2014-07-15,6,14,15,18,31,,25,mizuho_bank,https://www.mizuhobank.co.jp/takarakuji/check/loto/backnumber/detail.html?fromto=761_780&type=miniloto,2026-08-21T01:53:41.066041+00:00,50776979b03553f5eeea7a42e47c4ddac3eb1fa8ac0a2753f46c3aa9d798f740
MINI_LOTO,777,2014-07-22,4,10,20,22,24,,21,mizuho_bank,https://www.mizuhobank.co.jp/takarakuji/check/loto/backnumber/detail.html?fromto=761_780&type=miniloto,2026-08-21T01:53:41.066041+00:00,50776979b03553f5eeea7a42e47c4ddac3eb1fa8ac0a2753f46c3aa9d798f740
MINI_LOTO,778,2014-07-29,10,13,14,26,30,,18,mizuho_bank,https://www.mizuhobank.co.jp/takarakuji/check/loto/backnumber/detail.html?fromto=761_780&type=miniloto,2026-08-21T01:53:41.066041+00:00,50776979b03553f5eeea7a42e47c4ddac3eb1fa8ac0a2753f46c3aa9d798f740
MINI_LOTO,779,2014-08-05,1,8,9,10,13,,18,mizuho_bank,https://www.mizuhobank.co.jp/takarakuji/check/loto/backnumber/detail.html?fromto=761_780&type=miniloto,2026-08-21T01:53:41.066041+00:00,50776979b03553f5eeea7a42e47c4ddac3eb1fa8ac0a2753f46c3aa9d798f740
MINI_LOTO,780,2014-08-12,13,15,16,18,20,,7,mizuho_bank,https://www.mizuhobank.co.jp/takarakuji/check/loto/backnumber/detail.html?fromto=761_780&type=miniloto,2026-08-21T01:53:41.066041+00:00,50776979b03553f5eeea7a42e47c4ddac3eb1fa8ac0a2753f46c3aa9d798f740
MINI_LOTO,781,2014-08-19,2,7,10,21,24,,4,mizuho_bank,https://www.mizuhobank.co.jp/takarakuji/check/loto/backnumber/detail.html?fromto=781_800&type=miniloto,2026-08-21T01:53:40.433700+00:00,86cef7a4f65f4d8a8179760c429ae92af11d82c7d0d480cfb34247743651ccc6
MINI_LOTO,782,2014-08-26,4,7,9,14,21,,26,mizuho_bank,https://www.mizuhobank.co.jp/takarakuji/check/loto/backnumber/detail.html?fromto=781_800&type=miniloto,2026-08-21T01:53:40.433700+00:00,86cef7a4f65f4d8a8179760c429ae92af11d82c7d0d480cfb34247743651ccc6
MINI_LOTO,783,2014-09-02,4,5,10,15,20,,8,mizuho_bank,https://www.mizuhobank.co.jp/takarakuji/check/loto/backnumber/detail.html?fromto=781_800&type=miniloto,2026-08-21T01:53:40.433700+00:00,86cef7a4f65f4d8a8179760c429ae92af11d82c7d0d480cfb34247743651ccc6
MINI_LOTO,784,2014-09-09,14,19,21,25,29,,8,mizuho_bank,https://www.mizuhobank.co.jp/takarakuji/check/loto/backnumber/detail.html?fromto=781_800&type=miniloto,2026-08-21T01:53:40.433700+00:00,86cef7a4f65f4d8a8179760c429ae92af11d82c7d0d480cfb34247743651ccc6
MINI_LOTO,785,2014-09-16,7,21,22,26,28,,5,mizuho_bank,https://www.mizuhobank.co.jp/takarakuji/check/loto/backnumber/detail.html?fromto=781_800&type=miniloto,2026-08-21T01:53:40.433700+00:00,86cef7a4f65f4d8a8179760c429ae92af11d82c7d0d480cfb34247743651ccc6
MINI_LOTO,786,2014-09-23,5,6,21,28,29,,7,mizuho_bank,https://www.mizuhobank.co.jp/takarakuji/check/loto/backnumber/detail.html?fromto=781_800&type=miniloto,2026-08-21T01:53:40.433700+00:00,86cef7a4f65f4d8a8179760c429ae92af11d82c7d0d480cfb34247743651ccc6
MINI_LOTO,787,2014-09-30,11,15,22,26,31,,7,mizuho_bank,https://www.mizuhobank.co.jp/takarakuji/check/loto/backnumber/detail.html?fromto=781_800&type=miniloto,2026-08-21T01:53:40.433700+00:00,86cef7a4f65f4d8a8179760c429ae92af11d82c7d0d480cfb34247743651ccc6
MINI_LOTO,788,2014-10-07,1,21,28,29,30,,15,mizuho_bank,https://www.mizuhobank.co.jp/takarakuji/check/loto/backnumber/detail.html?fromto=781_800&type=miniloto,2026-08-21T01:53:40.433700+00:00,86cef7a4f65f4d8a8179760c429ae92af11d82c7d0d480cfb34247743651ccc6
MINI_LOTO,789,2014-10-14,4,5,11,16,31,,19,mizuho_bank,https://www.mizuhobank.co.jp/takarakuji/check/loto/backnumber/detail.html?fromto=781_800&type=miniloto,2026-08-21T01:53:40.433700+00:00,86cef7a4f65f4d8a8179760c429ae92af11d82c7d0d480cfb34247743651ccc6
MINI_LOTO,790,2014-10-21,11,13,15,19,21,,7,mizuho_bank,https://www.mizuhobank.co.jp/takarakuji/check/loto/backnumber/detail.html?fromto=781_800&type=miniloto,2026-08-21T01:53:40.433700+00:00,86cef7a4f65f4d8a8179760c429ae92af11d82c7d0d480cfb34247743651ccc6
MINI_LOTO,791,2014-10-28,6,16,18,30,31,,10,mizuho_bank,https://www.mizuhobank.co.jp/takarakuji/check/loto/backnumber/detail.html?fromto=781_800&type=miniloto,2026-08-21T01:53:40.433700+00:00,86cef7a4f65f4d8a8179760c429ae92af11d82c7d0d480cfb34247743651ccc6
MINI_LOTO,792,2014-11-04,12,13,15,18,22,,28,mizuho_bank,https://www.mizuhobank.co.jp/takarakuji/check/loto/backnumber/detail.html?fromto=781_800&type=miniloto,2026-08-21T01:53:40.433700+00:00,86cef7a4f65f4d8a8179760c429ae92af11d82c7d0d480cfb34247743651ccc6
MINI_LOTO,793,2014-11-11,6,10,18,20,31,,24,mizuho_bank,https://www.mizuhobank.co.jp/takarakuji/check/loto/backnumber/detail.html?fromto=781_800&type=miniloto,2026-08-21T01:53:40.433700+00:00,86cef7a4f65f4d8a8179760c429ae92af11d82c7d0d480cfb34247743651ccc6
MINI_LOTO,794,2014-11-18,3,4,8,10,31,,7,mizuho_bank,https://www.mizuhobank.co.jp/takarakuji/check/loto/backnumber/detail.html?fromto=781_800&type=miniloto,2026-08-21T01:53:40.433700+00:00,86cef7a4f65f4d8a8179760c429ae92af11d82c7d0d480cfb34247743651ccc6
MINI_LOTO,795,2014-11-25,2,6,11,14,18,,1,mizuho_bank,https://www.mizuhobank.co.jp/takarakuji/check/loto/backnumber/detail.html?fromto=781_800&type=miniloto,2026-08-21T01:53:40.433700+00:00,86cef7a4f65f4d8a8179760c429ae92af11d82c7d0d480cfb34247743651ccc6
MINI_LOTO,796,2014-12-02,3,10,19,21,30,,7,mizuho_bank,https://www.mizuhobank.co.jp/takarakuji/check/loto/backnumber/detail.html?fromto=781_800&type=miniloto,2026-08-21T01:53:40.433700+00:00,86cef7a4f65f4d8a8179760c429ae92af11d82c7d0d480cfb34247743651ccc6
MINI_LOTO,797,2014-12-09,8,9,29,30,31,,18,mizuho_bank,https://www.mizuhobank.co.jp/takarakuji/check/loto/backnumber/detail.html?fromto=781_800&type=miniloto,2026-08-21T01:53:40.433700+00:00,86cef7a4f65f4d8a8179760c429ae92af11d82c7d0d480cfb34247743651ccc6
MINI_LOTO,798,2014-12-16,3,8,10,23,27,,12,mizuho_bank,https://www.mizuhobank.co.jp/takarakuji/check/loto/backnumber/detail.html?fromto=781_800&type=miniloto,2026-08-21T01:53:40.433700+00:00,86cef7a4f65f4d8a8179760c429ae92af11d82c7d0d480cfb34247743651ccc6
MINI_LOTO,799,2014-12-23,1,2,17,19,26,,24,mizuho_bank,https://www.mizuhobank.co.jp/takarakuji/check/loto/backnumber/detail.html?fromto=781_800&type=miniloto,2026-08-21T01:53:40.433700+00:00,86cef7a4f65f4d8a8179760c429ae92af11d82c7d0d480cfb34247743651ccc6
MINI_LOTO,800,2014-12-30,1,19,20,22,25,,2,mizuho_bank,https://www.mizuhobank.co.jp/takarakuji/check/loto/backnumber/detail.html?fromto=781_800&type=miniloto,2026-08-21T01:53:40.433700+00:00,86cef7a4f65f4d8a8179760c429ae92af11d82c7d0d480cfb34247743651ccc6
MINI_LOTO,801,2015-01-06,5,7,20,22,25,,17,mizuho_bank,https://www.mizuhobank.co.jp/takarakuji/check/loto/backnumber/detail.html?fromto=801_820&type=miniloto,2026-08-21T01:53:39.800441+00:00,1a581637d105f11247583d7f841b5245c0e7b1aadc7ec1eb87bf315e62b4a83a
MINI_LOTO,802,2015-01-13,5,9,21,29,31,,6,mizuho_bank,https://www.mizuhobank.co.jp/takarakuji/check/loto/backnumber/detail.html?fromto=801_820&type=miniloto,2026-08-21T01:53:39.800441+00:00,1a581637d105f11247583d7f841b5245c0e7b1aadc7ec1eb87bf315e62b4a83a
MINI_LOTO,803,2015-01-20,2,4,18,19,27,,23,mizuho_bank,https://www.mizuhobank.co.jp/takarakuji/check/loto/backnumber/detail.html?fromto=801_820&type=miniloto,2026-08-21T01:53:39.800441+00:00,1a581637d105f11247583d7f841b5245c0e7b1aadc7ec1eb87bf315e62b4a83a
MINI_LOTO,804,2015-01-27,7,8,9,12,29,,26,mizuho_bank,https://www.mizuhobank.co.jp/takarakuji/check/loto/backnumber/detail.html?fromto=801_820&type=miniloto,2026-08-21T01:53:39.800441+00:00,1a581637d105f11247583d7f841b5245c0e7b1aadc7ec1eb87bf315e62b4a83a
MINI_LOTO,805,2015-02-03,8,9,11,17,30,,3,mizuho_bank,https://www.mizuhobank.co.jp/takarakuji/check/loto/backnumber/detail.html?fromto=801_820&type=miniloto,2026-08-21T01:53:39.800441+00:00,1a581637d105f11247583d7f841b5245c0e7b1aadc7ec1eb87bf315e62b4a83a
MINI_LOTO,806,2015-02-10,3,11,21,23,28,,24,mizuho_bank,https://www.mizuhobank.co.jp/takarakuji/check/loto/backnumber/detail.html?fromto=801_820&type=miniloto,2026-08-21T01:53:39.800441+00:00,1a581637d105f11247583d7f841b5245c0e7b1aadc7ec1eb87bf315e62b4a83a
MINI_LOTO,807,2015-02-17,5,7,13,17,19,,3,mizuho_bank,https://www.mizuhobank.co.jp/takarakuji/check/loto/backnumber/detail.html?fromto=801_820&type=miniloto,2026-08-21T01:53:39.800441+00:00,1a581637d105f11247583d7f841b5245c0e7b1aadc7ec1eb87bf315e62b4a83a
MINI_LOTO,808,2015-02-24,8,9,26,27,30,,3,mizuho_bank,https://www.mizuhobank.co.jp/takarakuji/check/loto/backnumber/detail.html?fromto=801_820&type=miniloto,2026-08-21T01:53:39.800441+00:00,1a581637d105f11247583d7f841b5245c0e7b1aadc7ec1eb87bf315e62b4a83a
MINI_LOTO,809,2015-03-03,2,8,11,13,25,,1,mizuho_bank,https://www.mizuhobank.co.jp/takarakuji/check/loto/backnumber/detail.html?fromto=801_820&type=miniloto,2026-08-21T01:53:39.800441+00:00,1a581637d105f11247583d7f841b5245c0e7b1aadc7ec1eb87bf315e62b4a83a
MINI_LOTO,810,2015-03-10,6,12,15,16,31,,17,mizuho_bank,https://www.mizuhobank.co.jp/takarakuji/check/loto/backnumber/detail.html?fromto=801_820&type=miniloto,2026-08-21T01:53:39.800441+00:00,1a581637d105f11247583d7f841b5245c0e7b1aadc7ec1eb87bf315e62b4a83a
MINI_LOTO,811,2015-03-17,8,9,10,13,21,,18,mizuho_bank,https://www.mizuhobank.co.jp/takarakuji/check/loto/backnumber/detail.html?fromto=801_820&type=miniloto,2026-08-21T01:53:39.800441+00:00,1a581637d105f11247583d7f841b5245c0e7b1aadc7ec1eb87bf315e62b4a83a
MINI_LOTO,812,2015-03-24,2,16,17,22,25,,13,mizuho_bank,https://www.mizuhobank.co.jp/takarakuji/check/loto/backnumber/detail.html?fromto=801_820&type=miniloto,2026-08-21T01:53:39.800441+00:00,1a581637d105f11247583d7f841b5245c0e7b1aadc7ec1eb87bf315e62b4a83a
MINI_LOTO,813,2015-03-31,3,6,9,14,15,,17,mizuho_bank,https://www.mizuhobank.co.jp/takarakuji/check/loto/backnumber/detail.html?fromto=801_820&type=miniloto,2026-08-21T01:53:39.800441+00:00,1a581637d105f11247583d7f841b5245c0e7b1aadc7ec1eb87bf315e62b4a83a
MINI_LOTO,814,2015-04-07,2,3,12,25,31,,28,mizuho_bank,https://www.mizuhobank.co.jp/takarakuji/check/loto/backnumber/detail.html?fromto=801_820&type=miniloto,2026-08-21T01:53:39.800441+00:00,1a581637d105f11247583d7f841b5245c0e7b1aadc7ec1eb87bf315e62b4a83a
MINI_LOTO,815,2015-04-14,20,21,26,27,28,,3,mizuho_bank,https://www.mizuhobank.co.jp/takarakuji/check/loto/backnumber/detail.html?fromto=801_820&type=miniloto,2026-08-21T01:53:39.800441+00:00,1a581637d105f11247583d7f841b5245c0e7b1aadc7ec1eb87bf315e62b4a83a
MINI_LOTO,816,2015-04-21,1,5,7,14,18,,12,mizuho_bank,https://www.mizuhobank.co.jp/takarakuji/check/loto/backnumber/detail.html?fromto=801_820&type=miniloto,2026-08-21T01:53:39.800441+00:00,1a581637d105f11247583d7f841b5245c0e7b1aadc7ec1eb87bf315e62b4a83a
MINI_LOTO,817,2015-04-28,1,10,23,27,29,,18,mizuho_bank,https://www.mizuhobank.co.jp/takarakuji/check/loto/backnumber/detail.html?fromto=801_820&type=miniloto,2026-08-21T01:53:39.800441+00:00,1a581637d105f11247583d7f841b5245c0e7b1aadc7ec1eb87bf315e62b4a83a
MINI_LOTO,818,2015-05-05,5,9,14,16,18,,3,mizuho_bank,https://www.mizuhobank.co.jp/takarakuji/check/loto/backnumber/detail.html?fromto=801_820&type=miniloto,2026-08-21T01:53:39.800441+00:00,1a581637d105f11247583d7f841b5245c0e7b1aadc7ec1eb87bf315e62b4a83a
MINI_LOTO,819,2015-05-12,2,9,14,15,24,,13,mizuho_bank,https://www.mizuhobank.co.jp/takarakuji/check/loto/backnumber/detail.html?fromto=801_820&type=miniloto,2026-08-21T01:53:39.800441+00:00,1a581637d105f11247583d7f841b5245c0e7b1aadc7ec1eb87bf315e62b4a83a
MINI_LOTO,820,2015-05-19,8,12,20,21,31,,19,mizuho_bank,https://www.mizuhobank.co.jp/takarakuji/check/loto/backnumber/detail.html?fromto=801_820&type=miniloto,2026-08-21T01:53:39.800441+00:00,1a581637d105f11247583d7f841b5245c0e7b1aadc7ec1eb87bf315e62b4a83a
MINI_LOTO,821,2015-05-26,6,8,18,21,23,,30,mizuho_bank,https://www.mizuhobank.co.jp/takarakuji/check/loto/backnumber/detail.html?fromto=821_840&type=miniloto,2026-08-21T01:53:38.960105+00:00,1215bd49cd0bacc134150bcef258b97b7a48b0342c3268116c4f133267c31516
MINI_LOTO,822,2015-06-02,7,8,10,17,28,,4,mizuho_bank,https://www.mizuhobank.co.jp/takarakuji/check/loto/backnumber/detail.html?fromto=821_840&type=miniloto,2026-08-21T01:53:38.960105+00:00,1215bd49cd0bacc134150bcef258b97b7a48b0342c3268116c4f133267c31516
MINI_LOTO,823,2015-06-09,6,10,14,18,23,,9,mizuho_bank,https://www.mizuhobank.co.jp/takarakuji/check/loto/backnumber/detail.html?fromto=821_840&type=miniloto,2026-08-21T01:53:38.960105+00:00,1215bd49cd0bacc134150bcef258b97b7a48b0342c3268116c4f133267c31516
MINI_LOTO,824,2015-06-16,4,16,22,28,29,,10,mizuho_bank,https://www.mizuhobank.co.jp/takarakuji/check/loto/backnumber/detail.html?fromto=821_840&type=miniloto,2026-08-21T01:53:38.960105+00:00,1215bd49cd0bacc134150bcef258b97b7a48b0342c3268116c4f133267c31516
MINI_LOTO,825,2015-06-23,3,8,12,21,26,,19,mizuho_bank,https://www.mizuhobank.co.jp/takarakuji/check/loto/backnumber/detail.html?fromto=821_840&type=miniloto,2026-08-21T01:53:38.960105+00:00,1215bd49cd0bacc134150bcef258b97b7a48b0342c3268116c4f133267c31516
MINI_LOTO,826,2015-06-30,1,8,21,23,27,,22,mizuho_bank,https://www.mizuhobank.co.jp/takarakuji/check/loto/backnumber/detail.html?fromto=821_840&type=miniloto,2026-08-21T01:53:38.960105+00:00,1215bd49cd0bacc134150bcef258b97b7a48b0342c3268116c4f133267c31516
MINI_LOTO,827,2015-07-07,3,4,6,23,31,,10,mizuho_bank,https://www.mizuhobank.co.jp/takarakuji/check/loto/backnumber/detail.html?fromto=821_840&type=miniloto,2026-08-21T01:53:38.960105+00:00,1215bd49cd0bacc134150bcef258b97b7a48b0342c3268116c4f133267c31516
MINI_LOTO,828,2015-07-14,2,8,11,15,26,,3,mizuho_bank,https://www.mizuhobank.co.jp/takarakuji/check/loto/backnumber/detail.html?fromto=821_840&type=miniloto,2026-08-21T01:53:38.960105+00:00,1215bd49cd0bacc134150bcef258b97b7a48b0342c3268116c4f133267c31516
MINI_LOTO,829,2015-07-21,8,12,19,23,31,,6,mizuho_bank,https://www.mizuhobank.co.jp/takarakuji/check/loto/backnumber/detail.html?fromto=821_840&type=miniloto,2026-08-21T01:53:38.960105+00:00,1215bd49cd0bacc134150bcef258b97b7a48b0342c3268116c4f133267c31516
MINI_LOTO,830,2015-07-28,5,6,20,23,29,,15,mizuho_bank,https://www.mizuhobank.co.jp/takarakuji/check/loto/backnumber/detail.html?fromto=821_840&type=miniloto,2026-08-21T01:53:38.960105+00:00,1215bd49cd0bacc134150bcef258b97b7a48b0342c3268116c4f133267c31516
MINI_LOTO,831,2015-08-04,7,9,17,19,21,,3,mizuho_bank,https://www.mizuhobank.co.jp/takarakuji/check/loto/backnumber/detail.html?fromto=821_840&type=miniloto,2026-08-21T01:53:38.960105+00:00,1215bd49cd0bacc134150bcef258b97b7a48b0342c3268116c4f133267c31516
MINI_LOTO,832,2015-08-11,9,10,15,19,31,,24,mizuho_bank,https://www.mizuhobank.co.jp/takarakuji/check/loto/backnumber/detail.html?fromto=821_840&type=miniloto,2026-08-21T01:53:38.960105+00:00,1215bd49cd0bacc134150bcef258b97b7a48b0342c3268116c4f133267c31516
MINI_LOTO,833,2015-08-18,6,9,15,24,28,,12,mizuho_bank,https://www.mizuhobank.co.jp/takarakuji/check/loto/backnumber/detail.html?fromto=821_840&type=miniloto,2026-08-21T01:53:38.960105+00:00,1215bd49cd0bacc134150bcef258b97b7a48b0342c3268116c4f133267c31516
MINI_LOTO,834,2015-08-25,5,13,21,25,26,,2,mizuho_bank,https://www.mizuhobank.co.jp/takarakuji/check/loto/backnumber/detail.html?fromto=821_840&type=miniloto,2026-08-21T01:53:38.960105+00:00,1215bd49cd0bacc134150bcef258b97b7a48b0342c3268116c4f133267c31516
MINI_LOTO,835,2015-09-01,1,9,11,23,29,,17,mizuho_bank,https://www.mizuhobank.co.jp/takarakuji/check/loto/backnumber/detail.html?fromto=821_840&type=miniloto,2026-08-21T01:53:38.960105+00:00,1215bd49cd0bacc134150bcef258b97b7a48b0342c3268116c4f133267c31516
MINI_LOTO,836,2015-09-08,5,15,20,28,29,,10,mizuho_bank,https://www.mizuhobank.co.jp/takarakuji/check/loto/backnumber/detail.html?fromto=821_840&type=miniloto,2026-08-21T01:53:38.960105+00:00,1215bd49cd0bacc134150bcef258b97b7a48b0342c3268116c4f133267c31516
MINI_LOTO,837,2015-09-15,4,5,9,24,25,,31,mizuho_bank,https://www.mizuhobank.co.jp/takarakuji/check/loto/backnumber/detail.html?fromto=821_840&type=miniloto,2026-08-21T01:53:38.960105+00:00,1215bd49cd0bacc134150bcef258b97b7a48b0342c3268116c4f133267c31516
MINI_LOTO,838,2015-09-22,4,6,11,12,15,,22,mizuho_bank,https://www.mizuhobank.co.jp/takarakuji/check/loto/backnumber/detail.html?fromto=821_840&type=miniloto,2026-08-21T01:53:38.960105+00:00,1215bd49cd0bacc134150bcef258b97b7a48b0342c3268116c4f133267c31516
MINI_LOTO,839,2015-09-29,2,6,14,27,30,,12,mizuho_bank,https://www.mizuhobank.co.jp/takarakuji/check/loto/backnumber/detail.html?fromto=821_840&type=miniloto,2026-08-21T01:53:38.960105+00:00,1215bd49cd0bacc134150bcef258b97b7a48b0342c3268116c4f133267c31516
MINI_LOTO,840,2015-10-06,1,5,11,15,31,,8,mizuho_bank,https://www.mizuhobank.co.jp/takarakuji/check/loto/backnumber/detail.html?fromto=821_840&type=miniloto,2026-08-21T01:53:38.960105+00:00,1215bd49cd0bacc134150bcef258b97b7a48b0342c3268116c4f133267c31516
MINI_LOTO,841,2015-10-13,5,6,7,13,18,,8,mizuho_bank,https://www.mizuhobank.co.jp/takarakuji/check/loto/backnumber/detail.html?fromto=841_860&type=miniloto,2026-08-21T01:53:38.324556+00:00,16a7c77b93a01dc90fe359573852ad628fc547bccdb4c61802f3e3c59fa8eff6
MINI_LOTO,842,2015-10-20,9,18,20,24,25,,4,mizuho_bank,https://www.mizuhobank.co.jp/takarakuji/check/loto/backnumber/detail.html?fromto=841_860&type=miniloto,2026-08-21T01:53:38.324556+00:00,16a7c77b93a01dc90fe359573852ad628fc547bccdb4c61802f3e3c59fa8eff6
MINI_LOTO,843,2015-10-27,2,14,23,28,30,,26,mizuho_bank,https://www.mizuhobank.co.jp/takarakuji/check/loto/backnumber/detail.html?fromto=841_860&type=miniloto,2026-08-21T01:53:38.324556+00:00,16a7c77b93a01dc90fe359573852ad628fc547bccdb4c61802f3e3c59fa8eff6
MINI_LOTO,844,2015-11-03,3,11,14,22,26,,1,mizuho_bank,https://www.mizuhobank.co.jp/takarakuji/check/loto/backnumber/detail.html?fromto=841_860&type=miniloto,2026-08-21T01:53:38.324556+00:00,16a7c77b93a01dc90fe359573852ad628fc547bccdb4c61802f3e3c59fa8eff6
MINI_LOTO,845,2015-11-10,3,10,22,24,30,,28,mizuho_bank,https://www.mizuhobank.co.jp/takarakuji/check/loto/backnumber/detail.html?fromto=841_860&type=miniloto,2026-08-21T01:53:38.324556+00:00,16a7c77b93a01dc90fe359573852ad628fc547bccdb4c61802f3e3c59fa8eff6
MINI_LOTO,846,2015-11-17,1,17,27,30,31,,8,mizuho_bank,https://www.mizuhobank.co.jp/takarakuji/check/loto/backnumber/detail.html?fromto=841_860&type=miniloto,2026-08-21T01:53:38.324556+00:00,16a7c77b93a01dc90fe359573852ad628fc547bccdb4c61802f3e3c59fa8eff6
MINI_LOTO,847,2015-11-24,7,18,19,21,31,,15,mizuho_bank,https://www.mizuhobank.co.jp/takarakuji/check/loto/backnumber/detail.html?fromto=841_860&type=miniloto,2026-08-21T01:53:38.324556+00:00,16a7c77b93a01dc90fe359573852ad628fc547bccdb4c61802f3e3c59fa8eff6
MINI_LOTO,848,2015-12-01,2,3,22,29,31,,1,mizuho_bank,https://www.mizuhobank.co.jp/takarakuji/check/loto/backnumber/detail.html?fromto=841_860&type=miniloto,2026-08-21T01:53:38.324556+00:00,16a7c77b93a01dc90fe359573852ad628fc547bccdb4c61802f3e3c59fa8eff6
MINI_LOTO,849,2015-12-08,4,14,17,19,20,,26,mizuho_bank,https://www.mizuhobank.co.jp/takarakuji/check/loto/backnumber/detail.html?fromto=841_860&type=miniloto,2026-08-21T01:53:38.324556+00:00,16a7c77b93a01dc90fe359573852ad628fc547bccdb4c61802f3e3c59fa8eff6
MINI_LOTO,850,2015-12-15,1,2,13,15,18,,28,mizuho_bank,https://www.mizuhobank.co.jp/takarakuji/check/loto/backnumber/detail.html?fromto=841_860&type=miniloto,2026-08-21T01:53:38.324556+00:00,16a7c77b93a01dc90fe359573852ad628fc547bccdb4c61802f3e3c59fa8eff6
MINI_LOTO,851,2015-12-22,10,19,20,24,31,,23,mizuho_bank,https://www.mizuhobank.co.jp/takarakuji/check/loto/backnumber/detail.html?fromto=841_860&type=miniloto,2026-08-21T01:53:38.324556+00:00,16a7c77b93a01dc90fe359573852ad628fc547bccdb4c61802f3e3c59fa8eff6
MINI_LOTO,852,2015-12-29,2,9,15,18,22,,12,mizuho_bank,https://www.mizuhobank.co.jp/takarakuji/check/loto/backnumber/detail.html?fromto=841_860&type=miniloto,2026-08-21T01:53:38.324556+00:00,16a7c77b93a01dc90fe359573852ad628fc547bccdb4c61802f3e3c59fa8eff6
MINI_LOTO,853,2016-01-05,6,11,17,18,30,,28,mizuho_bank,https://www.mizuhobank.co.jp/takarakuji/check/loto/backnumber/detail.html?fromto=841_860&type=miniloto,2026-08-21T01:53:38.324556+00:00,16a7c77b93a01dc90fe359573852ad628fc547bccdb4c61802f3e3c59fa8eff6
MINI_LOTO,854,2016-01-12,3,16,22,23,31,,10,mizuho_bank,https://www.mizuhobank.co.jp/takarakuji/check/loto/backnumber/detail.html?fromto=841_860&type=miniloto,2026-08-21T01:53:38.324556+00:00,16a7c77b93a01dc90fe359573852ad628fc547bccdb4c61802f3e3c59fa8eff6
MINI_LOTO,855,2016-01-19,2,7,17,22,24,,25,mizuho_bank,https://www.mizuhobank.co.jp/takarakuji/check/loto/backnumber/detail.html?fromto=841_860&type=miniloto,2026-08-21T01:53:38.324556+00:00,16a7c77b93a01dc90fe359573852ad628fc547bccdb4c61802f3e3c59fa8eff6
MINI_LOTO,856,2016-01-26,1,10,15,24,29,,9,mizuho_bank,https://www.mizuhobank.co.jp/takarakuji/check/loto/backnumber/detail.html?fromto=841_860&type=miniloto,2026-08-21T01:53:38.324556+00:00,16a7c77b93a01dc90fe359573852ad628fc547bccdb4c61802f3e3c59fa8eff6
MINI_LOTO,857,2016-02-02,2,4,21,24,28,,29,mizuho_bank,https://www.mizuhobank.co.jp/takarakuji/check/loto/backnumber/detail.html?fromto=841_860&type=miniloto,2026-08-21T01:53:38.324556+00:00,16a7c77b93a01dc90fe359573852ad628fc547bccdb4c61802f3e3c59fa8eff6
MINI_LOTO,858,2016-02-09,6,14,15,25,26,,22,mizuho_bank,https://www.mizuhobank.co.jp/takarakuji/check/loto/backnumber/detail.html?fromto=841_860&type=miniloto,2026-08-21T01:53:38.324556+00:00,16a7c77b93a01dc90fe359573852ad628fc547bccdb4c61802f3e3c59fa8eff6
MINI_LOTO,859,2016-02-16,13,17,19,28,31,,25,mizuho_bank,https://www.mizuhobank.co.jp/takarakuji/check/loto/backnumber/detail.html?fromto=841_860&type=miniloto,2026-08-21T01:53:38.324556+00:00,16a7c77b93a01dc90fe359573852ad628fc547bccdb4c61802f3e3c59fa8eff6
MINI_LOTO,860,2016-02-23,8,9,21,30,31,,7,mizuho_bank,https://www.mizuhobank.co.jp/takarakuji/check/loto/backnumber/detail.html?fromto=841_860&type=miniloto,2026-08-21T01:53:38.324556+00:00,16a7c77b93a01dc90fe359573852ad628fc547bccdb4c61802f3e3c59fa8eff6
MINI_LOTO,861,2016-03-01,4,8,12,17,27,,3,mizuho_bank,https://www.mizuhobank.co.jp/takarakuji/check/loto/backnumber/detail.html?fromto=861_880&type=miniloto,2026-08-21T01:53:37.490895+00:00,1e1e2a5c6c4ae254dafad1642c1c410c8e5a038d05f652576e18065ba6bf9297
MINI_LOTO,862,2016-03-08,3,7,9,13,23,,6,mizuho_bank,https://www.mizuhobank.co.jp/takarakuji/check/loto/backnumber/detail.html?fromto=861_880&type=miniloto,2026-08-21T01:53:37.490895+00:00,1e1e2a5c6c4ae254dafad1642c1c410c8e5a038d05f652576e18065ba6bf9297
MINI_LOTO,863,2016-03-15,1,2,11,27,28,,21,mizuho_bank,https://www.mizuhobank.co.jp/takarakuji/check/loto/backnumber/detail.html?fromto=861_880&type=miniloto,2026-08-21T01:53:37.490895+00:00,1e1e2a5c6c4ae254dafad1642c1c410c8e5a038d05f652576e18065ba6bf9297
MINI_LOTO,864,2016-03-22,14,18,26,28,30,,8,mizuho_bank,https://www.mizuhobank.co.jp/takarakuji/check/loto/backnumber/detail.html?fromto=861_880&type=miniloto,2026-08-21T01:53:37.490895+00:00,1e1e2a5c6c4ae254dafad1642c1c410c8e5a038d05f652576e18065ba6bf9297
MINI_LOTO,865,2016-03-29,3,8,16,17,31,,9,mizuho_bank,https://www.mizuhobank.co.jp/takarakuji/check/loto/backnumber/detail.html?fromto=861_880&type=miniloto,2026-08-21T01:53:37.490895+00:00,1e1e2a5c6c4ae254dafad1642c1c410c8e5a038d05f652576e18065ba6bf9297
MINI_LOTO,866,2016-04-05,4,16,18,26,28,,9,mizuho_bank,https://www.mizuhobank.co.jp/takarakuji/check/loto/backnumber/detail.html?fromto=861_880&type=miniloto,2026-08-21T01:53:37.490895+00:00,1e1e2a5c6c4ae254dafad1642c1c410c8e5a038d05f652576e18065ba6bf9297
MINI_LOTO,867,2016-04-12,13,23,24,28,30,,31,mizuho_bank,https://www.mizuhobank.co.jp/takarakuji/check/loto/backnumber/detail.html?fromto=861_880&type=miniloto,2026-08-21T01:53:37.490895+00:00,1e1e2a5c6c4ae254dafad1642c1c410c8e5a038d05f652576e18065ba6bf9297
MINI_LOTO,868,2016-04-19,1,9,14,25,30,,31,mizuho_bank,https://www.mizuhobank.co.jp/takarakuji/check/loto/backnumber/detail.html?fromto=861_880&type=miniloto,2026-08-21T01:53:37.490895+00:00,1e1e2a5c6c4ae254dafad1642c1c410c8e5a038d05f652576e18065ba6bf9297
MINI_LOTO,869,2016-04-26,2,14,16,19,30,,5,mizuho_bank,https://www.mizuhobank.co.jp/takarakuji/check/loto/backnumber/detail.html?fromto=861_880&type=miniloto,2026-08-21T01:53:37.490895+00:00,1e1e2a5c6c4ae254dafad1642c1c410c8e5a038d05f652576e18065ba6bf9297
MINI_LOTO,870,2016-05-03,3,12,22,23,31,,24,mizuho_bank,https://www.mizuhobank.co.jp/takarakuji/check/loto/backnumber/detail.html?fromto=861_880&type=miniloto,2026-08-21T01:53:37.490895+00:00,1e1e2a5c6c4ae254dafad1642c1c410c8e5a038d05f652576e18065ba6bf9297
MINI_LOTO,871,2016-05-10,4,17,24,27,31,,19,mizuho_bank,https://www.mizuhobank.co.jp/takarakuji/check/loto/backnumber/detail.html?fromto=861_880&type=miniloto,2026-08-21T01:53:37.490895+00:00,1e1e2a5c6c4ae254dafad1642c1c410c8e5a038d05f652576e18065ba6bf9297
MINI_LOTO,872,2016-05-17,15,16,24,28,30,,26,mizuho_bank,https://www.mizuhobank.co.jp/takarakuji/check/loto/backnumber/detail.html?fromto=861_880&type=miniloto,2026-08-21T01:53:37.490895+00:00,1e1e2a5c6c4ae254dafad1642c1c410c8e5a038d05f652576e18065ba6bf9297
MINI_LOTO,873,2016-05-24,4,6,10,23,29,,3,mizuho_bank,https://www.mizuhobank.co.jp/takarakuji/check/loto/backnumber/detail.html?fromto=861_880&type=miniloto,2026-08-21T01:53:37.490895+00:00,1e1e2a5c6c4ae254dafad1642c1c410c8e5a038d05f652576e18065ba6bf9297
MINI_LOTO,874,2016-05-31,6,7,8,22,24,,18,mizuho_bank,https://www.mizuhobank.co.jp/takarakuji/check/loto/backnumber/detail.html?fromto=861_880&type=miniloto,2026-08-21T01:53:37.490895+00:00,1e1e2a5c6c4ae254dafad1642c1c410c8e5a038d05f652576e18065ba6bf9297
MINI_LOTO,875,2016-06-07,2,3,8,11,28,,10,mizuho_bank,https://www.mizuhobank.co.jp/takarakuji/check/loto/backnumber/detail.html?fromto=861_880&type=miniloto,2026-08-21T01:53:37.490895+00:00,1e1e2a5c6c4ae254dafad1642c1c410c8e5a038d05f652576e18065ba6bf9297
MINI_LOTO,876,2016-06-14,18,19,20,21,27,,15,mizuho_bank,https://www.mizuhobank.co.jp/takarakuji/check/loto/backnumber/detail.html?fromto=861_880&type=miniloto,2026-08-21T01:53:37.490895+00:00,1e1e2a5c6c4ae254dafad1642c1c410c8e5a038d05f652576e18065ba6bf9297
MINI_LOTO,877,2016-06-21,5,14,20,22,23,,16,mizuho_bank,https://www.mizuhobank.co.jp/takarakuji/check/loto/backnumber/detail.html?fromto=861_880&type=miniloto,2026-08-21T01:53:37.490895+00:00,1e1e2a5c6c4ae254dafad1642c1c410c8e5a038d05f652576e18065ba6bf9297
MINI_LOTO,878,2016-06-28,2,3,8,28,29,,26,mizuho_bank,https://www.mizuhobank.co.jp/takarakuji/check/loto/backnumber/detail.html?fromto=861_880&type=miniloto,2026-08-21T01:53:37.490895+00:00,1e1e2a5c6c4ae254dafad1642c1c410c8e5a038d05f652576e18065ba6bf9297
MINI_LOTO,879,2016-07-05,2,13,24,27,31,,12,mizuho_bank,https://www.mizuhobank.co.jp/takarakuji/check/loto/backnumber/detail.html?fromto=861_880&type=miniloto,2026-08-21T01:53:37.490895+00:00,1e1e2a5c6c4ae254dafad1642c1c410c8e5a038d05f652576e18065ba6bf9297
MINI_LOTO,880,2016-07-12,5,7,11,12,21,,18,mizuho_bank,https://www.mizuhobank.co.jp/takarakuji/check/loto/backnumber/detail.html?fromto=861_880&type=miniloto,2026-08-21T01:53:37.490895+00:00,1e1e2a5c6c4ae254dafad1642c1c410c8e5a038d05f652576e18065ba6bf9297
MINI_LOTO,881,2016-07-19,10,11,17,29,30,,15,mizuho_bank,https://www.mizuhobank.co.jp/takarakuji/check/loto/backnumber/detail.html?fromto=881_900&type=miniloto,2026-08-21T01:53:36.854269+00:00,429a55029aa9febc5af2dee188ca874d0e403fcf14cabd3874abf2600487d58c
MINI_LOTO,882,2016-07-26,2,7,8,18,30,,21,mizuho_bank,https://www.mizuhobank.co.jp/takarakuji/check/loto/backnumber/detail.html?fromto=881_900&type=miniloto,2026-08-21T01:53:36.854269+00:00,429a55029aa9febc5af2dee188ca874d0e403fcf14cabd3874abf2600487d58c
MINI_LOTO,883,2016-08-02,1,17,18,21,25,,23,mizuho_bank,https://www.mizuhobank.co.jp/takarakuji/check/loto/backnumber/detail.html?fromto=881_900&type=miniloto,2026-08-21T01:53:36.854269+00:00,429a55029aa9febc5af2dee188ca874d0e403fcf14cabd3874abf2600487d58c
MINI_LOTO,884,2016-08-09,7,10,22,27,31,,2,mizuho_bank,https://www.mizuhobank.co.jp/takarakuji/check/loto/backnumber/detail.html?fromto=881_900&type=miniloto,2026-08-21T01:53:36.854269+00:00,429a55029aa9febc5af2dee188ca874d0e403fcf14cabd3874abf2600487d58c
MINI_LOTO,885,2016-08-16,9,17,21,24,27,,11,mizuho_bank,https://www.mizuhobank.co.jp/takarakuji/check/loto/backnumber/detail.html?fromto=881_900&type=miniloto,2026-08-21T01:53:36.854269+00:00,429a55029aa9febc5af2dee188ca874d0e403fcf14cabd3874abf2600487d58c
MINI_LOTO,886,2016-08-23,1,11,20,23,29,,13,mizuho_bank,https://www.mizuhobank.co.jp/takarakuji/check/loto/backnumber/detail.html?fromto=881_900&type=miniloto,2026-08-21T01:53:36.854269+00:00,429a55029aa9febc5af2dee188ca874d0e403fcf14cabd3874abf2600487d58c
MINI_LOTO,887,2016-08-30,3,4,19,28,29,,23,mizuho_bank,https://www.mizuhobank.co.jp/takarakuji/check/loto/backnumber/detail.html?fromto=881_900&type=miniloto,2026-08-21T01:53:36.854269+00:00,429a55029aa9febc5af2dee188ca874d0e403fcf14cabd3874abf2600487d58c
MINI_LOTO,888,2016-09-06,6,17,24,29,31,,3,mizuho_bank,https://www.mizuhobank.co.jp/takarakuji/check/loto/backnumber/detail.html?fromto=881_900&type=miniloto,2026-08-21T01:53:36.854269+00:00,429a55029aa9febc5af2dee188ca874d0e403fcf14cabd3874abf2600487d58c
MINI_LOTO,889,2016-09-13,5,6,12,17,22,,23,mizuho_bank,https://www.mizuhobank.co.jp/takarakuji/check/loto/backnumber/detail.html?fromto=881_900&type=miniloto,2026-08-21T01:53:36.854269+00:00,429a55029aa9febc5af2dee188ca874d0e403fcf14cabd3874abf2600487d58c
MINI_LOTO,890,2016-09-20,1,7,12,24,31,,6,mizuho_bank,https://www.mizuhobank.co.jp/takarakuji/check/loto/backnumber/detail.html?fromto=881_900&type=miniloto,2026-08-21T01:53:36.854269+00:00,429a55029aa9febc5af2dee188ca874d0e403fcf14cabd3874abf2600487d58c
MINI_LOTO,891,2016-09-27,10,17,29,30,31,,25,mizuho_bank,https://www.mizuhobank.co.jp/takarakuji/check/loto/backnumber/detail.html?fromto=881_900&type=miniloto,2026-08-21T01:53:36.854269+00:00,429a55029aa9febc5af2dee188ca874d0e403fcf14cabd3874abf2600487d58c
MINI_LOTO,892,2016-10-04,2,3,12,19,21,,5,mizuho_bank,https://www.mizuhobank.co.jp/takarakuji/check/loto/backnumber/detail.html?fromto=881_900&type=miniloto,2026-08-21T01:53:36.854269+00:00,429a55029aa9febc5af2dee188ca874d0e403fcf14cabd3874abf2600487d58c
MINI_LOTO,893,2016-10-11,11,14,20,22,25,,5,mizuho_bank,https://www.mizuhobank.co.jp/takarakuji/check/loto/backnumber/detail.html?fromto=881_900&type=miniloto,2026-08-21T01:53:36.854269+00:00,429a55029aa9febc5af2dee188ca874d0e403fcf14cabd3874abf2600487d58c
MINI_LOTO,894,2016-10-18,11,16,21,23,30,,25,mizuho_bank,https://www.mizuhobank.co.jp/takarakuji/check/loto/backnumber/detail.html?fromto=881_900&type=miniloto,2026-08-21T01:53:36.854269+00:00,429a55029aa9febc5af2dee188ca874d0e403fcf14cabd3874abf2600487d58c
MINI_LOTO,895,2016-10-25,7,8,9,11,14,,22,mizuho_bank,https://www.mizuhobank.co.jp/takarakuji/check/loto/backnumber/detail.html?fromto=881_900&type=miniloto,2026-08-21T01:53:36.854269+00:00,429a55029aa9febc5af2dee188ca874d0e403fcf14cabd3874abf2600487d58c
MINI_LOTO,896,2016-11-01,11,13,16,17,26,,30,mizuho_bank,https://www.mizuhobank.co.jp/takarakuji/check/loto/backnumber/detail.html?fromto=881_900&type=miniloto,2026-08-21T01:53:36.854269+00:00,429a55029aa9febc5af2dee188ca874d0e403fcf14cabd3874abf2600487d58c
MINI_LOTO,897,2016-11-08,16,17,18,23,31,,29,mizuho_bank,https://www.mizuhobank.co.jp/takarakuji/check/loto/backnumber/detail.html?fromto=881_900&type=miniloto,2026-08-21T01:53:36.854269+00:00,429a55029aa9febc5af2dee188ca874d0e403fcf14cabd3874abf2600487d58c
MINI_LOTO,898,2016-11-15,5,7,20,24,25,,17,mizuho_bank,https://www.mizuhobank.co.jp/takarakuji/check/loto/backnumber/detail.html?fromto=881_900&type=miniloto,2026-08-21T01:53:36.854269+00:00,429a55029aa9febc5af2dee188ca874d0e403fcf14cabd3874abf2600487d58c
MINI_LOTO,899,2016-11-22,1,7,19,20,31,,29,mizuho_bank,https://www.mizuhobank.co.jp/takarakuji/check/loto/backnumber/detail.html?fromto=881_900&type=miniloto,2026-08-21T01:53:36.854269+00:00,429a55029aa9febc5af2dee188ca874d0e403fcf14cabd3874abf2600487d58c
MINI_LOTO,900,2016-11-29,1,15,18,22,25,,29,mizuho_bank,https://www.mizuhobank.co.jp/takarakuji/check/loto/backnumber/detail.html?fromto=881_900&type=miniloto,2026-08-21T01:53:36.854269+00:00,429a55029aa9febc5af2dee188ca874d0e403fcf14cabd3874abf2600487d58c
MINI_LOTO,901,2016-12-06,2,10,13,23,24,,27,mizuho_bank,https://www.mizuhobank.co.jp/takarakuji/check/loto/backnumber/detail.html?fromto=901_920&type=miniloto,2026-08-21T01:53:36.191786+00:00,8f0f0f1b11dad629b37169406987d36971ab01d2375a203016217c904ddbaebb
MINI_LOTO,902,2016-12-13,6,8,16,22,28,,27,mizuho_bank,https://www.mizuhobank.co.jp/takarakuji/check/loto/backnumber/detail.html?fromto=901_920&type=miniloto,2026-08-21T01:53:36.191786+00:00,8f0f0f1b11dad629b37169406987d36971ab01d2375a203016217c904ddbaebb
MINI_LOTO,903,2016-12-20,2,5,21,24,29,,4,mizuho_bank,https://www.mizuhobank.co.jp/takarakuji/check/loto/backnumber/detail.html?fromto=901_920&type=miniloto,2026-08-21T01:53:36.191786+00:00,8f0f0f1b11dad629b37169406987d36971ab01d2375a203016217c904ddbaebb
MINI_LOTO,904,2016-12-27,3,5,8,17,21,,14,mizuho_bank,https://www.mizuhobank.co.jp/takarakuji/check/loto/backnumber/detail.html?fromto=901_920&type=miniloto,2026-08-21T01:53:36.191786+00:00,8f0f0f1b11dad629b37169406987d36971ab01d2375a203016217c904ddbaebb
MINI_LOTO,905,2017-01-10,4,17,18,22,27,,10,mizuho_bank,https://www.mizuhobank.co.jp/takarakuji/check/loto/backnumber/detail.html?fromto=901_920&type=miniloto,2026-08-21T01:53:36.191786+00:00,8f0f0f1b11dad629b37169406987d36971ab01d2375a203016217c904ddbaebb
MINI_LOTO,906,2017-01-17,2,4,6,7,23,,26,mizuho_bank,https://www.mizuhobank.co.jp/takarakuji/check/loto/backnumber/detail.html?fromto=901_920&type=miniloto,2026-08-21T01:53:36.191786+00:00,8f0f0f1b11dad629b37169406987d36971ab01d2375a203016217c904ddbaebb
MINI_LOTO,907,2017-01-24,3,4,10,22,31,,6,mizuho_bank,https://www.mizuhobank.co.jp/takarakuji/check/loto/backnumber/detail.html?fromto=901_920&type=miniloto,2026-08-21T01:53:36.191786+00:00,8f0f0f1b11dad629b37169406987d36971ab01d2375a203016217c904ddbaebb
MINI_LOTO,908,2017-01-31,18,19,21,23,31,,17,mizuho_bank,https://www.mizuhobank.co.jp/takarakuji/check/loto/backnumber/detail.html?fromto=901_920&type=miniloto,2026-08-21T01:53:36.191786+00:00,8f0f0f1b11dad629b37169406987d36971ab01d2375a203016217c904ddbaebb
MINI_LOTO,909,2017-02-07,3,12,14,20,27,,22,mizuho_bank,https://www.mizuhobank.co.jp/takarakuji/check/loto/backnumber/detail.html?fromto=901_920&type=miniloto,2026-08-21T01:53:36.191786+00:00,8f0f0f1b11dad629b37169406987d36971ab01d2375a203016217c904ddbaebb
MINI_LOTO,910,2017-02-14,10,14,20,26,30,,3,mizuho_bank,https://www.mizuhobank.co.jp/takarakuji/check/loto/backnumber/detail.html?fromto=901_920&type=miniloto,2026-08-21T01:53:36.191786+00:00,8f0f0f1b11dad629b37169406987d36971ab01d2375a203016217c904ddbaebb
MINI_LOTO,911,2017-02-21,2,3,4,13,16,,17,mizuho_bank,https://www.mizuhobank.co.jp/takarakuji/check/loto/backnumber/detail.html?fromto=901_920&type=miniloto,2026-08-21T01:53:36.191786+00:00,8f0f0f1b11dad629b37169406987d36971ab01d2375a203016217c904ddbaebb
MINI_LOTO,912,2017-02-28,9,12,19,21,22,,18,mizuho_bank,https://www.mizuhobank.co.jp/takarakuji/check/loto/backnumber/detail.html?fromto=901_920&type=miniloto,2026-08-21T01:53:36.191786+00:00,8f0f0f1b11dad629b37169406987d36971ab01d2375a203016217c904ddbaebb
MINI_LOTO,913,2017-03-07,2,9,17,21,23,,28,mizuho_bank,https://www.mizuhobank.co.jp/takarakuji/check/loto/backnumber/detail.html?fromto=901_920&type=miniloto,2026-08-21T01:53:36.191786+00:00,8f0f0f1b11dad629b37169406987d36971ab01d2375a203016217c904ddbaebb
MINI_LOTO,914,2017-03-14,2,7,15,19,24,,22,mizuho_bank,https://www.mizuhobank.co.jp/takarakuji/check/loto/backnumber/detail.html?fromto=901_920&type=miniloto,2026-08-21T01:53:36.191786+00:00,8f0f0f1b11dad629b37169406987d36971ab01d2375a203016217c904ddbaebb
MINI_LOTO,915,2017-03-21,14,22,24,26,27,,7,mizuho_bank,https://www.mizuhobank.co.jp/takarakuji/check/loto/backnumber/detail.html?fromto=901_920&type=miniloto,2026-08-21T01:53:36.191786+00:00,8f0f0f1b11dad629b37169406987d36971ab01d2375a203016217c904ddbaebb
MINI_LOTO,916,2017-03-28,17,18,23,28,30,,5,mizuho_bank,https://www.mizuhobank.co.jp/takarakuji/check/loto/backnumber/detail.html?fromto=901_920&type=miniloto,2026-08-21T01:53:36.191786+00:00,8f0f0f1b11dad629b37169406987d36971ab01d2375a203016217c904ddbaebb
MINI_LOTO,917,2017-04-04,1,9,10,24,27,,13,mizuho_bank,https://www.mizuhobank.co.jp/takarakuji/check/loto/backnumber/detail.html?fromto=901_920&type=miniloto,2026-08-21T01:53:36.191786+00:00,8f0f0f1b11dad629b37169406987d36971ab01d2375a203016217c904ddbaebb
MINI_LOTO,918,2017-04-11,16,20,22,27,29,,30,mizuho_bank,https://www.mizuhobank.co.jp/takarakuji/check/loto/backnumber/detail.html?fromto=901_920&type=miniloto,2026-08-21T01:53:36.191786+00:00,8f0f0f1b11dad629b37169406987d36971ab01d2375a203016217c904ddbaebb
MINI_LOTO,919,2017-04-18,4,7,9,15,23,,11,mizuho_bank,https://www.mizuhobank.co.jp/takarakuji/check/loto/backnumber/detail.html?fromto=901_920&type=miniloto,2026-08-21T01:53:36.191786+00:00,8f0f0f1b11dad629b37169406987d36971ab01d2375a203016217c904ddbaebb
MINI_LOTO,920,2017-04-25,5,15,22,24,25,,30,mizuho_bank,https://www.mizuhobank.co.jp/takarakuji/check/loto/backnumber/detail.html?fromto=901_920&type=miniloto,2026-08-21T01:53:36.191786+00:00,8f0f0f1b11dad629b37169406987d36971ab01d2375a203016217c904ddbaebb
MINI_LOTO,921,2017-05-02,6,8,10,14,30,,13,mizuho_bank,https://www.mizuhobank.co.jp/takarakuji/check/loto/backnumber/detail.html?fromto=921_940&type=miniloto,2026-08-21T01:53:35.553499+00:00,28c50c79989259014daccae455aa8a54db6332e323efe2ddac45a018c65bdb8a
MINI_LOTO,922,2017-05-09,2,13,14,21,22,,7,mizuho_bank,https://www.mizuhobank.co.jp/takarakuji/check/loto/backnumber/detail.html?fromto=921_940&type=miniloto,2026-08-21T01:53:35.553499+00:00,28c50c79989259014daccae455aa8a54db6332e323efe2ddac45a018c65bdb8a
MINI_LOTO,923,2017-05-16,8,20,21,22,27,,19,mizuho_bank,https://www.mizuhobank.co.jp/takarakuji/check/loto/backnumber/detail.html?fromto=921_940&type=miniloto,2026-08-21T01:53:35.553499+00:00,28c50c79989259014daccae455aa8a54db6332e323efe2ddac45a018c65bdb8a
MINI_LOTO,924,2017-05-23,2,7,8,14,23,,15,mizuho_bank,https://www.mizuhobank.co.jp/takarakuji/check/loto/backnumber/detail.html?fromto=921_940&type=miniloto,2026-08-21T01:53:35.553499+00:00,28c50c79989259014daccae455aa8a54db6332e323efe2ddac45a018c65bdb8a
MINI_LOTO,925,2017-05-30,9,14,19,27,30,,16,mizuho_bank,https://www.mizuhobank.co.jp/takarakuji/check/loto/backnumber/detail.html?fromto=921_940&type=miniloto,2026-08-21T01:53:35.553499+00:00,28c50c79989259014daccae455aa8a54db6332e323efe2ddac45a018c65bdb8a
MINI_LOTO,926,2017-06-06,3,9,18,27,29,,26,mizuho_bank,https://www.mizuhobank.co.jp/takarakuji/check/loto/backnumber/detail.html?fromto=921_940&type=miniloto,2026-08-21T01:53:35.553499+00:00,28c50c79989259014daccae455aa8a54db6332e323efe2ddac45a018c65bdb8a
MINI_LOTO,927,2017-06-13,1,6,7,17,18,,16,mizuho_bank,https://www.mizuhobank.co.jp/takarakuji/check/loto/backnumber/detail.html?fromto=921_940&type=miniloto,2026-08-21T01:53:35.553499+00:00,28c50c79989259014daccae455aa8a54db6332e323efe2ddac45a018c65bdb8a
MINI_LOTO,928,2017-06-20,4,9,11,19,23,,22,mizuho_bank,https://www.mizuhobank.co.jp/takarakuji/check/loto/backnumber/detail.html?fromto=921_940&type=miniloto,2026-08-21T01:53:35.553499+00:00,28c50c79989259014daccae455aa8a54db6332e323efe2ddac45a018c65bdb8a
MINI_LOTO,929,2017-06-27,2,4,5,11,20,,22,mizuho_bank,https://www.mizuhobank.co.jp/takarakuji/check/loto/backnumber/detail.html?fromto=921_940&type=miniloto,2026-08-21T01:53:35.553499+00:00,28c50c79989259014daccae455aa8a54db6332e323efe2ddac45a018c65bdb8a
MINI_LOTO,930,2017-07-04,9,14,24,25,27,,16,mizuho_bank,https://www.mizuhobank.co.jp/takarakuji/check/loto/backnumber/detail.html?fromto=921_940&type=miniloto,2026-08-21T01:53:35.553499+00:00,28c50c79989259014daccae455aa8a54db6332e323efe2ddac45a018c65bdb8a
MINI_LOTO,931,2017-07-11,2,3,18,24,25,,9,mizuho_bank,https://www.mizuhobank.co.jp/takarakuji/check/loto/backnumber/detail.html?fromto=921_940&type=miniloto,2026-08-21T01:53:35.553499+00:00,28c50c79989259014daccae455aa8a54db6332e323efe2ddac45a018c65bdb8a
MINI_LOTO,932,2017-07-18,1,3,14,17,19,,23,mizuho_bank,https://www.mizuhobank.co.jp/takarakuji/check/loto/backnumber/detail.html?fromto=921_940&type=miniloto,2026-08-21T01:53:35.553499+00:00,28c50c79989259014daccae455aa8a54db6332e323efe2ddac45a018c65bdb8a
MINI_LOTO,933,2017-07-25,3,4,22,26,29,,5,mizuho_bank,https://www.mizuhobank.co.jp/takarakuji/check/loto/backnumber/detail.html?fromto=921_940&type=miniloto,2026-08-21T01:53:35.553499+00:00,28c50c79989259014daccae455aa8a54db6332e323efe2ddac45a018c65bdb8a
MINI_LOTO,934,2017-08-01,3,7,8,11,13,,4,mizuho_bank,https://www.mizuhobank.co.jp/takarakuji/check/loto/backnumber/detail.html?fromto=921_940&type=miniloto,2026-08-21T01:53:35.553499+00:00,28c50c79989259014daccae455aa8a54db6332e323efe2ddac45a018c65bdb8a
MINI_LOTO,935,2017-08-08,3,11,13,20,31,,16,mizuho_bank,https://www.mizuhobank.co.jp/takarakuji/check/loto/backnumber/detail.html?fromto=921_940&type=miniloto,2026-08-21T01:53:35.553499+00:00,28c50c79989259014daccae455aa8a54db6332e323efe2ddac45a018c65bdb8a
MINI_LOTO,936,2017-08-15,7,21,23,25,31,,10,mizuho_bank,https://www.mizuhobank.co.jp/takarakuji/check/loto/backnumber/detail.html?fromto=921_940&type=miniloto,2026-08-21T01:53:35.553499+00:00,28c50c79989259014daccae455aa8a54db6332e323efe2ddac45a018c65bdb8a
MINI_LOTO,937,2017-08-22,5,12,13,15,24,,25,mizuho_bank,https://www.mizuhobank.co.jp/takarakuji/check/loto/backnumber/detail.html?fromto=921_940&type=miniloto,2026-08-21T01:53:35.553499+00:00,28c50c79989259014daccae455aa8a54db6332e323efe2ddac45a018c65bdb8a
MINI_LOTO,938,2017-08-29,4,9,16,21,22,,1,mizuho_bank,https://www.mizuhobank.co.jp/takarakuji/check/loto/backnumber/detail.html?fromto=921_940&type=miniloto,2026-08-21T01:53:35.553499+00:00,28c50c79989259014daccae455aa8a54db6332e323efe2ddac45a018c65bdb8a
MINI_LOTO,939,2017-09-05,8,12,20,23,28,,16,mizuho_bank,https://www.mizuhobank.co.jp/takarakuji/check/loto/backnumber/detail.html?fromto=921_940&type=miniloto,2026-08-21T01:53:35.553499+00:00,28c50c79989259014daccae455aa8a54db6332e323efe2ddac45a018c65bdb8a
MINI_LOTO,940,2017-09-12,4,9,25,27,28,,12,mizuho_bank,https://www.mizuhobank.co.jp/takarakuji/check/loto/backnumber/detail.html?fromto=921_940&type=miniloto,2026-08-21T01:53:35.553499+00:00,28c50c79989259014daccae455aa8a54db6332e323efe2ddac45a018c65bdb8a
MINI_LOTO,941,2017-09-19,3,11,12,15,28,,17,mizuho_bank,https://www.mizuhobank.co.jp/takarakuji/check/loto/backnumber/detail.html?fromto=941_960&type=miniloto,2026-08-21T01:53:34.868929+00:00,9ce369f520defc0fc3646c6d8e217f6811e7ec895d05a8fceb7a3f09579eb160
MINI_LOTO,942,2017-09-26,2,7,10,22,29,,17,mizuho_bank,https://www.mizuhobank.co.jp/takarakuji/check/loto/backnumber/detail.html?fromto=941_960&type=miniloto,2026-08-21T01:53:34.868929+00:00,9ce369f520defc0fc3646c6d8e217f6811e7ec895d05a8fceb7a3f09579eb160
MINI_LOTO,943,2017-10-03,4,11,18,28,30,,10,mizuho_bank,https://www.mizuhobank.co.jp/takarakuji/check/loto/backnumber/detail.html?fromto=941_960&type=miniloto,2026-08-21T01:53:34.868929+00:00,9ce369f520defc0fc3646c6d8e217f6811e7ec895d05a8fceb7a3f09579eb160
MINI_LOTO,944,2017-10-10,5,11,13,16,27,,23,mizuho_bank,https://www.mizuhobank.co.jp/takarakuji/check/loto/backnumber/detail.html?fromto=941_960&type=miniloto,2026-08-21T01:53:34.868929+00:00,9ce369f520defc0fc3646c6d8e217f6811e7ec895d05a8fceb7a3f09579eb160
MINI_LOTO,945,2017-10-17,14,17,21,25,31,,15,mizuho_bank,https://www.mizuhobank.co.jp/takarakuji/check/loto/backnumber/detail.html?fromto=941_960&type=miniloto,2026-08-21T01:53:34.868929+00:00,9ce369f520defc0fc3646c6d8e217f6811e7ec895d05a8fceb7a3f09579eb160
MINI_LOTO,946,2017-10-24,5,14,24,28,29,,20,mizuho_bank,https://www.mizuhobank.co.jp/takarakuji/check/loto/backnumber/detail.html?fromto=941_960&type=miniloto,2026-08-21T01:53:34.868929+00:00,9ce369f520defc0fc3646c6d8e217f6811e7ec895d05a8fceb7a3f09579eb160
MINI_LOTO,947,2017-10-31,3,7,19,24,27,,16,mizuho_bank,https://www.mizuhobank.co.jp/takarakuji/check/loto/backnumber/detail.html?fromto=941_960&type=miniloto,2026-08-21T01:53:34.868929+00:00,9ce369f520defc0fc3646c6d8e217f6811e7ec895d05a8fceb7a3f09579eb160
MINI_LOTO,948,2017-11-07,3,6,12,13,22,,4,mizuho_bank,https://www.mizuhobank.co.jp/takarakuji/check/loto/backnumber/detail.html?fromto=941_960&type=miniloto,2026-08-21T01:53:34.868929+00:00,9ce369f520defc0fc3646c6d8e217f6811e7ec895d05a8fceb7a3f09579eb160
MINI_LOTO,949,2017-11-14,1,2,5,6,21,,25,mizuho_bank,https://www.mizuhobank.co.jp/takarakuji/check/loto/backnumber/detail.html?fromto=941_960&type=miniloto,2026-08-21T01:53:34.868929+00:00,9ce369f520defc0fc3646c6d8e217f6811e7ec895d05a8fceb7a3f09579eb160
MINI_LOTO,950,2017-11-21,5,8,12,14,28,,1,mizuho_bank,https://www.mizuhobank.co.jp/takarakuji/check/loto/backnumber/detail.html?fromto=941_960&type=miniloto,2026-08-21T01:53:34.868929+00:00,9ce369f520defc0fc3646c6d8e217f6811e7ec895d05a8fceb7a3f09579eb160
MINI_LOTO,951,2017-11-28,3,9,12,26,27,,25,mizuho_bank,https://www.mizuhobank.co.jp/takarakuji/check/loto/backnumber/detail.html?fromto=941_960&type=miniloto,2026-08-21T01:53:34.868929+00:00,9ce369f520defc0fc3646c6d8e217f6811e7ec895d05a8fceb7a3f09579eb160
MINI_LOTO,952,2017-12-05,4,10,15,16,18,,8,mizuho_bank,https://www.mizuhobank.co.jp/takarakuji/check/loto/backnumber/detail.html?fromto=941_960&type=miniloto,2026-08-21T01:53:34.868929+00:00,9ce369f520defc0fc3646c6d8e217f6811e7ec895d05a8fceb7a3f09579eb160
MINI_LOTO,953,2017-12-12,4,5,9,22,29,,2,mizuho_bank,https://www.mizuhobank.co.jp/takarakuji/check/loto/backnumber/detail.html?fromto=941_960&type=miniloto,2026-08-21T01:53:34.868929+00:00,9ce369f520defc0fc3646c6d8e217f6811e7ec895d05a8fceb7a3f09579eb160
MINI_LOTO,954,2017-12-19,11,16,21,23,25,,18,mizuho_bank,https://www.mizuhobank.co.jp/takarakuji/check/loto/backnumber/detail.html?fromto=941_960&type=miniloto,2026-08-21T01:53:34.868929+00:00,9ce369f520defc0fc3646c6d8e217f6811e7ec895d05a8fceb7a3f09579eb160
MINI_LOTO,955,2017-12-26,9,12,17,21,30,,28,mizuho_bank,https://www.mizuhobank.co.jp/takarakuji/check/loto/backnumber/detail.html?fromto=941_960&type=miniloto,2026-08-21T01:53:34.868929+00:00,9ce369f520defc0fc3646c6d8e217f6811e7ec895d05a8fceb7a3f09579eb160
MINI_LOTO,956,2018-01-09,6,15,18,22,29,,31,mizuho_bank,https://www.mizuhobank.co.jp/takarakuji/check/loto/backnumber/detail.html?fromto=941_960&type=miniloto,2026-08-21T01:53:34.868929+00:00,9ce369f520defc0fc3646c6d8e217f6811e7ec895d05a8fceb7a3f09579eb160
MINI_LOTO,957,2018-01-16,2,15,26,29,31,,3,mizuho_bank,https://www.mizuhobank.co.jp/takarakuji/check/loto/backnumber/detail.html?fromto=941_960&type=miniloto,2026-08-21T01:53:34.868929+00:00,9ce369f520defc0fc3646c6d8e217f6811e7ec895d05a8fceb7a3f09579eb160
MINI_LOTO,958,2018-01-23,3,10,15,17,19,,20,mizuho_bank,https://www.mizuhobank.co.jp/takarakuji/check/loto/backnumber/detail.html?fromto=941_960&type=miniloto,2026-08-21T01:53:34.868929+00:00,9ce369f520defc0fc3646c6d8e217f6811e7ec895d05a8fceb7a3f09579eb160
MINI_LOTO,959,2018-01-30,2,3,9,14,19,,15,mizuho_bank,https://www.mizuhobank.co.jp/takarakuji/check/loto/backnumber/detail.html?fromto=941_960&type=miniloto,2026-08-21T01:53:34.868929+00:00,9ce369f520defc0fc3646c6d8e217f6811e7ec895d05a8fceb7a3f09579eb160
MINI_LOTO,960,2018-02-06,2,3,5,16,20,,9,mizuho_bank,https://www.mizuhobank.co.jp/takarakuji/check/loto/backnumber/detail.html?fromto=941_960&type=miniloto,2026-08-21T01:53:34.868929+00:00,9ce369f520defc0fc3646c6d8e217f6811e7ec895d05a8fceb7a3f09579eb160
MINI_LOTO,961,2018-02-13,2,11,18,20,29,,3,mizuho_bank,https://www.mizuhobank.co.jp/takarakuji/check/loto/backnumber/detail.html?fromto=961_980&type=miniloto,2026-08-21T01:53:34.124504+00:00,0e231b1ceb93ea0bd7940f18964b35b5832883807cdc25f1617198f6df89c12e
MINI_LOTO,962,2018-02-20,3,10,15,18,25,,27,mizuho_bank,https://www.mizuhobank.co.jp/takarakuji/check/loto/backnumber/detail.html?fromto=961_980&type=miniloto,2026-08-21T01:53:34.124504+00:00,0e231b1ceb93ea0bd7940f18964b35b5832883807cdc25f1617198f6df89c12e
MINI_LOTO,963,2018-02-27,4,7,17,21,28,,10,mizuho_bank,https://www.mizuhobank.co.jp/takarakuji/check/loto/backnumber/detail.html?fromto=961_980&type=miniloto,2026-08-21T01:53:34.124504+00:00,0e231b1ceb93ea0bd7940f18964b35b5832883807cdc25f1617198f6df89c12e
MINI_LOTO,964,2018-03-06,16,19,27,28,30,,12,mizuho_bank,https://www.mizuhobank.co.jp/takarakuji/check/loto/backnumber/detail.html?fromto=961_980&type=miniloto,2026-08-21T01:53:34.124504+00:00,0e231b1ceb93ea0bd7940f18964b35b5832883807cdc25f1617198f6df89c12e
MINI_LOTO,965,2018-03-13,7,13,15,19,28,,23,mizuho_bank,https://www.mizuhobank.co.jp/takarakuji/check/loto/backnumber/detail.html?fromto=961_980&type=miniloto,2026-08-21T01:53:34.124504+00:00,0e231b1ceb93ea0bd7940f18964b35b5832883807cdc25f1617198f6df89c12e
MINI_LOTO,966,2018-03-20,1,11,25,26,27,,30,mizuho_bank,https://www.mizuhobank.co.jp/takarakuji/check/loto/backnumber/detail.html?fromto=961_980&type=miniloto,2026-08-21T01:53:34.124504+00:00,0e231b1ceb93ea0bd7940f18964b35b5832883807cdc25f1617198f6df89c12e
MINI_LOTO,967,2018-03-27,4,7,11,14,31,,2,mizuho_bank,https://www.mizuhobank.co.jp/takarakuji/check/loto/backnumber/detail.html?fromto=961_980&type=miniloto,2026-08-21T01:53:34.124504+00:00,0e231b1ceb93ea0bd7940f18964b35b5832883807cdc25f1617198f6df89c12e
MINI_LOTO,968,2018-04-03,1,5,10,20,24,,3,mizuho_bank,https://www.mizuhobank.co.jp/takarakuji/check/loto/backnumber/detail.html?fromto=961_980&type=miniloto,2026-08-21T01:53:34.124504+00:00,0e231b1ceb93ea0bd7940f18964b35b5832883807cdc25f1617198f6df89c12e
MINI_LOTO,969,2018-04-10,1,4,18,24,27,,6,mizuho_bank,https://www.mizuhobank.co.jp/takarakuji/check/loto/backnumber/detail.html?fromto=961_980&type=miniloto,2026-08-21T01:53:34.124504+00:00,0e231b1ceb93ea0bd7940f18964b35b5832883807cdc25f1617198f6df89c12e
MINI_LOTO,970,2018-04-17,2,4,19,27,28,,7,mizuho_bank,https://www.mizuhobank.co.jp/takarakuji/check/loto/backnumber/detail.html?fromto=961_980&type=miniloto,2026-08-21T01:53:34.124504+00:00,0e231b1ceb93ea0bd7940f18964b35b5832883807cdc25f1617198f6df89c12e
MINI_LOTO,971,2018-04-24,7,17,18,20,24,,13,mizuho_bank,https://www.mizuhobank.co.jp/takarakuji/check/loto/backnumber/detail.html?fromto=961_980&type=miniloto,2026-08-21T01:53:34.124504+00:00,0e231b1ceb93ea0bd7940f18964b35b5832883807cdc25f1617198f6df89c12e
MINI_LOTO,972,2018-05-01,13,19,21,22,27,,14,mizuho_bank,https://www.mizuhobank.co.jp/takarakuji/check/loto/backnumber/detail.html?fromto=961_980&type=miniloto,2026-08-21T01:53:34.124504+00:00,0e231b1ceb93ea0bd7940f18964b35b5832883807cdc25f1617198f6df89c12e
MINI_LOTO,973,2018-05-08,1,7,12,13,31,,30,mizuho_bank,https://www.mizuhobank.co.jp/takarakuji/check/loto/backnumber/detail.html?fromto=961_980&type=miniloto,2026-08-21T01:53:34.124504+00:00,0e231b1ceb93ea0bd7940f18964b35b5832883807cdc25f1617198f6df89c12e
MINI_LOTO,974,2018-05-15,10,18,21,24,27,,30,mizuho_bank,https://www.mizuhobank.co.jp/takarakuji/check/loto/backnumber/detail.html?fromto=961_980&type=miniloto,2026-08-21T01:53:34.124504+00:00,0e231b1ceb93ea0bd7940f18964b35b5832883807cdc25f1617198f6df89c12e
MINI_LOTO,975,2018-05-22,10,18,19,28,29,,16,mizuho_bank,https://www.mizuhobank.co.jp/takarakuji/check/loto/backnumber/detail.html?fromto=961_980&type=miniloto,2026-08-21T01:53:34.124504+00:00,0e231b1ceb93ea0bd7940f18964b35b5832883807cdc25f1617198f6df89c12e
MINI_LOTO,976,2018-05-29,2,4,15,16,19,,8,mizuho_bank,https://www.mizuhobank.co.jp/takarakuji/check/loto/backnumber/detail.html?fromto=961_980&type=miniloto,2026-08-21T01:53:34.124504+00:00,0e231b1ceb93ea0bd7940f18964b35b5832883807cdc25f1617198f6df89c12e
MINI_LOTO,977,2018-06-05,9,17,21,22,23,,5,mizuho_bank,https://www.mizuhobank.co.jp/takarakuji/check/loto/backnumber/detail.html?fromto=961_980&type=miniloto,2026-08-21T01:53:34.124504+00:00,0e231b1ceb93ea0bd7940f18964b35b5832883807cdc25f1617198f6df89c12e
MINI_LOTO,978,2018-06-12,1,8,20,26,28,,7,mizuho_bank,https://www.mizuhobank.co.jp/takarakuji/check/loto/backnumber/detail.html?fromto=961_980&type=miniloto,2026-08-21T01:53:34.124504+00:00,0e231b1ceb93ea0bd7940f18964b35b5832883807cdc25f1617198f6df89c12e
MINI_LOTO,979,2018-06-19,1,10,23,25,28,,12,mizuho_bank,https://www.mizuhobank.co.jp/takarakuji/check/loto/backnumber/detail.html?fromto=961_980&type=miniloto,2026-08-21T01:53:34.124504+00:00,0e231b1ceb93ea0bd7940f18964b35b5832883807cdc25f1617198f6df89c12e
MINI_LOTO,980,2018-06-26,8,24,27,30,31,,16,mizuho_bank,https://www.mizuhobank.co.jp/takarakuji/check/loto/backnumber/detail.html?fromto=961_980&type=miniloto,2026-08-21T01:53:34.124504+00:00,0e231b1ceb93ea0bd7940f18964b35b5832883807cdc25f1617198f6df89c12e
MINI_LOTO,981,2018-07-03,10,11,19,28,30,,22,mizuho_bank,https://www.mizuhobank.co.jp/takarakuji/check/loto/backnumber/detail.html?fromto=981_1000&type=miniloto,2026-08-21T01:53:33.488235+00:00,c89ee87de7e3926568a1e7f9283a9ae5389f9ee5177be5de3b9dcdd9576ace23
MINI_LOTO,982,2018-07-10,5,8,20,22,27,,24,mizuho_bank,https://www.mizuhobank.co.jp/takarakuji/check/loto/backnumber/detail.html?fromto=981_1000&type=miniloto,2026-08-21T01:53:33.488235+00:00,c89ee87de7e3926568a1e7f9283a9ae5389f9ee5177be5de3b9dcdd9576ace23
MINI_LOTO,983,2018-07-17,6,10,12,15,23,,25,mizuho_bank,https://www.mizuhobank.co.jp/takarakuji/check/loto/backnumber/detail.html?fromto=981_1000&type=miniloto,2026-08-21T01:53:33.488235+00:00,c89ee87de7e3926568a1e7f9283a9ae5389f9ee5177be5de3b9dcdd9576ace23
MINI_LOTO,984,2018-07-24,2,4,5,16,27,,14,mizuho_bank,https://www.mizuhobank.co.jp/takarakuji/check/loto/backnumber/detail.html?fromto=981_1000&type=miniloto,2026-08-21T01:53:33.488235+00:00,c89ee87de7e3926568a1e7f9283a9ae5389f9ee5177be5de3b9dcdd9576ace23
MINI_LOTO,985,2018-07-31,5,11,16,17,26,,3,mizuho_bank,https://www.mizuhobank.co.jp/takarakuji/check/loto/backnumber/detail.html?fromto=981_1000&type=miniloto,2026-08-21T01:53:33.488235+00:00,c89ee87de7e3926568a1e7f9283a9ae5389f9ee5177be5de3b9dcdd9576ace23
MINI_LOTO,986,2018-08-07,1,21,22,25,27,,28,mizuho_bank,https://www.mizuhobank.co.jp/takarakuji/check/loto/backnumber/detail.html?fromto=981_1000&type=miniloto,2026-08-21T01:53:33.488235+00:00,c89ee87de7e3926568a1e7f9283a9ae5389f9ee5177be5de3b9dcdd9576ace23
MINI_LOTO,987,2018-08-14,6,13,15,17,21,,22,mizuho_bank,https://www.mizuhobank.co.jp/takarakuji/check/loto/backnumber/detail.html?fromto=981_1000&type=miniloto,2026-08-21T01:53:33.488235+00:00,c89ee87de7e3926568a1e7f9283a9ae5389f9ee5177be5de3b9dcdd9576ace23
MINI_LOTO,988,2018-08-21,1,9,11,14,21,,28,mizuho_bank,https://www.mizuhobank.co.jp/takarakuji/check/loto/backnumber/detail.html?fromto=981_1000&type=miniloto,2026-08-21T01:53:33.488235+00:00,c89ee87de7e3926568a1e7f9283a9ae5389f9ee5177be5de3b9dcdd9576ace23
MINI_LOTO,989,2018-08-28,2,7,10,16,30,,24,mizuho_bank,https://www.mizuhobank.co.jp/takarakuji/check/loto/backnumber/detail.html?fromto=981_1000&type=miniloto,2026-08-21T01:53:33.488235+00:00,c89ee87de7e3926568a1e7f9283a9ae5389f9ee5177be5de3b9dcdd9576ace23
MINI_LOTO,990,2018-09-04,3,9,17,23,25,,13,mizuho_bank,https://www.mizuhobank.co.jp/takarakuji/check/loto/backnumber/detail.html?fromto=981_1000&type=miniloto,2026-08-21T01:53:33.488235+00:00,c89ee87de7e3926568a1e7f9283a9ae5389f9ee5177be5de3b9dcdd9576ace23
MINI_LOTO,991,2018-09-11,1,3,9,15,30,,6,mizuho_bank,https://www.mizuhobank.co.jp/takarakuji/check/loto/backnumber/detail.html?fromto=981_1000&type=miniloto,2026-08-21T01:53:33.488235+00:00,c89ee87de7e3926568a1e7f9283a9ae5389f9ee5177be5de3b9dcdd9576ace23
MINI_LOTO,992,2018-09-18,1,14,17,20,31,,24,mizuho_bank,https://www.mizuhobank.co.jp/takarakuji/check/loto/backnumber/detail.html?fromto=981_1000&type=miniloto,2026-08-21T01:53:33.488235+00:00,c89ee87de7e3926568a1e7f9283a9ae5389f9ee5177be5de3b9dcdd9576ace23
MINI_LOTO,993,2018-09-25,1,4,24,29,30,,10,mizuho_bank,https://www.mizuhobank.co.jp/takarakuji/check/loto/backnumber/detail.html?fromto=981_1000&type=miniloto,2026-08-21T01:53:33.488235+00:00,c89ee87de7e3926568a1e7f9283a9ae5389f9ee5177be5de3b9dcdd9576ace23
MINI_LOTO,994,2018-10-02,7,8,19,27,31,,26,mizuho_bank,https://www.mizuhobank.co.jp/takarakuji/check/loto/backnumber/detail.html?fromto=981_1000&type=miniloto,2026-08-21T01:53:33.488235+00:00,c89ee87de7e3926568a1e7f9283a9ae5389f9ee5177be5de3b9dcdd9576ace23
MINI_LOTO,995,2018-10-09,1,5,14,21,30,,12,mizuho_bank,https://www.mizuhobank.co.jp/takarakuji/check/loto/backnumber/detail.html?fromto=981_1000&type=miniloto,2026-08-21T01:53:33.488235+00:00,c89ee87de7e3926568a1e7f9283a9ae5389f9ee5177be5de3b9dcdd9576ace23
MINI_LOTO,996,2018-10-16,9,19,20,22,26,,7,mizuho_bank,https://www.mizuhobank.co.jp/takarakuji/check/loto/backnumber/detail.html?fromto=981_1000&type=miniloto,2026-08-21T01:53:33.488235+00:00,c89ee87de7e3926568a1e7f9283a9ae5389f9ee5177be5de3b9dcdd9576ace23
MINI_LOTO,997,2018-10-23,1,3,8,11,14,,16,mizuho_bank,https://www.mizuhobank.co.jp/takarakuji/check/loto/backnumber/detail.html?fromto=981_1000&type=miniloto,2026-08-21T01:53:33.488235+00:00,c89ee87de7e3926568a1e7f9283a9ae5389f9ee5177be5de3b9dcdd9576ace23
MINI_LOTO,998,2018-10-30,1,7,19,20,25,,27,mizuho_bank,https://www.mizuhobank.co.jp/takarakuji/check/loto/backnumber/detail.html?fromto=981_1000&type=miniloto,2026-08-21T01:53:33.488235+00:00,c89ee87de7e3926568a1e7f9283a9ae5389f9ee5177be5de3b9dcdd9576ace23
MINI_LOTO,999,2018-11-06,6,17,18,20,29,,26,mizuho_bank,https://www.mizuhobank.co.jp/takarakuji/check/loto/backnumber/detail.html?fromto=981_1000&type=miniloto,2026-08-21T01:53:33.488235+00:00,c89ee87de7e3926568a1e7f9283a9ae5389f9ee5177be5de3b9dcdd9576ace23
MINI_LOTO,1000,2018-11-13,3,8,14,18,26,,7,mizuho_bank,https://www.mizuhobank.co.jp/takarakuji/check/loto/backnumber/detail.html?fromto=981_1000&type=miniloto,2026-08-21T01:53:33.488235+00:00,c89ee87de7e3926568a1e7f9283a9ae5389f9ee5177be5de3b9dcdd9576ace23
MINI_LOTO,1001,2018-11-20,5,12,16,22,27,,18,mizuho_bank,https://www.mizuhobank.co.jp/takarakuji/check/loto/backnumber/detail.html?fromto=1001_1020&type=miniloto,2026-08-21T01:53:32.823782+00:00,0275158caed88c8c7b011a86d5ce96e4de334990647260255feb13f9a00a6345
MINI_LOTO,1002,2018-11-27,2,9,11,20,27,,5,mizuho_bank,https://www.mizuhobank.co.jp/takarakuji/check/loto/backnumber/detail.html?fromto=1001_1020&type=miniloto,2026-08-21T01:53:32.823782+00:00,0275158caed88c8c7b011a86d5ce96e4de334990647260255feb13f9a00a6345
MINI_LOTO,1003,2018-12-04,11,14,15,22,29,,10,mizuho_bank,https://www.mizuhobank.co.jp/takarakuji/check/loto/backnumber/detail.html?fromto=1001_1020&type=miniloto,2026-08-21T01:53:32.823782+00:00,0275158caed88c8c7b011a86d5ce96e4de334990647260255feb13f9a00a6345
MINI_LOTO,1004,2018-12-11,1,18,22,27,30,,20,mizuho_bank,https://www.mizuhobank.co.jp/takarakuji/check/loto/backnumber/detail.html?fromto=1001_1020&type=miniloto,2026-08-21T01:53:32.823782+00:00,0275158caed88c8c7b011a86d5ce96e4de334990647260255feb13f9a00a6345
MINI_LOTO,1005,2018-12-18,5,13,18,26,31,,11,mizuho_bank,https://www.mizuhobank.co.jp/takarakuji/check/loto/backnumber/detail.html?fromto=1001_1020&type=miniloto,2026-08-21T01:53:32.823782+00:00,0275158caed88c8c7b011a86d5ce96e4de334990647260255feb13f9a00a6345
MINI_LOTO,1006,2018-12-25,10,15,19,23,26,,6,mizuho_bank,https://www.mizuhobank.co.jp/takarakuji/check/loto/backnumber/detail.html?fromto=1001_1020&type=miniloto,2026-08-21T01:53:32.823782+00:00,0275158caed88c8c7b011a86d5ce96e4de334990647260255feb13f9a00a6345
MINI_LOTO,1007,2019-01-08,2,10,11,25,31,,17,mizuho_bank,https://www.mizuhobank.co.jp/takarakuji/check/loto/backnumber/detail.html?fromto=1001_1020&type=miniloto,2026-08-21T01:53:32.823782+00:00,0275158caed88c8c7b011a86d5ce96e4de334990647260255feb13f9a00a6345
MINI_LOTO,1008,2019-01-15,3,4,22,26,27,,11,mizuho_bank,https://www.mizuhobank.co.jp/takarakuji/check/loto/backnumber/detail.html?fromto=1001_1020&type=miniloto,2026-08-21T01:53:32.823782+00:00,0275158caed88c8c7b011a86d5ce96e4de334990647260255feb13f9a00a6345
MINI_LOTO,1009,2019-01-22,2,8,17,23,27,,4,mizuho_bank,https://www.mizuhobank.co.jp/takarakuji/check/loto/backnumber/detail.html?fromto=1001_1020&type=miniloto,2026-08-21T01:53:32.823782+00:00,0275158caed88c8c7b011a86d5ce96e4de334990647260255feb13f9a00a6345
MINI_LOTO,1010,2019-01-29,10,17,20,21,30,,15,mizuho_bank,https://www.mizuhobank.co.jp/takarakuji/check/loto/backnumber/detail.html?fromto=1001_1020&type=miniloto,2026-08-21T01:53:32.823782+00:00,0275158caed88c8c7b011a86d5ce96e4de334990647260255feb13f9a00a6345
MINI_LOTO,1011,2019-02-05,9,16,21,30,31,,27,mizuho_bank,https://www.mizuhobank.co.jp/takarakuji/check/loto/backnumber/detail.html?fromto=1001_1020&type=miniloto,2026-08-21T01:53:32.823782+00:00,0275158caed88c8c7b011a86d5ce96e4de334990647260255feb13f9a00a6345
MINI_LOTO,1012,2019-02-12,1,13,18,26,29,,8,mizuho_bank,https://www.mizuhobank.co.jp/takarakuji/check/loto/backnumber/detail.html?fromto=1001_1020&type=miniloto,2026-08-21T01:53:32.823782+00:00,0275158caed88c8c7b011a86d5ce96e4de334990647260255feb13f9a00a6345
MINI_LOTO,1013,2019-02-19,1,6,11,19,28,,8,mizuho_bank,https://www.mizuhobank.co.jp/takarakuji/check/loto/backnumber/detail.html?fromto=1001_1020&type=miniloto,2026-08-21T01:53:32.823782+00:00,0275158caed88c8c7b011a86d5ce96e4de334990647260255feb13f9a00a6345
MINI_LOTO,1014,2019-02-26,4,17,19,20,25,,5,mizuho_bank,https://www.mizuhobank.co.jp/takarakuji/check/loto/backnumber/detail.html?fromto=1001_1020&type=miniloto,2026-08-21T01:53:32.823782+00:00,0275158caed88c8c7b011a86d5ce96e4de334990647260255feb13f9a00a6345
MINI_LOTO,1015,2019-03-05,3,5,6,20,25,,27,mizuho_bank,https://www.mizuhobank.co.jp/takarakuji/check/loto/backnumber/detail.html?fromto=1001_1020&type=miniloto,2026-08-21T01:53:32.823782+00:00,0275158caed88c8c7b011a86d5ce96e4de334990647260255feb13f9a00a6345
MINI_LOTO,1016,2019-03-12,5,21,23,25,27,,22,mizuho_bank,https://www.mizuhobank.co.jp/takarakuji/check/loto/backnumber/detail.html?fromto=1001_1020&type=miniloto,2026-08-21T01:53:32.823782+00:00,0275158caed88c8c7b011a86d5ce96e4de334990647260255feb13f9a00a6345
MINI_LOTO,1017,2019-03-19,9,16,21,23,24,,8,mizuho_bank,https://www.mizuhobank.co.jp/takarakuji/check/loto/backnumber/detail.html?fromto=1001_1020&type=miniloto,2026-08-21T01:53:32.823782+00:00,0275158caed88c8c7b011a86d5ce96e4de334990647260255feb13f9a00a6345
MINI_LOTO,1018,2019-03-26,13,16,23,27,29,,15,mizuho_bank,https://www.mizuhobank.co.jp/takarakuji/check/loto/backnumber/detail.html?fromto=1001_1020&type=miniloto,2026-08-21T01:53:32.823782+00:00,0275158caed88c8c7b011a86d5ce96e4de334990647260255feb13f9a00a6345
MINI_LOTO,1019,2019-04-02,5,6,16,23,24,,3,mizuho_bank,https://www.mizuhobank.co.jp/takarakuji/check/loto/backnumber/detail.html?fromto=1001_1020&type=miniloto,2026-08-21T01:53:32.823782+00:00,0275158caed88c8c7b011a86d5ce96e4de334990647260255feb13f9a00a6345
MINI_LOTO,1020,2019-04-09,3,12,17,24,30,,31,mizuho_bank,https://www.mizuhobank.co.jp/takarakuji/check/loto/backnumber/detail.html?fromto=1001_1020&type=miniloto,2026-08-21T01:53:32.823782+00:00,0275158caed88c8c7b011a86d5ce96e4de334990647260255feb13f9a00a6345
MINI_LOTO,1021,2019-04-16,13,19,23,25,29,,8,mizuho_bank,https://www.mizuhobank.co.jp/takarakuji/check/loto/backnumber/detail.html?fromto=1021_1040&type=miniloto,2026-08-21T01:53:32.157969+00:00,422ae361b37169fc484d4d526b378affc11420ef78f4492a67f17fe4e5e412d7
MINI_LOTO,1022,2019-04-23,5,13,24,27,29,,22,mizuho_bank,https://www.mizuhobank.co.jp/takarakuji/check/loto/backnumber/detail.html?fromto=1021_1040&type=miniloto,2026-08-21T01:53:32.157969+00:00,422ae361b37169fc484d4d526b378affc11420ef78f4492a67f17fe4e5e412d7
MINI_LOTO,1023,2019-04-30,2,12,22,23,26,,25,mizuho_bank,https://www.mizuhobank.co.jp/takarakuji/check/loto/backnumber/detail.html?fromto=1021_1040&type=miniloto,2026-08-21T01:53:32.157969+00:00,422ae361b37169fc484d4d526b378affc11420ef78f4492a67f17fe4e5e412d7
MINI_LOTO,1024,2019-05-07,4,11,12,23,28,,3,mizuho_bank,https://www.mizuhobank.co.jp/takarakuji/check/loto/backnumber/detail.html?fromto=1021_1040&type=miniloto,2026-08-21T01:53:32.157969+00:00,422ae361b37169fc484d4d526b378affc11420ef78f4492a67f17fe4e5e412d7
MINI_LOTO,1025,2019-05-14,3,4,13,19,23,,18,mizuho_bank,https://www.mizuhobank.co.jp/takarakuji/check/loto/backnumber/detail.html?fromto=1021_1040&type=miniloto,2026-08-21T01:53:32.157969+00:00,422ae361b37169fc484d4d526b378affc11420ef78f4492a67f17fe4e5e412d7
MINI_LOTO,1026,2019-05-21,3,14,15,22,26,,1,mizuho_bank,https://www.mizuhobank.co.jp/takarakuji/check/loto/backnumber/detail.html?fromto=1021_1040&type=miniloto,2026-08-21T01:53:32.157969+00:00,422ae361b37169fc484d4d526b378affc11420ef78f4492a67f17fe4e5e412d7
MINI_LOTO,1027,2019-05-28,5,6,17,21,27,,19,mizuho_bank,https://www.mizuhobank.co.jp/takarakuji/check/loto/backnumber/detail.html?fromto=1021_1040&type=miniloto,2026-08-21T01:53:32.157969+00:00,422ae361b37169fc484d4d526b378affc11420ef78f4492a67f17fe4e5e412d7
MINI_LOTO,1028,2019-06-04,2,3,8,16,27,,17,mizuho_bank,https://www.mizuhobank.co.jp/takarakuji/check/loto/backnumber/detail.html?fromto=1021_1040&type=miniloto,2026-08-21T01:53:32.157969+00:00,422ae361b37169fc484d4d526b378affc11420ef78f4492a67f17fe4e5e412d7
MINI_LOTO,1029,2019-06-11,3,4,9,11,29,,5,mizuho_bank,https://www.mizuhobank.co.jp/takarakuji/check/loto/backnumber/detail.html?fromto=1021_1040&type=miniloto,2026-08-21T01:53:32.157969+00:00,422ae361b37169fc484d4d526b378affc11420ef78f4492a67f17fe4e5e412d7
MINI_LOTO,1030,2019-06-18,21,24,26,27,28,,22,mizuho_bank,https://www.mizuhobank.co.jp/takarakuji/check/loto/backnumber/detail.html?fromto=1021_1040&type=miniloto,2026-08-21T01:53:32.157969+00:00,422ae361b37169fc484d4d526b378affc11420ef78f4492a67f17fe4e5e412d7
MINI_LOTO,1031,2019-06-25,5,8,17,21,23,,15,mizuho_bank,https://www.mizuhobank.co.jp/takarakuji/check/loto/backnumber/detail.html?fromto=1021_1040&type=miniloto,2026-08-21T01:53:32.157969+00:00,422ae361b37169fc484d4d526b378affc11420ef78f4492a67f17fe4e5e412d7
MINI_LOTO,1032,2019-07-02,1,9,14,21,26,,29,mizuho_bank,https://www.mizuhobank.co.jp/takarakuji/check/loto/backnumber/detail.html?fromto=1021_1040&type=miniloto,2026-08-21T01:53:32.157969+00:00,422ae361b37169fc484d4d526b378affc11420ef78f4492a67f17fe4e5e412d7
MINI_LOTO,1033,2019-07-09,2,12,14,24,31,,22,mizuho_bank,https://www.mizuhobank.co.jp/takarakuji/check/loto/backnumber/detail.html?fromto=1021_1040&type=miniloto,2026-08-21T01:53:32.157969+00:00,422ae361b37169fc484d4d526b378affc11420ef78f4492a67f17fe4e5e412d7
MINI_LOTO,1034,2019-07-16,12,22,27,28,29,,10,mizuho_bank,https://www.mizuhobank.co.jp/takarakuji/check/loto/backnumber/detail.html?fromto=1021_1040&type=miniloto,2026-08-21T01:53:32.157969+00:00,422ae361b37169fc484d4d526b378affc11420ef78f4492a67f17fe4e5e412d7
MINI_LOTO,1035,2019-07-23,3,8,11,16,31,,26,mizuho_bank,https://www.mizuhobank.co.jp/takarakuji/check/loto/backnumber/detail.html?fromto=1021_1040&type=miniloto,2026-08-21T01:53:32.157969+00:00,422ae361b37169fc484d4d526b378affc11420ef78f4492a67f17fe4e5e412d7
MINI_LOTO,1036,2019-07-30,7,14,16,23,28,,9,mizuho_bank,https://www.mizuhobank.co.jp/takarakuji/check/loto/backnumber/detail.html?fromto=1021_1040&type=miniloto,2026-08-21T01:53:32.157969+00:00,422ae361b37169fc484d4d526b378affc11420ef78f4492a67f17fe4e5e412d7
MINI_LOTO,1037,2019-08-06,7,19,23,24,27,,17,mizuho_bank,https://www.mizuhobank.co.jp/takarakuji/check/loto/backnumber/detail.html?fromto=1021_1040&type=miniloto,2026-08-21T01:53:32.157969+00:00,422ae361b37169fc484d4d526b378affc11420ef78f4492a67f17fe4e5e412d7
MINI_LOTO,1038,2019-08-13,2,5,21,23,30,,8,mizuho_bank,https://www.mizuhobank.co.jp/takarakuji/check/loto/backnumber/detail.html?fromto=1021_1040&type=miniloto,2026-08-21T01:53:32.157969+00:00,422ae361b37169fc484d4d526b378affc11420ef78f4492a67f17fe4e5e412d7
MINI_LOTO,1039,2019-08-20,4,19,22,24,30,,12,mizuho_bank,https://www.mizuhobank.co.jp/takarakuji/check/loto/backnumber/detail.html?fromto=1021_1040&type=miniloto,2026-08-21T01:53:32.157969+00:00,422ae361b37169fc484d4d526b378affc11420ef78f4492a67f17fe4e5e412d7
MINI_LOTO,1040,2019-08-27,7,10,13,25,27,,30,mizuho_bank,https://www.mizuhobank.co.jp/takarakuji/check/loto/backnumber/detail.html?fromto=1021_1040&type=miniloto,2026-08-21T01:53:32.157969+00:00,422ae361b37169fc484d4d526b378affc11420ef78f4492a67f17fe4e5e412d7
MINI_LOTO,1041,2019-09-03,3,9,14,15,27,,31,mizuho_bank,https://www.mizuhobank.co.jp/takarakuji/check/loto/backnumber/detail.html?fromto=1041_1060&type=miniloto,2026-08-21T01:53:31.409185+00:00,57a2e56a644c0346d9d5bad66f7d498de61ac2ac021b83cc8b7b4e34055ed929
MINI_LOTO,1042,2019-09-10,11,12,19,23,28,,7,mizuho_bank,https://www.mizuhobank.co.jp/takarakuji/check/loto/backnumber/detail.html?fromto=1041_1060&type=miniloto,2026-08-21T01:53:31.409185+00:00,57a2e56a644c0346d9d5bad66f7d498de61ac2ac021b83cc8b7b4e34055ed929
MINI_LOTO,1043,2019-09-17,7,9,23,24,25,,30,mizuho_bank,https://www.mizuhobank.co.jp/takarakuji/check/loto/backnumber/detail.html?fromto=1041_1060&type=miniloto,2026-08-21T01:53:31.409185+00:00,57a2e56a644c0346d9d5bad66f7d498de61ac2ac021b83cc8b7b4e34055ed929
MINI_LOTO,1044,2019-09-24,12,19,27,28,30,,1,mizuho_bank,https://www.mizuhobank.co.jp/takarakuji/check/loto/backnumber/detail.html?fromto=1041_1060&type=miniloto,2026-08-21T01:53:31.409185+00:00,57a2e56a644c0346d9d5bad66f7d498de61ac2ac021b83cc8b7b4e34055ed929
MINI_LOTO,1045,2019-10-01,3,5,7,10,18,,16,mizuho_bank,https://www.mizuhobank.co.jp/takarakuji/check/loto/backnumber/detail.html?fromto=1041_1060&type=miniloto,2026-08-21T01:53:31.409185+00:00,57a2e56a644c0346d9d5bad66f7d498de61ac2ac021b83cc8b7b4e34055ed929
MINI_LOTO,1046,2019-10-08,16,23,24,28,29,,12,mizuho_bank,https://www.mizuhobank.co.jp/takarakuji/check/loto/backnumber/detail.html?fromto=1041_1060&type=miniloto,2026-08-21T01:53:31.409185+00:00,57a2e56a644c0346d9d5bad66f7d498de61ac2ac021b83cc8b7b4e34055ed929
MINI_LOTO,1047,2019-10-15,8,12,19,25,26,,9,mizuho_bank,https://www.mizuhobank.co.jp/takarakuji/check/loto/backnumber/detail.html?fromto=1041_1060&type=miniloto,2026-08-21T01:53:31.409185+00:00,57a2e56a644c0346d9d5bad66f7d498de61ac2ac021b83cc8b7b4e34055ed929
MINI_LOTO,1048,2019-10-22,1,8,11,19,23,,12,mizuho_bank,https://www.mizuhobank.co.jp/takarakuji/check/loto/backnumber/detail.html?fromto=1041_1060&type=miniloto,2026-08-21T01:53:31.409185+00:00,57a2e56a644c0346d9d5bad66f7d498de61ac2ac021b83cc8b7b4e34055ed929
MINI_LOTO,1049,2019-10-29,2,16,21,26,31,,27,mizuho_bank,https://www.mizuhobank.co.jp/takarakuji/check/loto/backnumber/detail.html?fromto=1041_1060&type=miniloto,2026-08-21T01:53:31.409185+00:00,57a2e56a644c0346d9d5bad66f7d498de61ac2ac021b83cc8b7b4e34055ed929
MINI_LOTO,1050,2019-11-05,2,15,19,23,28,,10,mizuho_bank,https://www.mizuhobank.co.jp/takarakuji/check/loto/backnumber/detail.html?fromto=1041_1060&type=miniloto,2026-08-21T01:53:31.409185+00:00,57a2e56a644c0346d9d5bad66f7d498de61ac2ac021b83cc8b7b4e34055ed929
MINI_LOTO,1051,2019-11-12,7,11,12,21,22,,5,mizuho_bank,https://www.mizuhobank.co.jp/takarakuji/check/loto/backnumber/detail.html?fromto=1041_1060&type=miniloto,2026-08-21T01:53:31.409185+00:00,57a2e56a644c0346d9d5bad66f7d498de61ac2ac021b83cc8b7b4e34055ed929
MINI_LOTO,1052,2019-11-19,4,8,9,14,26,,5,mizuho_bank,https://www.mizuhobank.co.jp/takarakuji/check/loto/backnumber/detail.html?fromto=1041_1060&type=miniloto,2026-08-21T01:53:31.409185+00:00,57a2e56a644c0346d9d5bad66f7d498de61ac2ac021b83cc8b7b4e34055ed929
MINI_LOTO,1053,2019-11-26,2,3,13,16,23,,14,mizuho_bank,https://www.mizuhobank.co.jp/takarakuji/check/loto/backnumber/detail.html?fromto=1041_1060&type=miniloto,2026-08-21T01:53:31.409185+00:00,57a2e56a644c0346d9d5bad66f7d498de61ac2ac021b83cc8b7b4e34055ed929
MINI_LOTO,1054,2019-12-03,2,19,25,26,31,,22,mizuho_bank,https://www.mizuhobank.co.jp/takarakuji/check/loto/backnumber/detail.html?fromto=1041_1060&type=miniloto,2026-08-21T01:53:31.409185+00:00,57a2e56a644c0346d9d5bad66f7d498de61ac2ac021b83cc8b7b4e34055ed929
MINI_LOTO,1055,2019-12-10,1,5,18,19,21,,9,mizuho_bank,https://www.mizuhobank.co.jp/takarakuji/check/loto/backnumber/detail.html?fromto=1041_1060&type=miniloto,2026-08-21T01:53:31.409185+00:00,57a2e56a644c0346d9d5bad66f7d498de61ac2ac021b83cc8b7b4e34055ed929
MINI_LOTO,1056,2019-12-17,3,12,14,21,25,,10,mizuho_bank,https://www.mizuhobank.co.jp/takarakuji/check/loto/backnumber/detail.html?fromto=1041_1060&type=miniloto,2026-08-21T01:53:31.409185+00:00,57a2e56a644c0346d9d5bad66f7d498de61ac2ac021b83cc8b7b4e34055ed929
MINI_LOTO,1057,2019-12-24,9,13,21,23,26,,1,mizuho_bank,https://www.mizuhobank.co.jp/takarakuji/check/loto/backnumber/detail.html?fromto=1041_1060&type=miniloto,2026-08-21T01:53:31.409185+00:00,57a2e56a644c0346d9d5bad66f7d498de61ac2ac021b83cc8b7b4e34055ed929
MINI_LOTO,1058,2020-01-07,2,16,19,24,27,,20,mizuho_bank,https://www.mizuhobank.co.jp/takarakuji/check/loto/backnumber/detail.html?fromto=1041_1060&type=miniloto,2026-08-21T01:53:31.409185+00:00,57a2e56a644c0346d9d5bad66f7d498de61ac2ac021b83cc8b7b4e34055ed929
MINI_LOTO,1059,2020-01-14,2,11,13,16,18,,3,mizuho_bank,https://www.mizuhobank.co.jp/takarakuji/check/loto/backnumber/detail.html?fromto=1041_1060&type=miniloto,2026-08-21T01:53:31.409185+00:00,57a2e56a644c0346d9d5bad66f7d498de61ac2ac021b83cc8b7b4e34055ed929
MINI_LOTO,1060,2020-01-21,19,23,24,28,31,,11,mizuho_bank,https://www.mizuhobank.co.jp/takarakuji/check/loto/backnumber/detail.html?fromto=1041_1060&type=miniloto,2026-08-21T01:53:31.409185+00:00,57a2e56a644c0346d9d5bad66f7d498de61ac2ac021b83cc8b7b4e34055ed929
MINI_LOTO,1061,2020-01-28,5,10,19,23,28,,9,mizuho_bank,https://www.mizuhobank.co.jp/takarakuji/check/loto/backnumber/detail.html?fromto=1061_1080&type=miniloto,2026-08-21T01:53:30.783878+00:00,6ca8bc0def38701c25cce8c1f53f9e5762f9c4698f806b22abd0566e611c7209
MINI_LOTO,1062,2020-02-04,14,18,23,29,31,,17,mizuho_bank,https://www.mizuhobank.co.jp/takarakuji/check/loto/backnumber/detail.html?fromto=1061_1080&type=miniloto,2026-08-21T01:53:30.783878+00:00,6ca8bc0def38701c25cce8c1f53f9e5762f9c4698f806b22abd0566e611c7209
MINI_LOTO,1063,2020-02-11,10,18,20,26,27,,25,mizuho_bank,https://www.mizuhobank.co.jp/takarakuji/check/loto/backnumber/detail.html?fromto=1061_1080&type=miniloto,2026-08-21T01:53:30.783878+00:00,6ca8bc0def38701c25cce8c1f53f9e5762f9c4698f806b22abd0566e611c7209
MINI_LOTO,1064,2020-02-18,1,5,8,28,29,,7,mizuho_bank,https://www.mizuhobank.co.jp/takarakuji/check/loto/backnumber/detail.html?fromto=1061_1080&type=miniloto,2026-08-21T01:53:30.783878+00:00,6ca8bc0def38701c25cce8c1f53f9e5762f9c4698f806b22abd0566e611c7209
MINI_LOTO,1065,2020-02-25,8,11,14,16,31,,10,mizuho_bank,https://www.mizuhobank.co.jp/takarakuji/check/loto/backnumber/detail.html?fromto=1061_1080&type=miniloto,2026-08-21T01:53:30.783878+00:00,6ca8bc0def38701c25cce8c1f53f9e5762f9c4698f806b22abd0566e611c7209
MINI_LOTO,1066,2020-03-03,15,17,20,22,23,,21,mizuho_bank,https://www.mizuhobank.co.jp/takarakuji/check/loto/backnumber/detail.html?fromto=1061_1080&type=miniloto,2026-08-21T01:53:30.783878+00:00,6ca8bc0def38701c25cce8c1f53f9e5762f9c4698f806b22abd0566e611c7209
MINI_LOTO,1067,2020-03-10,2,10,13,15,28,,26,mizuho_bank,https://www.mizuhobank.co.jp/takarakuji/check/loto/backnumber/detail.html?fromto=1061_1080&type=miniloto,2026-08-21T01:53:30.783878+00:00,6ca8bc0def38701c25cce8c1f53f9e5762f9c4698f806b22abd0566e611c7209
MINI_LOTO,1068,2020-03-17,2,3,20,24,31,,9,mizuho_bank,https://www.mizuhobank.co.jp/takarakuji/check/loto/backnumber/detail.html?fromto=1061_1080&type=miniloto,2026-08-21T01:53:30.783878+00:00,6ca8bc0def38701c25cce8c1f53f9e5762f9c4698f806b22abd0566e611c7209
MINI_LOTO,1069,2020-03-24,1,3,9,14,25,,20,mizuho_bank,https://www.mizuhobank.co.jp/takarakuji/check/loto/backnumber/detail.html?fromto=1061_1080&type=miniloto,2026-08-21T01:53:30.783878+00:00,6ca8bc0def38701c25cce8c1f53f9e5762f9c4698f806b22abd0566e611c7209
MINI_LOTO,1070,2020-03-31,7,9,11,27,31,,21,mizuho_bank,https://www.mizuhobank.co.jp/takarakuji/check/loto/backnumber/detail.html?fromto=1061_1080&type=miniloto,2026-08-21T01:53:30.783878+00:00,6ca8bc0def38701c25cce8c1f53f9e5762f9c4698f806b22abd0566e611c7209
MINI_LOTO,1071,2020-04-07,2,3,4,27,31,,7,mizuho_bank,https://www.mizuhobank.co.jp/takarakuji/check/loto/backnumber/detail.html?fromto=1061_1080&type=miniloto,2026-08-21T01:53:30.783878+00:00,6ca8bc0def38701c25cce8c1f53f9e5762f9c4698f806b22abd0566e611c7209
MINI_LOTO,1072,2020-04-14,3,4,10,12,13,,31,mizuho_bank,https://www.mizuhobank.co.jp/takarakuji/check/loto/backnumber/detail.html?fromto=1061_1080&type=miniloto,2026-08-21T01:53:30.783878+00:00,6ca8bc0def38701c25cce8c1f53f9e5762f9c4698f806b22abd0566e611c7209
MINI_LOTO,1073,2020-04-21,2,13,21,24,30,,14,mizuho_bank,https://www.mizuhobank.co.jp/takarakuji/check/loto/backnumber/detail.html?fromto=1061_1080&type=miniloto,2026-08-21T01:53:30.783878+00:00,6ca8bc0def38701c25cce8c1f53f9e5762f9c4698f806b22abd0566e611c7209
MINI_LOTO,1074,2020-04-28,15,18,20,22,27,,21,mizuho_bank,https://www.mizuhobank.co.jp/takarakuji/check/loto/backnumber/detail.html?fromto=1061_1080&type=miniloto,2026-08-21T01:53:30.783878+00:00,6ca8bc0def38701c25cce8c1f53f9e5762f9c4698f806b22abd0566e611c7209
MINI_LOTO,1075,2020-05-05,4,11,13,16,31,,6,mizuho_bank,https://www.mizuhobank.co.jp/takarakuji/check/loto/backnumber/detail.html?fromto=1061_1080&type=miniloto,2026-08-21T01:53:30.783878+00:00,6ca8bc0def38701c25cce8c1f53f9e5762f9c4698f806b22abd0566e611c7209
MINI_LOTO,1076,2020-05-12,5,7,11,22,26,,15,mizuho_bank,https://www.mizuhobank.co.jp/takarakuji/check/loto/backnumber/detail.html?fromto=1061_1080&type=miniloto,2026-08-21T01:53:30.783878+00:00,6ca8bc0def38701c25cce8c1f53f9e5762f9c4698f806b22abd0566e611c7209
MINI_LOTO,1077,2020-05-19,3,17,19,25,31,,4,mizuho_bank,https://www.mizuhobank.co.jp/takarakuji/check/loto/backnumber/detail.html?fromto=1061_1080&type=miniloto,2026-08-21T01:53:30.783878+00:00,6ca8bc0def38701c25cce8c1f53f9e5762f9c4698f806b22abd0566e611c7209
MINI_LOTO,1078,2020-05-26,3,10,16,17,25,,24,mizuho_bank,https://www.mizuhobank.co.jp/takarakuji/check/loto/backnumber/detail.html?fromto=1061_1080&type=miniloto,2026-08-21T01:53:30.783878+00:00,6ca8bc0def38701c25cce8c1f53f9e5762f9c4698f806b22abd0566e611c7209
MINI_LOTO,1079,2020-06-02,2,6,14,16,26,,4,mizuho_bank,https://www.mizuhobank.co.jp/takarakuji/check/loto/backnumber/detail.html?fromto=1061_1080&type=miniloto,2026-08-21T01:53:30.783878+00:00,6ca8bc0def38701c25cce8c1f53f9e5762f9c4698f806b22abd0566e611c7209
MINI_LOTO,1080,2020-06-09,4,5,13,19,21,,14,mizuho_bank,https://www.mizuhobank.co.jp/takarakuji/check/loto/backnumber/detail.html?fromto=1061_1080&type=miniloto,2026-08-21T01:53:30.783878+00:00,6ca8bc0def38701c25cce8c1f53f9e5762f9c4698f806b22abd0566e611c7209
MINI_LOTO,1081,2020-06-16,2,3,4,24,25,,8,mizuho_bank,https://www.mizuhobank.co.jp/takarakuji/check/loto/backnumber/detail.html?fromto=1081_1100&type=miniloto,2026-08-21T01:53:30.149406+00:00,6c3ebd351e2f33c04e6c6f1f20b3c5b7e028e70359a4262e6410d2dfb496c807
MINI_LOTO,1082,2020-06-23,1,2,14,19,29,,5,mizuho_bank,https://www.mizuhobank.co.jp/takarakuji/check/loto/backnumber/detail.html?fromto=1081_1100&type=miniloto,2026-08-21T01:53:30.149406+00:00,6c3ebd351e2f33c04e6c6f1f20b3c5b7e028e70359a4262e6410d2dfb496c807
MINI_LOTO,1083,2020-06-30,1,3,19,26,29,,5,mizuho_bank,https://www.mizuhobank.co.jp/takarakuji/check/loto/backnumber/detail.html?fromto=1081_1100&type=miniloto,2026-08-21T01:53:30.149406+00:00,6c3ebd351e2f33c04e6c6f1f20b3c5b7e028e70359a4262e6410d2dfb496c807
MINI_LOTO,1084,2020-07-07,11,19,28,29,31,,2,mizuho_bank,https://www.mizuhobank.co.jp/takarakuji/check/loto/backnumber/detail.html?fromto=1081_1100&type=miniloto,2026-08-21T01:53:30.149406+00:00,6c3ebd351e2f33c04e6c6f1f20b3c5b7e028e70359a4262e6410d2dfb496c807
MINI_LOTO,1085,2020-07-14,9,10,16,17,28,,13,mizuho_bank,https://www.mizuhobank.co.jp/takarakuji/check/loto/backnumber/detail.html?fromto=1081_1100&type=miniloto,2026-08-21T01:53:30.149406+00:00,6c3ebd351e2f33c04e6c6f1f20b3c5b7e028e70359a4262e6410d2dfb496c807
MINI_LOTO,1086,2020-07-21,2,18,19,28,30,,16,mizuho_bank,https://www.mizuhobank.co.jp/takarakuji/check/loto/backnumber/detail.html?fromto=1081_1100&type=miniloto,2026-08-21T01:53:30.149406+00:00,6c3ebd351e2f33c04e6c6f1f20b3c5b7e028e70359a4262e6410d2dfb496c807
MINI_LOTO,1087,2020-07-28,1,3,4,9,16,,28,mizuho_bank,https://www.mizuhobank.co.jp/takarakuji/check/loto/backnumber/detail.html?fromto=1081_1100&type=miniloto,2026-08-21T01:53:30.149406+00:00,6c3ebd351e2f33c04e6c6f1f20b3c5b7e028e70359a4262e6410d2dfb496c807
MINI_LOTO,1088,2020-08-04,2,8,14,17,26,,4,mizuho_bank,https://www.mizuhobank.co.jp/takarakuji/check/loto/backnumber/detail.html?fromto=1081_1100&type=miniloto,2026-08-21T01:53:30.149406+00:00,6c3ebd351e2f33c04e6c6f1f20b3c5b7e028e70359a4262e6410d2dfb496c807
MINI_LOTO,1089,2020-08-11,3,13,18,19,22,,29,mizuho_bank,https://www.mizuhobank.co.jp/takarakuji/check/loto/backnumber/detail.html?fromto=1081_1100&type=miniloto,2026-08-21T01:53:30.149406+00:00,6c3ebd351e2f33c04e6c6f1f20b3c5b7e028e70359a4262e6410d2dfb496c807
MINI_LOTO,1090,2020-08-18,4,12,15,22,25,,10,mizuho_bank,https://www.mizuhobank.co.jp/takarakuji/check/loto/backnumber/detail.html?fromto=1081_1100&type=miniloto,2026-08-21T01:53:30.149406+00:00,6c3ebd351e2f33c04e6c6f1f20b3c5b7e028e70359a4262e6410d2dfb496c807
MINI_LOTO,1091,2020-08-25,1,14,25,29,31,,30,mizuho_bank,https://www.mizuhobank.co.jp/takarakuji/check/loto/backnumber/detail.html?fromto=1081_1100&type=miniloto,2026-08-21T01:53:30.149406+00:00,6c3ebd351e2f33c04e6c6f1f20b3c5b7e028e70359a4262e6410d2dfb496c807
MINI_LOTO,1092,2020-09-01,9,13,14,19,22,,25,mizuho_bank,https://www.mizuhobank.co.jp/takarakuji/check/loto/backnumber/detail.html?fromto=1081_1100&type=miniloto,2026-08-21T01:53:30.149406+00:00,6c3ebd351e2f33c04e6c6f1f20b3c5b7e028e70359a4262e6410d2dfb496c807
MINI_LOTO,1093,2020-09-08,2,12,17,23,30,,8,mizuho_bank,https://www.mizuhobank.co.jp/takarakuji/check/loto/backnumber/detail.html?fromto=1081_1100&type=miniloto,2026-08-21T01:53:30.149406+00:00,6c3ebd351e2f33c04e6c6f1f20b3c5b7e028e70359a4262e6410d2dfb496c807
MINI_LOTO,1094,2020-09-15,3,5,8,14,22,,21,mizuho_bank,https://www.mizuhobank.co.jp/takarakuji/check/loto/backnumber/detail.html?fromto=1081_1100&type=miniloto,2026-08-21T01:53:30.149406+00:00,6c3ebd351e2f33c04e6c6f1f20b3c5b7e028e70359a4262e6410d2dfb496c807
MINI_LOTO,1095,2020-09-22,4,10,16,21,24,,6,mizuho_bank,https://www.mizuhobank.co.jp/takarakuji/check/loto/backnumber/detail.html?fromto=1081_1100&type=miniloto,2026-08-21T01:53:30.149406+00:00,6c3ebd351e2f33c04e6c6f1f20b3c5b7e028e70359a4262e6410d2dfb496c807
MINI_LOTO,1096,2020-09-29,1,2,12,20,22,,8,mizuho_bank,https://www.mizuhobank.co.jp/takarakuji/check/loto/backnumber/detail.html?fromto=1081_1100&type=miniloto,2026-08-21T01:53:30.149406+00:00,6c3ebd351e2f33c04e6c6f1f20b3c5b7e028e70359a4262e6410d2dfb496c807
MINI_LOTO,1097,2020-10-06,5,12,18,19,24,,16,mizuho_bank,https://www.mizuhobank.co.jp/takarakuji/check/loto/backnumber/detail.html?fromto=1081_1100&type=miniloto,2026-08-21T01:53:30.149406+00:00,6c3ebd351e2f33c04e6c6f1f20b3c5b7e028e70359a4262e6410d2dfb496c807
MINI_LOTO,1098,2020-10-13,3,13,17,28,31,,19,mizuho_bank,https://www.mizuhobank.co.jp/takarakuji/check/loto/backnumber/detail.html?fromto=1081_1100&type=miniloto,2026-08-21T01:53:30.149406+00:00,6c3ebd351e2f33c04e6c6f1f20b3c5b7e028e70359a4262e6410d2dfb496c807
MINI_LOTO,1099,2020-10-20,1,3,5,14,23,,15,mizuho_bank,https://www.mizuhobank.co.jp/takarakuji/check/loto/backnumber/detail.html?fromto=1081_1100&type=miniloto,2026-08-21T01:53:30.149406+00:00,6c3ebd351e2f33c04e6c6f1f20b3c5b7e028e70359a4262e6410d2dfb496c807
MINI_LOTO,1100,2020-10-27,13,18,19,25,27,,16,mizuho_bank,https://www.mizuhobank.co.jp/takarakuji/check/loto/backnumber/detail.html?fromto=1081_1100&type=miniloto,2026-08-21T01:53:30.149406+00:00,6c3ebd351e2f33c04e6c6f1f20b3c5b7e028e70359a4262e6410d2dfb496c807
MINI_LOTO,1101,2020-11-03,1,8,10,12,29,,13,mizuho_bank,https://www.mizuhobank.co.jp/takarakuji/check/loto/backnumber/detail.html?fromto=1101_1120&type=miniloto,2026-08-21T01:53:29.284713+00:00,aa04af0d82d3aecec8204b723514063996f050677dca8462221f611bb2066916
MINI_LOTO,1102,2020-11-10,8,13,20,26,29,,6,mizuho_bank,https://www.mizuhobank.co.jp/takarakuji/check/loto/backnumber/detail.html?fromto=1101_1120&type=miniloto,2026-08-21T01:53:29.284713+00:00,aa04af0d82d3aecec8204b723514063996f050677dca8462221f611bb2066916
MINI_LOTO,1103,2020-11-17,1,6,7,21,31,,18,mizuho_bank,https://www.mizuhobank.co.jp/takarakuji/check/loto/backnumber/detail.html?fromto=1101_1120&type=miniloto,2026-08-21T01:53:29.284713+00:00,aa04af0d82d3aecec8204b723514063996f050677dca8462221f611bb2066916
MINI_LOTO,1104,2020-11-24,7,16,20,23,28,,6,mizuho_bank,https://www.mizuhobank.co.jp/takarakuji/check/loto/backnumber/detail.html?fromto=1101_1120&type=miniloto,2026-08-21T01:53:29.284713+00:00,aa04af0d82d3aecec8204b723514063996f050677dca8462221f611bb2066916
MINI_LOTO,1105,2020-12-01,4,11,16,21,26,,9,mizuho_bank,https://www.mizuhobank.co.jp/takarakuji/check/loto/backnumber/detail.html?fromto=1101_1120&type=miniloto,2026-08-21T01:53:29.284713+00:00,aa04af0d82d3aecec8204b723514063996f050677dca8462221f611bb2066916
MINI_LOTO,1106,2020-12-08,2,18,21,25,30,,19,mizuho_bank,https://www.mizuhobank.co.jp/takarakuji/check/loto/backnumber/detail.html?fromto=1101_1120&type=miniloto,2026-08-21T01:53:29.284713+00:00,aa04af0d82d3aecec8204b723514063996f050677dca8462221f611bb2066916
MINI_LOTO,1107,2020-12-15,7,10,16,18,29,,5,mizuho_bank,https://www.mizuhobank.co.jp/takarakuji/check/loto/backnumber/detail.html?fromto=1101_1120&type=miniloto,2026-08-21T01:53:29.284713+00:00,aa04af0d82d3aecec8204b723514063996f050677dca8462221f611bb2066916
MINI_LOTO,1108,2020-12-22,6,10,14,17,19,,27,mizuho_bank,https://www.mizuhobank.co.jp/takarakuji/check/loto/backnumber/detail.html?fromto=1101_1120&type=miniloto,2026-08-21T01:53:29.284713+00:00,aa04af0d82d3aecec8204b723514063996f050677dca8462221f611bb2066916
MINI_LOTO,1109,2020-12-29,7,15,17,26,27,,8,mizuho_bank,https://www.mizuhobank.co.jp/takarakuji/check/loto/backnumber/detail.html?fromto=1101_1120&type=miniloto,2026-08-21T01:53:29.284713+00:00,aa04af0d82d3aecec8204b723514063996f050677dca8462221f611bb2066916
MINI_LOTO,1110,2021-01-05,2,7,19,23,28,,3,mizuho_bank,https://www.mizuhobank.co.jp/takarakuji/check/loto/backnumber/detail.html?fromto=1101_1120&type=miniloto,2026-08-21T01:53:29.284713+00:00,aa04af0d82d3aecec8204b723514063996f050677dca8462221f611bb2066916
MINI_LOTO,1111,2021-01-12,2,3,4,13,31,,29,mizuho_bank,https://www.mizuhobank.co.jp/takarakuji/check/loto/backnumber/detail.html?fromto=1101_1120&type=miniloto,2026-08-21T01:53:29.284713+00:00,aa04af0d82d3aecec8204b723514063996f050677dca8462221f611bb2066916
MINI_LOTO,1112,2021-01-19,5,6,8,13,25,,29,mizuho_bank,https://www.mizuhobank.co.jp/takarakuji/check/loto/backnumber/detail.html?fromto=1101_1120&type=miniloto,2026-08-21T01:53:29.284713+00:00,aa04af0d82d3aecec8204b723514063996f050677dca8462221f611bb2066916
MINI_LOTO,1113,2021-01-26,19,20,21,26,27,,12,mizuho_bank,https://www.mizuhobank.co.jp/takarakuji/check/loto/backnumber/detail.html?fromto=1101_1120&type=miniloto,2026-08-21T01:53:29.284713+00:00,aa04af0d82d3aecec8204b723514063996f050677dca8462221f611bb2066916
MINI_LOTO,1114,2021-02-02,7,18,21,25,26,,12,mizuho_bank,https://www.mizuhobank.co.jp/takarakuji/check/loto/backnumber/detail.html?fromto=1101_1120&type=miniloto,2026-08-21T01:53:29.284713+00:00,aa04af0d82d3aecec8204b723514063996f050677dca8462221f611bb2066916
MINI_LOTO,1115,2021-02-09,2,4,6,11,29,,20,mizuho_bank,https://www.mizuhobank.co.jp/takarakuji/check/loto/backnumber/detail.html?fromto=1101_1120&type=miniloto,2026-08-21T01:53:29.284713+00:00,aa04af0d82d3aecec8204b723514063996f050677dca8462221f611bb2066916
MINI_LOTO,1116,2021-02-16,7,24,25,27,29,,10,mizuho_bank,https://www.mizuhobank.co.jp/takarakuji/check/loto/backnumber/detail.html?fromto=1101_1120&type=miniloto,2026-08-21T01:53:29.284713+00:00,aa04af0d82d3aecec8204b723514063996f050677dca8462221f611bb2066916
MINI_LOTO,1117,2021-02-23,4,13,22,27,30,,19,mizuho_bank,https://www.mizuhobank.co.jp/takarakuji/check/loto/backnumber/detail.html?fromto=1101_1120&type=miniloto,2026-08-21T01:53:29.284713+00:00,aa04af0d82d3aecec8204b723514063996f050677dca8462221f611bb2066916
MINI_LOTO,1118,2021-03-02,8,13,16,27,29,,11,mizuho_bank,https://www.mizuhobank.co.jp/takarakuji/check/loto/backnumber/detail.html?fromto=1101_1120&type=miniloto,2026-08-21T01:53:29.284713+00:00,aa04af0d82d3aecec8204b723514063996f050677dca8462221f611bb2066916
MINI_LOTO,1119,2021-03-09,9,10,12,17,18,,14,mizuho_bank,https://www.mizuhobank.co.jp/takarakuji/check/loto/backnumber/detail.html?fromto=1101_1120&type=miniloto,2026-08-21T01:53:29.284713+00:00,aa04af0d82d3aecec8204b723514063996f050677dca8462221f611bb2066916
MINI_LOTO,1120,2021-03-16,2,10,11,17,31,,26,mizuho_bank,https://www.mizuhobank.co.jp/takarakuji/check/loto/backnumber/detail.html?fromto=1101_1120&type=miniloto,2026-08-21T01:53:29.284713+00:00,aa04af0d82d3aecec8204b723514063996f050677dca8462221f611bb2066916
MINI_LOTO,1121,2021-03-23,13,19,21,24,25,,16,mizuho_bank,https://www.mizuhobank.co.jp/takarakuji/check/loto/backnumber/detail.html?fromto=1121_1140&type=miniloto,2026-08-21T01:53:28.622813+00:00,7f23a940b08e02790373630ef5199093edc1d95ac414504cfe80d7fc3ded2f48
MINI_LOTO,1122,2021-03-30,8,9,14,25,28,,11,mizuho_bank,https://www.mizuhobank.co.jp/takarakuji/check/loto/backnumber/detail.html?fromto=1121_1140&type=miniloto,2026-08-21T01:53:28.622813+00:00,7f23a940b08e02790373630ef5199093edc1d95ac414504cfe80d7fc3ded2f48
MINI_LOTO,1123,2021-04-06,7,17,26,28,29,,24,mizuho_bank,https://www.mizuhobank.co.jp/takarakuji/check/loto/backnumber/detail.html?fromto=1121_1140&type=miniloto,2026-08-21T01:53:28.622813+00:00,7f23a940b08e02790373630ef5199093edc1d95ac414504cfe80d7fc3ded2f48
MINI_LOTO,1124,2021-04-13,3,4,6,8,27,,12,mizuho_bank,https://www.mizuhobank.co.jp/takarakuji/check/loto/backnumber/detail.html?fromto=1121_1140&type=miniloto,2026-08-21T01:53:28.622813+00:00,7f23a940b08e02790373630ef5199093edc1d95ac414504cfe80d7fc3ded2f48
MINI_LOTO,1125,2021-04-20,2,6,10,14,21,,18,mizuho_bank,https://www.mizuhobank.co.jp/takarakuji/check/loto/backnumber/detail.html?fromto=1121_1140&type=miniloto,2026-08-21T01:53:28.622813+00:00,7f23a940b08e02790373630ef5199093edc1d95ac414504cfe80d7fc3ded2f48
MINI_LOTO,1126,2021-04-27,6,8,20,30,31,,25,mizuho_bank,https://www.mizuhobank.co.jp/takarakuji/check/loto/backnumber/detail.html?fromto=1121_1140&type=miniloto,2026-08-21T01:53:28.622813+00:00,7f23a940b08e02790373630ef5199093edc1d95ac414504cfe80d7fc3ded2f48
MINI_LOTO,1127,2021-05-04,8,22,24,27,28,,16,mizuho_bank,https://www.mizuhobank.co.jp/takarakuji/check/loto/backnumber/detail.html?fromto=1121_1140&type=miniloto,2026-08-21T01:53:28.622813+00:00,7f23a940b08e02790373630ef5199093edc1d95ac414504cfe80d7fc3ded2f48
MINI_LOTO,1128,2021-05-11,4,7,13,24,30,,2,mizuho_bank,https://www.mizuhobank.co.jp/takarakuji/check/loto/backnumber/detail.html?fromto=1121_1140&type=miniloto,2026-08-21T01:53:28.622813+00:00,7f23a940b08e02790373630ef5199093edc1d95ac414504cfe80d7fc3ded2f48
MINI_LOTO,1129,2021-05-18,5,9,16,29,30,,12,mizuho_bank,https://www.mizuhobank.co.jp/takarakuji/check/loto/backnumber/detail.html?fromto=1121_1140&type=miniloto,2026-08-21T01:53:28.622813+00:00,7f23a940b08e02790373630ef5199093edc1d95ac414504cfe80d7fc3ded2f48
MINI_LOTO,1130,2021-05-25,5,6,8,25,26,,11,mizuho_bank,https://www.mizuhobank.co.jp/takarakuji/check/loto/backnumber/detail.html?fromto=1121_1140&type=miniloto,2026-08-21T01:53:28.622813+00:00,7f23a940b08e02790373630ef5199093edc1d95ac414504cfe80d7fc3ded2f48
MINI_LOTO,1131,2021-06-01,6,8,11,24,29,,23,mizuho_bank,https://www.mizuhobank.co.jp/takarakuji/check/loto/backnumber/detail.html?fromto=1121_1140&type=miniloto,2026-08-21T01:53:28.622813+00:00,7f23a940b08e02790373630ef5199093edc1d95ac414504cfe80d7fc3ded2f48
MINI_LOTO,1132,2021-06-08,3,4,14,15,18,,5,mizuho_bank,https://www.mizuhobank.co.jp/takarakuji/check/loto/backnumber/detail.html?fromto=1121_1140&type=miniloto,2026-08-21T01:53:28.622813+00:00,7f23a940b08e02790373630ef5199093edc1d95ac414504cfe80d7fc3ded2f48
MINI_LOTO,1133,2021-06-15,14,17,23,28,30,,7,mizuho_bank,https://www.mizuhobank.co.jp/takarakuji/check/loto/backnumber/detail.html?fromto=1121_1140&type=miniloto,2026-08-21T01:53:28.622813+00:00,7f23a940b08e02790373630ef5199093edc1d95ac414504cfe80d7fc3ded2f48
MINI_LOTO,1134,2021-06-22,6,13,20,23,28,,21,mizuho_bank,https://www.mizuhobank.co.jp/takarakuji/check/loto/backnumber/detail.html?fromto=1121_1140&type=miniloto,2026-08-21T01:53:28.622813+00:00,7f23a940b08e02790373630ef5199093edc1d95ac414504cfe80d7fc3ded2f48
MINI_LOTO,1135,2021-06-29,7,19,21,23,28,,24,mizuho_bank,https://www.mizuhobank.co.jp/takarakuji/check/loto/backnumber/detail.html?fromto=1121_1140&type=miniloto,2026-08-21T01:53:28.622813+00:00,7f23a940b08e02790373630ef5199093edc1d95ac414504cfe80d7fc3ded2f48
MINI_LOTO,1136,2021-07-06,11,15,20,22,23,,4,mizuho_bank,https://www.mizuhobank.co.jp/takarakuji/check/loto/backnumber/detail.html?fromto=1121_1140&type=miniloto,2026-08-21T01:53:28.622813+00:00,7f23a940b08e02790373630ef5199093edc1d95ac414504cfe80d7fc3ded2f48
MINI_LOTO,1137,2021-07-13,7,8,21,25,31,,14,mizuho_bank,https://www.mizuhobank.co.jp/takarakuji/check/loto/backnumber/detail.html?fromto=1121_1140&type=miniloto,2026-08-21T01:53:28.622813+00:00,7f23a940b08e02790373630ef5199093edc1d95ac414504cfe80d7fc3ded2f48
MINI_LOTO,1138,2021-07-20,14,20,23,28,29,,27,mizuho_bank,https://www.mizuhobank.co.jp/takarakuji/check/loto/backnumber/detail.html?fromto=1121_1140&type=miniloto,2026-08-21T01:53:28.622813+00:00,7f23a940b08e02790373630ef5199093edc1d95ac414504cfe80d7fc3ded2f48
MINI_LOTO,1139,2021-07-27,12,16,17,24,31,,22,mizuho_bank,https://www.mizuhobank.co.jp/takarakuji/check/loto/backnumber/detail.html?fromto=1121_1140&type=miniloto,2026-08-21T01:53:28.622813+00:00,7f23a940b08e02790373630ef5199093edc1d95ac414504cfe80d7fc3ded2f48
MINI_LOTO,1140,2021-08-03,7,11,17,19,28,,25,mizuho_bank,https://www.mizuhobank.co.jp/takarakuji/check/loto/backnumber/detail.html?fromto=1121_1140&type=miniloto,2026-08-21T01:53:28.622813+00:00,7f23a940b08e02790373630ef5199093edc1d95ac414504cfe80d7fc3ded2f48
MINI_LOTO,1141,2021-08-10,9,12,17,18,27,,22,mizuho_bank,https://www.mizuhobank.co.jp/takarakuji/check/loto/backnumber/detail.html?fromto=1141_1160&type=miniloto,2026-08-21T01:53:27.872929+00:00,2059de0dde0044090b78070b95d039e1985b791a15bf6cb4cc209abf40500bbd
MINI_LOTO,1142,2021-08-17,11,23,25,29,30,,18,mizuho_bank,https://www.mizuhobank.co.jp/takarakuji/check/loto/backnumber/detail.html?fromto=1141_1160&type=miniloto,2026-08-21T01:53:27.872929+00:00,2059de0dde0044090b78070b95d039e1985b791a15bf6cb4cc209abf40500bbd
MINI_LOTO,1143,2021-08-24,3,4,16,19,27,,23,mizuho_bank,https://www.mizuhobank.co.jp/takarakuji/check/loto/backnumber/detail.html?fromto=1141_1160&type=miniloto,2026-08-21T01:53:27.872929+00:00,2059de0dde0044090b78070b95d039e1985b791a15bf6cb4cc209abf40500bbd
MINI_LOTO,1144,2021-08-31,4,11,14,21,30,,27,mizuho_bank,https://www.mizuhobank.co.jp/takarakuji/check/loto/backnumber/detail.html?fromto=1141_1160&type=miniloto,2026-08-21T01:53:27.872929+00:00,2059de0dde0044090b78070b95d039e1985b791a15bf6cb4cc209abf40500bbd
MINI_LOTO,1145,2021-09-07,11,14,20,28,31,,12,mizuho_bank,https://www.mizuhobank.co.jp/takarakuji/check/loto/backnumber/detail.html?fromto=1141_1160&type=miniloto,2026-08-21T01:53:27.872929+00:00,2059de0dde0044090b78070b95d039e1985b791a15bf6cb4cc209abf40500bbd
MINI_LOTO,1146,2021-09-14,4,5,11,29,30,,24,mizuho_bank,https://www.mizuhobank.co.jp/takarakuji/check/loto/backnumber/detail.html?fromto=1141_1160&type=miniloto,2026-08-21T01:53:27.872929+00:00,2059de0dde0044090b78070b95d039e1985b791a15bf6cb4cc209abf40500bbd
MINI_LOTO,1147,2021-09-21,6,8,23,27,29,,21,mizuho_bank,https://www.mizuhobank.co.jp/takarakuji/check/loto/backnumber/detail.html?fromto=1141_1160&type=miniloto,2026-08-21T01:53:27.872929+00:00,2059de0dde0044090b78070b95d039e1985b791a15bf6cb4cc209abf40500bbd
MINI_LOTO,1148,2021-09-28,1,3,6,15,19,,10,mizuho_bank,https://www.mizuhobank.co.jp/takarakuji/check/loto/backnumber/detail.html?fromto=1141_1160&type=miniloto,2026-08-21T01:53:27.872929+00:00,2059de0dde0044090b78070b95d039e1985b791a15bf6cb4cc209abf40500bbd
MINI_LOTO,1149,2021-10-05,5,12,14,15,20,,7,mizuho_bank,https://www.mizuhobank.co.jp/takarakuji/check/loto/backnumber/detail.html?fromto=1141_1160&type=miniloto,2026-08-21T01:53:27.872929+00:00,2059de0dde0044090b78070b95d039e1985b791a15bf6cb4cc209abf40500bbd
MINI_LOTO,1150,2021-10-12,1,10,13,27,29,,14,mizuho_bank,https://www.mizuhobank.co.jp/takarakuji/check/loto/backnumber/detail.html?fromto=1141_1160&type=miniloto,2026-08-21T01:53:27.872929+00:00,2059de0dde0044090b78070b95d039e1985b791a15bf6cb4cc209abf40500bbd
MINI_LOTO,1151,2021-10-19,14,18,21,30,31,,9,mizuho_bank,https://www.mizuhobank.co.jp/takarakuji/check/loto/backnumber/detail.html?fromto=1141_1160&type=miniloto,2026-08-21T01:53:27.872929+00:00,2059de0dde0044090b78070b95d039e1985b791a15bf6cb4cc209abf40500bbd
MINI_LOTO,1152,2021-10-26,2,12,14,23,27,,21,mizuho_bank,https://www.mizuhobank.co.jp/takarakuji/check/loto/backnumber/detail.html?fromto=1141_1160&type=miniloto,2026-08-21T01:53:27.872929+00:00,2059de0dde0044090b78070b95d039e1985b791a15bf6cb4cc209abf40500bbd
MINI_LOTO,1153,2021-11-02,17,25,27,29,30,,15,mizuho_bank,https://www.mizuhobank.co.jp/takarakuji/check/loto/backnumber/detail.html?fromto=1141_1160&type=miniloto,2026-08-21T01:53:27.872929+00:00,2059de0dde0044090b78070b95d039e1985b791a15bf6cb4cc209abf40500bbd
MINI_LOTO,1154,2021-11-09,9,10,12,21,24,,27,mizuho_bank,https://www.mizuhobank.co.jp/takarakuji/check/loto/backnumber/detail.html?fromto=1141_1160&type=miniloto,2026-08-21T01:53:27.872929+00:00,2059de0dde0044090b78070b95d039e1985b791a15bf6cb4cc209abf40500bbd
MINI_LOTO,1155,2021-11-16,1,9,13,16,19,,18,mizuho_bank,https://www.mizuhobank.co.jp/takarakuji/check/loto/backnumber/detail.html?fromto=1141_1160&type=miniloto,2026-08-21T01:53:27.872929+00:00,2059de0dde0044090b78070b95d039e1985b791a15bf6cb4cc209abf40500bbd
MINI_LOTO,1156,2021-11-23,1,3,14,27,30,,7,mizuho_bank,https://www.mizuhobank.co.jp/takarakuji/check/loto/backnumber/detail.html?fromto=1141_1160&type=miniloto,2026-08-21T01:53:27.872929+00:00,2059de0dde0044090b78070b95d039e1985b791a15bf6cb4cc209abf40500bbd
MINI_LOTO,1157,2021-11-30,2,6,7,13,30,,17,mizuho_bank,https://www.mizuhobank.co.jp/takarakuji/check/loto/backnumber/detail.html?fromto=1141_1160&type=miniloto,2026-08-21T01:53:27.872929+00:00,2059de0dde0044090b78070b95d039e1985b791a15bf6cb4cc209abf40500bbd
MINI_LOTO,1158,2021-12-07,1,14,23,25,26,,29,mizuho_bank,https://www.mizuhobank.co.jp/takarakuji/check/loto/backnumber/detail.html?fromto=1141_1160&type=miniloto,2026-08-21T01:53:27.872929+00:00,2059de0dde0044090b78070b95d039e1985b791a15bf6cb4cc209abf40500bbd
MINI_LOTO,1159,2021-12-14,11,12,14,18,31,,6,mizuho_bank,https://www.mizuhobank.co.jp/takarakuji/check/loto/backnumber/detail.html?fromto=1141_1160&type=miniloto,2026-08-21T01:53:27.872929+00:00,2059de0dde0044090b78070b95d039e1985b791a15bf6cb4cc209abf40500bbd
MINI_LOTO,1160,2021-12-21,7,19,22,24,31,,21,mizuho_bank,https://www.mizuhobank.co.jp/takarakuji/check/loto/backnumber/detail.html?fromto=1141_1160&type=miniloto,2026-08-21T01:53:27.872929+00:00,2059de0dde0044090b78070b95d039e1985b791a15bf6cb4cc209abf40500bbd
MINI_LOTO,1161,2021-12-28,3,9,13,17,24,,29,mizuho_bank,https://www.mizuhobank.co.jp/takarakuji/check/loto/backnumber/detail.html?fromto=1161_1180&type=miniloto,2026-08-21T01:53:27.351365+00:00,05a2319c72f40c3d1b909cb02c3ac3b9ccab23a98ac5b10d15eb9485226c6a32
MINI_LOTO,1162,2022-01-04,2,21,23,24,29,,11,mizuho_bank,https://www.mizuhobank.co.jp/takarakuji/check/loto/backnumber/detail.html?fromto=1161_1180&type=miniloto,2026-08-21T01:53:27.351365+00:00,05a2319c72f40c3d1b909cb02c3ac3b9ccab23a98ac5b10d15eb9485226c6a32
MINI_LOTO,1163,2022-01-11,2,9,11,22,29,,3,mizuho_bank,https://www.mizuhobank.co.jp/takarakuji/check/loto/backnumber/detail.html?fromto=1161_1180&type=miniloto,2026-08-21T01:53:27.351365+00:00,05a2319c72f40c3d1b909cb02c3ac3b9ccab23a98ac5b10d15eb9485226c6a32
MINI_LOTO,1164,2022-01-18,4,9,19,26,31,,25,mizuho_bank,https://www.mizuhobank.co.jp/takarakuji/check/loto/backnumber/detail.html?fromto=1161_1180&type=miniloto,2026-08-21T01:53:27.351365+00:00,05a2319c72f40c3d1b909cb02c3ac3b9ccab23a98ac5b10d15eb9485226c6a32
MINI_LOTO,1165,2022-01-25,5,13,16,27,31,,24,mizuho_bank,https://www.mizuhobank.co.jp/takarakuji/check/loto/backnumber/detail.html?fromto=1161_1180&type=miniloto,2026-08-21T01:53:27.351365+00:00,05a2319c72f40c3d1b909cb02c3ac3b9ccab23a98ac5b10d15eb9485226c6a32
MINI_LOTO,1166,2022-02-01,6,11,14,17,25,,24,mizuho_bank,https://www.mizuhobank.co.jp/takarakuji/check/loto/backnumber/detail.html?fromto=1161_1180&type=miniloto,2026-08-21T01:53:27.351365+00:00,05a2319c72f40c3d1b909cb02c3ac3b9ccab23a98ac5b10d15eb9485226c6a32
MINI_LOTO,1167,2022-02-08,2,14,21,27,30,,23,mizuho_bank,https://www.mizuhobank.co.jp/takarakuji/check/loto/backnumber/detail.html?fromto=1161_1180&type=miniloto,2026-08-21T01:53:27.351365+00:00,05a2319c72f40c3d1b909cb02c3ac3b9ccab23a98ac5b10d15eb9485226c6a32
MINI_LOTO,1168,2022-02-15,5,13,14,24,31,,2,mizuho_bank,https://www.mizuhobank.co.jp/takarakuji/check/loto/backnumber/detail.html?fromto=1161_1180&type=miniloto,2026-08-21T01:53:27.351365+00:00,05a2319c72f40c3d1b909cb02c3ac3b9ccab23a98ac5b10d15eb9485226c6a32
MINI_LOTO,1169,2022-02-22,1,7,9,21,27,,13,mizuho_bank,https://www.mizuhobank.co.jp/takarakuji/check/loto/backnumber/detail.html?fromto=1161_1180&type=miniloto,2026-08-21T01:53:27.351365+00:00,05a2319c72f40c3d1b909cb02c3ac3b9ccab23a98ac5b10d15eb9485226c6a32
MINI_LOTO,1170,2022-03-01,2,16,18,20,28,,29,mizuho_bank,https://www.mizuhobank.co.jp/takarakuji/check/loto/backnumber/detail.html?fromto=1161_1180&type=miniloto,2026-08-21T01:53:27.351365+00:00,05a2319c72f40c3d1b909cb02c3ac3b9ccab23a98ac5b10d15eb9485226c6a32
MINI_LOTO,1171,2022-03-08,1,3,6,16,23,,31,mizuho_bank,https://www.mizuhobank.co.jp/takarakuji/check/loto/backnumber/detail.html?fromto=1161_1180&type=miniloto,2026-08-21T01:53:27.351365+00:00,05a2319c72f40c3d1b909cb02c3ac3b9ccab23a98ac5b10d15eb9485226c6a32
MINI_LOTO,1172,2022-03-15,11,24,26,28,29,,22,mizuho_bank,https://www.mizuhobank.co.jp/takarakuji/check/loto/backnumber/detail.html?fromto=1161_1180&type=miniloto,2026-08-21T01:53:27.351365+00:00,05a2319c72f40c3d1b909cb02c3ac3b9ccab23a98ac5b10d15eb9485226c6a32
MINI_LOTO,1173,2022-03-22,3,4,13,16,27,,9,mizuho_bank,https://www.mizuhobank.co.jp/takarakuji/check/loto/backnumber/detail.html?fromto=1161_1180&type=miniloto,2026-08-21T01:53:27.351365+00:00,05a2319c72f40c3d1b909cb02c3ac3b9ccab23a98ac5b10d15eb9485226c6a32
MINI_LOTO,1174,2022-03-29,5,6,21,29,30,,27,mizuho_bank,https://www.mizuhobank.co.jp/takarakuji/check/loto/backnumber/detail.html?fromto=1161_1180&type=miniloto,2026-08-21T01:53:27.351365+00:00,05a2319c72f40c3d1b909cb02c3ac3b9ccab23a98ac5b10d15eb9485226c6a32
MINI_LOTO,1175,2022-04-05,1,7,15,16,29,,2,mizuho_bank,https://www.mizuhobank.co.jp/takarakuji/check/loto/backnumber/detail.html?fromto=1161_1180&type=miniloto,2026-08-21T01:53:27.351365+00:00,05a2319c72f40c3d1b909cb02c3ac3b9ccab23a98ac5b10d15eb9485226c6a32
MINI_LOTO,1176,2022-04-12,1,12,20,27,29,,17,mizuho_bank,https://www.mizuhobank.co.jp/takarakuji/check/loto/backnumber/detail.html?fromto=1161_1180&type=miniloto,2026-08-21T01:53:27.351365+00:00,05a2319c72f40c3d1b909cb02c3ac3b9ccab23a98ac5b10d15eb9485226c6a32
MINI_LOTO,1177,2022-04-19,3,10,16,21,30,,7,mizuho_bank,https://www.mizuhobank.co.jp/takarakuji/check/loto/backnumber/detail.html?fromto=1161_1180&type=miniloto,2026-08-21T01:53:27.351365+00:00,05a2319c72f40c3d1b909cb02c3ac3b9ccab23a98ac5b10d15eb9485226c6a32
MINI_LOTO,1178,2022-04-26,1,5,9,13,22,,31,mizuho_bank,https://www.mizuhobank.co.jp/takarakuji/check/loto/backnumber/detail.html?fromto=1161_1180&type=miniloto,2026-08-21T01:53:27.351365+00:00,05a2319c72f40c3d1b909cb02c3ac3b9ccab23a98ac5b10d15eb9485226c6a32
MINI_LOTO,1179,2022-05-03,18,19,20,25,30,,27,mizuho_bank,https://www.mizuhobank.co.jp/takarakuji/check/loto/backnumber/detail.html?fromto=1161_1180&type=miniloto,2026-08-21T01:53:27.351365+00:00,05a2319c72f40c3d1b909cb02c3ac3b9ccab23a98ac5b10d15eb9485226c6a32
MINI_LOTO,1180,2022-05-10,13,15,16,26,29,,27,mizuho_bank,https://www.mizuhobank.co.jp/takarakuji/check/loto/backnumber/detail.html?fromto=1161_1180&type=miniloto,2026-08-21T01:53:27.351365+00:00,05a2319c72f40c3d1b909cb02c3ac3b9ccab23a98ac5b10d15eb9485226c6a32
MINI_LOTO,1181,2022-05-17,2,9,13,16,22,,15,mizuho_bank,https://www.mizuhobank.co.jp/takarakuji/check/loto/backnumber/detail.html?fromto=1181_1200&type=miniloto,2026-08-21T01:53:26.685922+00:00,80db79964e47e2cfba924652e6c2f62ca3774768750ba3a9315ee883ce44e511
MINI_LOTO,1182,2022-05-24,7,10,20,22,28,,21,mizuho_bank,https://www.mizuhobank.co.jp/takarakuji/check/loto/backnumber/detail.html?fromto=1181_1200&type=miniloto,2026-08-21T01:53:26.685922+00:00,80db79964e47e2cfba924652e6c2f62ca3774768750ba3a9315ee883ce44e511
MINI_LOTO,1183,2022-05-31,3,7,9,14,15,,23,mizuho_bank,https://www.mizuhobank.co.jp/takarakuji/check/loto/backnumber/detail.html?fromto=1181_1200&type=miniloto,2026-08-21T01:53:26.685922+00:00,80db79964e47e2cfba924652e6c2f62ca3774768750ba3a9315ee883ce44e511
MINI_LOTO,1184,2022-06-07,5,8,12,19,27,,15,mizuho_bank,https://www.mizuhobank.co.jp/takarakuji/check/loto/backnumber/detail.html?fromto=1181_1200&type=miniloto,2026-08-21T01:53:26.685922+00:00,80db79964e47e2cfba924652e6c2f62ca3774768750ba3a9315ee883ce44e511
MINI_LOTO,1185,2022-06-14,1,14,16,17,22,,4,mizuho_bank,https://www.mizuhobank.co.jp/takarakuji/check/loto/backnumber/detail.html?fromto=1181_1200&type=miniloto,2026-08-21T01:53:26.685922+00:00,80db79964e47e2cfba924652e6c2f62ca3774768750ba3a9315ee883ce44e511
MINI_LOTO,1186,2022-06-21,9,13,15,24,28,,17,mizuho_bank,https://www.mizuhobank.co.jp/takarakuji/check/loto/backnumber/detail.html?fromto=1181_1200&type=miniloto,2026-08-21T01:53:26.685922+00:00,80db79964e47e2cfba924652e6c2f62ca3774768750ba3a9315ee883ce44e511
MINI_LOTO,1187,2022-06-28,3,5,6,11,23,,16,mizuho_bank,https://www.mizuhobank.co.jp/takarakuji/check/loto/backnumber/detail.html?fromto=1181_1200&type=miniloto,2026-08-21T01:53:26.685922+00:00,80db79964e47e2cfba924652e6c2f62ca3774768750ba3a9315ee883ce44e511
MINI_LOTO,1188,2022-07-05,2,25,26,29,31,,6,mizuho_bank,https://www.mizuhobank.co.jp/takarakuji/check/loto/backnumber/detail.html?fromto=1181_1200&type=miniloto,2026-08-21T01:53:26.685922+00:00,80db79964e47e2cfba924652e6c2f62ca3774768750ba3a9315ee883ce44e511
MINI_LOTO,1189,2022-07-12,6,7,16,17,22,,9,mizuho_bank,https://www.mizuhobank.co.jp/takarakuji/check/loto/backnumber/detail.html?fromto=1181_1200&type=miniloto,2026-08-21T01:53:26.685922+00:00,80db79964e47e2cfba924652e6c2f62ca3774768750ba3a9315ee883ce44e511
MINI_LOTO,1190,2022-07-19,3,20,23,24,28,,29,mizuho_bank,https://www.mizuhobank.co.jp/takarakuji/check/loto/backnumber/detail.html?fromto=1181_1200&type=miniloto,2026-08-21T01:53:26.685922+00:00,80db79964e47e2cfba924652e6c2f62ca3774768750ba3a9315ee883ce44e511
MINI_LOTO,1191,2022-07-26,11,16,20,25,26,,7,mizuho_bank,https://www.mizuhobank.co.jp/takarakuji/check/loto/backnumber/detail.html?fromto=1181_1200&type=miniloto,2026-08-21T01:53:26.685922+00:00,80db79964e47e2cfba924652e6c2f62ca3774768750ba3a9315ee883ce44e511
MINI_LOTO,1192,2022-08-02,4,10,11,22,31,,28,mizuho_bank,https://www.mizuhobank.co.jp/takarakuji/check/loto/backnumber/detail.html?fromto=1181_1200&type=miniloto,2026-08-21T01:53:26.685922+00:00,80db79964e47e2cfba924652e6c2f62ca3774768750ba3a9315ee883ce44e511
MINI_LOTO,1193,2022-08-09,1,4,8,11,20,,15,mizuho_bank,https://www.mizuhobank.co.jp/takarakuji/check/loto/backnumber/detail.html?fromto=1181_1200&type=miniloto,2026-08-21T01:53:26.685922+00:00,80db79964e47e2cfba924652e6c2f62ca3774768750ba3a9315ee883ce44e511
MINI_LOTO,1194,2022-08-16,3,5,7,18,20,,30,mizuho_bank,https://www.mizuhobank.co.jp/takarakuji/check/loto/backnumber/detail.html?fromto=1181_1200&type=miniloto,2026-08-21T01:53:26.685922+00:00,80db79964e47e2cfba924652e6c2f62ca3774768750ba3a9315ee883ce44e511
MINI_LOTO,1195,2022-08-23,3,10,11,13,14,,4,mizuho_bank,https://www.mizuhobank.co.jp/takarakuji/check/loto/backnumber/detail.html?fromto=1181_1200&type=miniloto,2026-08-21T01:53:26.685922+00:00,80db79964e47e2cfba924652e6c2f62ca3774768750ba3a9315ee883ce44e511
MINI_LOTO,1196,2022-08-30,1,5,17,19,23,,26,mizuho_bank,https://www.mizuhobank.co.jp/takarakuji/check/loto/backnumber/detail.html?fromto=1181_1200&type=miniloto,2026-08-21T01:53:26.685922+00:00,80db79964e47e2cfba924652e6c2f62ca3774768750ba3a9315ee883ce44e511
MINI_LOTO,1197,2022-09-06,7,9,17,26,27,,24,mizuho_bank,https://www.mizuhobank.co.jp/takarakuji/check/loto/backnumber/detail.html?fromto=1181_1200&type=miniloto,2026-08-21T01:53:26.685922+00:00,80db79964e47e2cfba924652e6c2f62ca3774768750ba3a9315ee883ce44e511
MINI_LOTO,1198,2022-09-13,10,11,17,30,31,,1,mizuho_bank,https://www.mizuhobank.co.jp/takarakuji/check/loto/backnumber/detail.html?fromto=1181_1200&type=miniloto,2026-08-21T01:53:26.685922+00:00,80db79964e47e2cfba924652e6c2f62ca3774768750ba3a9315ee883ce44e511
MINI_LOTO,1199,2022-09-20,6,13,19,23,28,,10,mizuho_bank,https://www.mizuhobank.co.jp/takarakuji/check/loto/backnumber/detail.html?fromto=1181_1200&type=miniloto,2026-08-21T01:53:26.685922+00:00,80db79964e47e2cfba924652e6c2f62ca3774768750ba3a9315ee883ce44e511
MINI_LOTO,1200,2022-09-27,2,16,18,22,24,,4,mizuho_bank,https://www.mizuhobank.co.jp/takarakuji/check/loto/backnumber/detail.html?fromto=1181_1200&type=miniloto,2026-08-21T01:53:26.685922+00:00,80db79964e47e2cfba924652e6c2f62ca3774768750ba3a9315ee883ce44e511
MINI_LOTO,1201,2022-10-04,1,2,16,23,30,,8,mizuho_bank,https://www.mizuhobank.co.jp/takarakuji/check/loto/backnumber/detail.html?fromto=1201_1220&type=miniloto,2026-08-21T01:53:26.049261+00:00,43cea114f1de40e2a0953cc46d86fb9c641fbb84f594eeb57eed9d8e04069460
MINI_LOTO,1202,2022-10-11,4,5,15,27,30,,12,mizuho_bank,https://www.mizuhobank.co.jp/takarakuji/check/loto/backnumber/detail.html?fromto=1201_1220&type=miniloto,2026-08-21T01:53:26.049261+00:00,43cea114f1de40e2a0953cc46d86fb9c641fbb84f594eeb57eed9d8e04069460
MINI_LOTO,1203,2022-10-18,4,7,8,12,19,,23,mizuho_bank,https://www.mizuhobank.co.jp/takarakuji/check/loto/backnumber/detail.html?fromto=1201_1220&type=miniloto,2026-08-21T01:53:26.049261+00:00,43cea114f1de40e2a0953cc46d86fb9c641fbb84f594eeb57eed9d8e04069460
MINI_LOTO,1204,2022-10-25,5,10,12,18,20,,4,mizuho_bank,https://www.mizuhobank.co.jp/takarakuji/check/loto/backnumber/detail.html?fromto=1201_1220&type=miniloto,2026-08-21T01:53:26.049261+00:00,43cea114f1de40e2a0953cc46d86fb9c641fbb84f594eeb57eed9d8e04069460
MINI_LOTO,1205,2022-11-01,11,12,16,24,28,,20,mizuho_bank,https://www.mizuhobank.co.jp/takarakuji/check/loto/backnumber/detail.html?fromto=1201_1220&type=miniloto,2026-08-21T01:53:26.049261+00:00,43cea114f1de40e2a0953cc46d86fb9c641fbb84f594eeb57eed9d8e04069460
MINI_LOTO,1206,2022-11-08,7,9,12,14,30,,19,mizuho_bank,https://www.mizuhobank.co.jp/takarakuji/check/loto/backnumber/detail.html?fromto=1201_1220&type=miniloto,2026-08-21T01:53:26.049261+00:00,43cea114f1de40e2a0953cc46d86fb9c641fbb84f594eeb57eed9d8e04069460
MINI_LOTO,1207,2022-11-15,2,8,14,25,28,,7,mizuho_bank,https://www.mizuhobank.co.jp/takarakuji/check/loto/backnumber/detail.html?fromto=1201_1220&type=miniloto,2026-08-21T01:53:26.049261+00:00,43cea114f1de40e2a0953cc46d86fb9c641fbb84f594eeb57eed9d8e04069460
MINI_LOTO,1208,2022-11-22,5,10,15,16,27,,26,mizuho_bank,https://www.mizuhobank.co.jp/takarakuji/check/loto/backnumber/detail.html?fromto=1201_1220&type=miniloto,2026-08-21T01:53:26.049261+00:00,43cea114f1de40e2a0953cc46d86fb9c641fbb84f594eeb57eed9d8e04069460
MINI_LOTO,1209,2022-11-29,12,14,17,27,28,,29,mizuho_bank,https://www.mizuhobank.co.jp/takarakuji/check/loto/backnumber/detail.html?fromto=1201_1220&type=miniloto,2026-08-21T01:53:26.049261+00:00,43cea114f1de40e2a0953cc46d86fb9c641fbb84f594eeb57eed9d8e04069460
MINI_LOTO,1210,2022-12-06,14,26,27,30,31,,10,mizuho_bank,https://www.mizuhobank.co.jp/takarakuji/check/loto/backnumber/detail.html?fromto=1201_1220&type=miniloto,2026-08-21T01:53:26.049261+00:00,43cea114f1de40e2a0953cc46d86fb9c641fbb84f594eeb57eed9d8e04069460
MINI_LOTO,1211,2022-12-13,4,8,16,25,26,,12,mizuho_bank,https://www.mizuhobank.co.jp/takarakuji/check/loto/backnumber/detail.html?fromto=1201_1220&type=miniloto,2026-08-21T01:53:26.049261+00:00,43cea114f1de40e2a0953cc46d86fb9c641fbb84f594eeb57eed9d8e04069460
MINI_LOTO,1212,2022-12-20,14,19,23,30,31,,26,mizuho_bank,https://www.mizuhobank.co.jp/takarakuji/check/loto/backnumber/detail.html?fromto=1201_1220&type=miniloto,2026-08-21T01:53:26.049261+00:00,43cea114f1de40e2a0953cc46d86fb9c641fbb84f594eeb57eed9d8e04069460
MINI_LOTO,1213,2022-12-27,17,21,23,25,26,,6,mizuho_bank,https://www.mizuhobank.co.jp/takarakuji/check/loto/backnumber/detail.html?fromto=1201_1220&type=miniloto,2026-08-21T01:53:26.049261+00:00,43cea114f1de40e2a0953cc46d86fb9c641fbb84f594eeb57eed9d8e04069460
MINI_LOTO,1214,2023-01-10,5,9,10,19,26,,2,mizuho_bank,https://www.mizuhobank.co.jp/takarakuji/check/loto/backnumber/detail.html?fromto=1201_1220&type=miniloto,2026-08-21T01:53:26.049261+00:00,43cea114f1de40e2a0953cc46d86fb9c641fbb84f594eeb57eed9d8e04069460
MINI_LOTO,1215,2023-01-17,1,2,3,5,20,,6,mizuho_bank,https://www.mizuhobank.co.jp/takarakuji/check/loto/backnumber/detail.html?fromto=1201_1220&type=miniloto,2026-08-21T01:53:26.049261+00:00,43cea114f1de40e2a0953cc46d86fb9c641fbb84f594eeb57eed9d8e04069460
MINI_LOTO,1216,2023-01-24,10,12,18,25,28,,13,mizuho_bank,https://www.mizuhobank.co.jp/takarakuji/check/loto/backnumber/detail.html?fromto=1201_1220&type=miniloto,2026-08-21T01:53:26.049261+00:00,43cea114f1de40e2a0953cc46d86fb9c641fbb84f594eeb57eed9d8e04069460
MINI_LOTO,1217,2023-01-31,8,10,14,20,25,,30,mizuho_bank,https://www.mizuhobank.co.jp/takarakuji/check/loto/backnumber/detail.html?fromto=1201_1220&type=miniloto,2026-08-21T01:53:26.049261+00:00,43cea114f1de40e2a0953cc46d86fb9c641fbb84f594eeb57eed9d8e04069460
MINI_LOTO,1218,2023-02-07,1,3,4,7,11,,16,mizuho_bank,https://www.mizuhobank.co.jp/takarakuji/check/loto/backnumber/detail.html?fromto=1201_1220&type=miniloto,2026-08-21T01:53:26.049261+00:00,43cea114f1de40e2a0953cc46d86fb9c641fbb84f594eeb57eed9d8e04069460
MINI_LOTO,1219,2023-02-14,9,10,13,21,29,,11,mizuho_bank,https://www.mizuhobank.co.jp/takarakuji/check/loto/backnumber/detail.html?fromto=1201_1220&type=miniloto,2026-08-21T01:53:26.049261+00:00,43cea114f1de40e2a0953cc46d86fb9c641fbb84f594eeb57eed9d8e04069460
MINI_LOTO,1220,2023-02-21,2,5,11,12,30,,16,mizuho_bank,https://www.mizuhobank.co.jp/takarakuji/check/loto/backnumber/detail.html?fromto=1201_1220&type=miniloto,2026-08-21T01:53:26.049261+00:00,43cea114f1de40e2a0953cc46d86fb9c641fbb84f594eeb57eed9d8e04069460
MINI_LOTO,1221,2023-02-28,4,11,13,21,26,,19,mizuho_bank,https://www.mizuhobank.co.jp/takarakuji/check/loto/backnumber/detail.html?fromto=1221_1240&type=miniloto,2026-08-21T01:53:25.408546+00:00,01337fc7da7dcd1d97d840664f38c5a98d9cfde08259b0509d7c3995f646878f
MINI_LOTO,1222,2023-03-07,4,18,23,26,28,,7,mizuho_bank,https://www.mizuhobank.co.jp/takarakuji/check/loto/backnumber/detail.html?fromto=1221_1240&type=miniloto,2026-08-21T01:53:25.408546+00:00,01337fc7da7dcd1d97d840664f38c5a98d9cfde08259b0509d7c3995f646878f
MINI_LOTO,1223,2023-03-14,1,11,21,26,31,,25,mizuho_bank,https://www.mizuhobank.co.jp/takarakuji/check/loto/backnumber/detail.html?fromto=1221_1240&type=miniloto,2026-08-21T01:53:25.408546+00:00,01337fc7da7dcd1d97d840664f38c5a98d9cfde08259b0509d7c3995f646878f
MINI_LOTO,1224,2023-03-21,1,5,8,11,22,,14,mizuho_bank,https://www.mizuhobank.co.jp/takarakuji/check/loto/backnumber/detail.html?fromto=1221_1240&type=miniloto,2026-08-21T01:53:25.408546+00:00,01337fc7da7dcd1d97d840664f38c5a98d9cfde08259b0509d7c3995f646878f
MINI_LOTO,1225,2023-03-28,1,7,15,29,31,,19,mizuho_bank,https://www.mizuhobank.co.jp/takarakuji/check/loto/backnumber/detail.html?fromto=1221_1240&type=miniloto,2026-08-21T01:53:25.408546+00:00,01337fc7da7dcd1d97d840664f38c5a98d9cfde08259b0509d7c3995f646878f
MINI_LOTO,1226,2023-04-04,2,5,13,18,21,,4,mizuho_bank,https://www.mizuhobank.co.jp/takarakuji/check/loto/backnumber/detail.html?fromto=1221_1240&type=miniloto,2026-08-21T01:53:25.408546+00:00,01337fc7da7dcd1d97d840664f38c5a98d9cfde08259b0509d7c3995f646878f
MINI_LOTO,1227,2023-04-11,1,5,11,20,26,,14,mizuho_bank,https://www.mizuhobank.co.jp/takarakuji/check/loto/backnumber/detail.html?fromto=1221_1240&type=miniloto,2026-08-21T01:53:25.408546+00:00,01337fc7da7dcd1d97d840664f38c5a98d9cfde08259b0509d7c3995f646878f
MINI_LOTO,1228,2023-04-18,1,4,18,19,26,,22,mizuho_bank,https://www.mizuhobank.co.jp/takarakuji/check/loto/backnumber/detail.html?fromto=1221_1240&type=miniloto,2026-08-21T01:53:25.408546+00:00,01337fc7da7dcd1d97d840664f38c5a98d9cfde08259b0509d7c3995f646878f
MINI_LOTO,1229,2023-04-25,1,5,7,12,27,,26,mizuho_bank,https://www.mizuhobank.co.jp/takarakuji/check/loto/backnumber/detail.html?fromto=1221_1240&type=miniloto,2026-08-21T01:53:25.408546+00:00,01337fc7da7dcd1d97d840664f38c5a98d9cfde08259b0509d7c3995f646878f
MINI_LOTO,1230,2023-05-02,4,18,21,22,23,,28,mizuho_bank,https://www.mizuhobank.co.jp/takarakuji/check/loto/backnumber/detail.html?fromto=1221_1240&type=miniloto,2026-08-21T01:53:25.408546+00:00,01337fc7da7dcd1d97d840664f38c5a98d9cfde08259b0509d7c3995f646878f
MINI_LOTO,1231,2023-05-09,1,14,20,21,31,,5,mizuho_bank,https://www.mizuhobank.co.jp/takarakuji/check/loto/backnumber/detail.html?fromto=1221_1240&type=miniloto,2026-08-21T01:53:25.408546+00:00,01337fc7da7dcd1d97d840664f38c5a98d9cfde08259b0509d7c3995f646878f
MINI_LOTO,1232,2023-05-16,4,5,17,27,29,,6,mizuho_bank,https://www.mizuhobank.co.jp/takarakuji/check/loto/backnumber/detail.html?fromto=1221_1240&type=miniloto,2026-08-21T01:53:25.408546+00:00,01337fc7da7dcd1d97d840664f38c5a98d9cfde08259b0509d7c3995f646878f
MINI_LOTO,1233,2023-05-23,3,8,17,19,23,,22,mizuho_bank,https://www.mizuhobank.co.jp/takarakuji/check/loto/backnumber/detail.html?fromto=1221_1240&type=miniloto,2026-08-21T01:53:25.408546+00:00,01337fc7da7dcd1d97d840664f38c5a98d9cfde08259b0509d7c3995f646878f
MINI_LOTO,1234,2023-05-30,4,14,15,27,28,,22,mizuho_bank,https://www.mizuhobank.co.jp/takarakuji/check/loto/backnumber/detail.html?fromto=1221_1240&type=miniloto,2026-08-21T01:53:25.408546+00:00,01337fc7da7dcd1d97d840664f38c5a98d9cfde08259b0509d7c3995f646878f
MINI_LOTO,1235,2023-06-06,8,12,17,22,28,,5,mizuho_bank,https://www.mizuhobank.co.jp/takarakuji/check/loto/backnumber/detail.html?fromto=1221_1240&type=miniloto,2026-08-21T01:53:25.408546+00:00,01337fc7da7dcd1d97d840664f38c5a98d9cfde08259b0509d7c3995f646878f
MINI_LOTO,1236,2023-06-13,1,18,19,30,31,,29,mizuho_bank,https://www.mizuhobank.co.jp/takarakuji/check/loto/backnumber/detail.html?fromto=1221_1240&type=miniloto,2026-08-21T01:53:25.408546+00:00,01337fc7da7dcd1d97d840664f38c5a98d9cfde08259b0509d7c3995f646878f
MINI_LOTO,1237,2023-06-20,2,9,10,25,31,,18,mizuho_bank,https://www.mizuhobank.co.jp/takarakuji/check/loto/backnumber/detail.html?fromto=1221_1240&type=miniloto,2026-08-21T01:53:25.408546+00:00,01337fc7da7dcd1d97d840664f38c5a98d9cfde08259b0509d7c3995f646878f
MINI_LOTO,1238,2023-06-27,13,16,19,21,25,,29,mizuho_bank,https://www.mizuhobank.co.jp/takarakuji/check/loto/backnumber/detail.html?fromto=1221_1240&type=miniloto,2026-08-21T01:53:25.408546+00:00,01337fc7da7dcd1d97d840664f38c5a98d9cfde08259b0509d7c3995f646878f
MINI_LOTO,1239,2023-07-04,7,9,11,18,30,,1,mizuho_bank,https://www.mizuhobank.co.jp/takarakuji/check/loto/backnumber/detail.html?fromto=1221_1240&type=miniloto,2026-08-21T01:53:25.408546+00:00,01337fc7da7dcd1d97d840664f38c5a98d9cfde08259b0509d7c3995f646878f
MINI_LOTO,1240,2023-07-11,13,15,20,27,30,,6,mizuho_bank,https://www.mizuhobank.co.jp/takarakuji/check/loto/backnumber/detail.html?fromto=1221_1240&type=miniloto,2026-08-21T01:53:25.408546+00:00,01337fc7da7dcd1d97d840664f38c5a98d9cfde08259b0509d7c3995f646878f
MINI_LOTO,1241,2023-07-18,1,2,3,7,27,,11,mizuho_bank,https://www.mizuhobank.co.jp/takarakuji/check/loto/backnumber/detail.html?fromto=1241_1260&type=miniloto,2026-08-21T01:53:24.661744+00:00,c38f81c6429706df0084575686650e6fd0ddd9244814e7fc23bf6c196389723a
MINI_LOTO,1242,2023-07-25,5,7,18,19,27,,29,mizuho_bank,https://www.mizuhobank.co.jp/takarakuji/check/loto/backnumber/detail.html?fromto=1241_1260&type=miniloto,2026-08-21T01:53:24.661744+00:00,c38f81c6429706df0084575686650e6fd0ddd9244814e7fc23bf6c196389723a
MINI_LOTO,1243,2023-08-01,2,4,13,15,20,,24,mizuho_bank,https://www.mizuhobank.co.jp/takarakuji/check/loto/backnumber/detail.html?fromto=1241_1260&type=miniloto,2026-08-21T01:53:24.661744+00:00,c38f81c6429706df0084575686650e6fd0ddd9244814e7fc23bf6c196389723a
MINI_LOTO,1244,2023-08-08,2,6,9,11,19,,22,mizuho_bank,https://www.mizuhobank.co.jp/takarakuji/check/loto/backnumber/detail.html?fromto=1241_1260&type=miniloto,2026-08-21T01:53:24.661744+00:00,c38f81c6429706df0084575686650e6fd0ddd9244814e7fc23bf6c196389723a
MINI_LOTO,1245,2023-08-15,10,11,16,29,30,,19,mizuho_bank,https://www.mizuhobank.co.jp/takarakuji/check/loto/backnumber/detail.html?fromto=1241_1260&type=miniloto,2026-08-21T01:53:24.661744+00:00,c38f81c6429706df0084575686650e6fd0ddd9244814e7fc23bf6c196389723a
MINI_LOTO,1246,2023-08-22,16,17,20,21,28,,18,mizuho_bank,https://www.mizuhobank.co.jp/takarakuji/check/loto/backnumber/detail.html?fromto=1241_1260&type=miniloto,2026-08-21T01:53:24.661744+00:00,c38f81c6429706df0084575686650e6fd0ddd9244814e7fc23bf6c196389723a
MINI_LOTO,1247,2023-08-29,9,15,23,26,30,,19,mizuho_bank,https://www.mizuhobank.co.jp/takarakuji/check/loto/backnumber/detail.html?fromto=1241_1260&type=miniloto,2026-08-21T01:53:24.661744+00:00,c38f81c6429706df0084575686650e6fd0ddd9244814e7fc23bf6c196389723a
MINI_LOTO,1248,2023-09-05,2,4,5,14,25,,24,mizuho_bank,https://www.mizuhobank.co.jp/takarakuji/check/loto/backnumber/detail.html?fromto=1241_1260&type=miniloto,2026-08-21T01:53:24.661744+00:00,c38f81c6429706df0084575686650e6fd0ddd9244814e7fc23bf6c196389723a
MINI_LOTO,1249,2023-09-12,7,9,11,14,21,,27,mizuho_bank,https://www.mizuhobank.co.jp/takarakuji/check/loto/backnumber/detail.html?fromto=1241_1260&type=miniloto,2026-08-21T01:53:24.661744+00:00,c38f81c6429706df0084575686650e6fd0ddd9244814e7fc23bf6c196389723a
MINI_LOTO,1250,2023-09-19,2,12,13,19,23,,27,mizuho_bank,https://www.mizuhobank.co.jp/takarakuji/check/loto/backnumber/detail.html?fromto=1241_1260&type=miniloto,2026-08-21T01:53:24.661744+00:00,c38f81c6429706df0084575686650e6fd0ddd9244814e7fc23bf6c196389723a
MINI_LOTO,1251,2023-09-26,3,4,5,30,31,,17,mizuho_bank,https://www.mizuhobank.co.jp/takarakuji/check/loto/backnumber/detail.html?fromto=1241_1260&type=miniloto,2026-08-21T01:53:24.661744+00:00,c38f81c6429706df0084575686650e6fd0ddd9244814e7fc23bf6c196389723a
MINI_LOTO,1252,2023-10-03,1,4,11,25,30,,10,mizuho_bank,https://www.mizuhobank.co.jp/takarakuji/check/loto/backnumber/detail.html?fromto=1241_1260&type=miniloto,2026-08-21T01:53:24.661744+00:00,c38f81c6429706df0084575686650e6fd0ddd9244814e7fc23bf6c196389723a
MINI_LOTO,1253,2023-10-10,1,11,17,19,25,,28,mizuho_bank,https://www.mizuhobank.co.jp/takarakuji/check/loto/backnumber/detail.html?fromto=1241_1260&type=miniloto,2026-08-21T01:53:24.661744+00:00,c38f81c6429706df0084575686650e6fd0ddd9244814e7fc23bf6c196389723a
MINI_LOTO,1254,2023-10-17,1,5,12,17,28,,14,mizuho_bank,https://www.mizuhobank.co.jp/takarakuji/check/loto/backnumber/detail.html?fromto=1241_1260&type=miniloto,2026-08-21T01:53:24.661744+00:00,c38f81c6429706df0084575686650e6fd0ddd9244814e7fc23bf6c196389723a
MINI_LOTO,1255,2023-10-24,2,3,4,17,23,,12,mizuho_bank,https://www.mizuhobank.co.jp/takarakuji/check/loto/backnumber/detail.html?fromto=1241_1260&type=miniloto,2026-08-21T01:53:24.661744+00:00,c38f81c6429706df0084575686650e6fd0ddd9244814e7fc23bf6c196389723a
MINI_LOTO,1256,2023-10-31,7,8,14,19,21,,23,mizuho_bank,https://www.mizuhobank.co.jp/takarakuji/check/loto/backnumber/detail.html?fromto=1241_1260&type=miniloto,2026-08-21T01:53:24.661744+00:00,c38f81c6429706df0084575686650e6fd0ddd9244814e7fc23bf6c196389723a
MINI_LOTO,1257,2023-11-07,8,13,19,22,24,,21,mizuho_bank,https://www.mizuhobank.co.jp/takarakuji/check/loto/backnumber/detail.html?fromto=1241_1260&type=miniloto,2026-08-21T01:53:24.661744+00:00,c38f81c6429706df0084575686650e6fd0ddd9244814e7fc23bf6c196389723a
MINI_LOTO,1258,2023-11-14,3,6,12,19,30,,13,mizuho_bank,https://www.mizuhobank.co.jp/takarakuji/check/loto/backnumber/detail.html?fromto=1241_1260&type=miniloto,2026-08-21T01:53:24.661744+00:00,c38f81c6429706df0084575686650e6fd0ddd9244814e7fc23bf6c196389723a
MINI_LOTO,1259,2023-11-21,1,13,17,18,22,,25,mizuho_bank,https://www.mizuhobank.co.jp/takarakuji/check/loto/backnumber/detail.html?fromto=1241_1260&type=miniloto,2026-08-21T01:53:24.661744+00:00,c38f81c6429706df0084575686650e6fd0ddd9244814e7fc23bf6c196389723a
MINI_LOTO,1260,2023-11-28,2,4,14,21,29,,12,mizuho_bank,https://www.mizuhobank.co.jp/takarakuji/check/loto/backnumber/detail.html?fromto=1241_1260&type=miniloto,2026-08-21T01:53:24.661744+00:00,c38f81c6429706df0084575686650e6fd0ddd9244814e7fc23bf6c196389723a
MINI_LOTO,1261,2023-12-05,19,21,25,29,31,,7,mizuho_bank,https://www.mizuhobank.co.jp/takarakuji/check/loto/backnumber/detail.html?fromto=1261_1280&type=miniloto,2026-08-21T01:53:24.091936+00:00,797e59e416c2d6c4499c7744726b29eeb7e9b2634589517356f03fba85994a5a
MINI_LOTO,1262,2023-12-12,11,16,18,19,29,,31,mizuho_bank,https://www.mizuhobank.co.jp/takarakuji/check/loto/backnumber/detail.html?fromto=1261_1280&type=miniloto,2026-08-21T01:53:24.091936+00:00,797e59e416c2d6c4499c7744726b29eeb7e9b2634589517356f03fba85994a5a
MINI_LOTO,1263,2023-12-19,1,2,15,25,28,,5,mizuho_bank,https://www.mizuhobank.co.jp/takarakuji/check/loto/backnumber/detail.html?fromto=1261_1280&type=miniloto,2026-08-21T01:53:24.091936+00:00,797e59e416c2d6c4499c7744726b29eeb7e9b2634589517356f03fba85994a5a
MINI_LOTO,1264,2023-12-26,2,7,10,22,27,,24,mizuho_bank,https://www.mizuhobank.co.jp/takarakuji/check/loto/backnumber/detail.html?fromto=1261_1280&type=miniloto,2026-08-21T01:53:24.091936+00:00,797e59e416c2d6c4499c7744726b29eeb7e9b2634589517356f03fba85994a5a
MINI_LOTO,1265,2024-01-09,8,9,11,15,31,,17,mizuho_bank,https://www.mizuhobank.co.jp/takarakuji/check/loto/backnumber/detail.html?fromto=1261_1280&type=miniloto,2026-08-21T01:53:24.091936+00:00,797e59e416c2d6c4499c7744726b29eeb7e9b2634589517356f03fba85994a5a
MINI_LOTO,1266,2024-01-16,1,16,22,23,31,,18,mizuho_bank,https://www.mizuhobank.co.jp/takarakuji/check/loto/backnumber/detail.html?fromto=1261_1280&type=miniloto,2026-08-21T01:53:24.091936+00:00,797e59e416c2d6c4499c7744726b29eeb7e9b2634589517356f03fba85994a5a
MINI_LOTO,1267,2024-01-23,13,15,18,20,29,,17,mizuho_bank,https://www.mizuhobank.co.jp/takarakuji/check/loto/backnumber/detail.html?fromto=1261_1280&type=miniloto,2026-08-21T01:53:24.091936+00:00,797e59e416c2d6c4499c7744726b29eeb7e9b2634589517356f03fba85994a5a
MINI_LOTO,1268,2024-01-30,9,11,14,22,29,,31,mizuho_bank,https://www.mizuhobank.co.jp/takarakuji/check/loto/backnumber/detail.html?fromto=1261_1280&type=miniloto,2026-08-21T01:53:24.091936+00:00,797e59e416c2d6c4499c7744726b29eeb7e9b2634589517356f03fba85994a5a
MINI_LOTO,1269,2024-02-06,5,10,16,20,21,,14,mizuho_bank,https://www.mizuhobank.co.jp/takarakuji/check/loto/backnumber/detail.html?fromto=1261_1280&type=miniloto,2026-08-21T01:53:24.091936+00:00,797e59e416c2d6c4499c7744726b29eeb7e9b2634589517356f03fba85994a5a
MINI_LOTO,1270,2024-02-13,2,7,16,19,26,,20,mizuho_bank,https://www.mizuhobank.co.jp/takarakuji/check/loto/backnumber/detail.html?fromto=1261_1280&type=miniloto,2026-08-21T01:53:24.091936+00:00,797e59e416c2d6c4499c7744726b29eeb7e9b2634589517356f03fba85994a5a
MINI_LOTO,1271,2024-02-20,16,17,19,22,23,,24,mizuho_bank,https://www.mizuhobank.co.jp/takarakuji/check/loto/backnumber/detail.html?fromto=1261_1280&type=miniloto,2026-08-21T01:53:24.091936+00:00,797e59e416c2d6c4499c7744726b29eeb7e9b2634589517356f03fba85994a5a
MINI_LOTO,1272,2024-02-27,3,7,14,21,30,,13,mizuho_bank,https://www.mizuhobank.co.jp/takarakuji/check/loto/backnumber/detail.html?fromto=1261_1280&type=miniloto,2026-08-21T01:53:24.091936+00:00,797e59e416c2d6c4499c7744726b29eeb7e9b2634589517356f03fba85994a5a
MINI_LOTO,1273,2024-03-05,7,18,20,22,23,,5,mizuho_bank,https://www.mizuhobank.co.jp/takarakuji/check/loto/backnumber/detail.html?fromto=1261_1280&type=miniloto,2026-08-21T01:53:24.091936+00:00,797e59e416c2d6c4499c7744726b29eeb7e9b2634589517356f03fba85994a5a
MINI_LOTO,1274,2024-03-12,1,7,8,10,14,,18,mizuho_bank,https://www.mizuhobank.co.jp/takarakuji/check/loto/backnumber/detail.html?fromto=1261_1280&type=miniloto,2026-08-21T01:53:24.091936+00:00,797e59e416c2d6c4499c7744726b29eeb7e9b2634589517356f03fba85994a5a
MINI_LOTO,1275,2024-03-19,6,11,12,13,14,,5,mizuho_bank,https://www.mizuhobank.co.jp/takarakuji/check/loto/backnumber/detail.html?fromto=1261_1280&type=miniloto,2026-08-21T01:53:24.091936+00:00,797e59e416c2d6c4499c7744726b29eeb7e9b2634589517356f03fba85994a5a
MINI_LOTO,1276,2024-03-26,4,9,13,16,31,,27,mizuho_bank,https://www.mizuhobank.co.jp/takarakuji/check/loto/backnumber/detail.html?fromto=1261_1280&type=miniloto,2026-08-21T01:53:24.091936+00:00,797e59e416c2d6c4499c7744726b29eeb7e9b2634589517356f03fba85994a5a
MINI_LOTO,1277,2024-04-02,2,13,18,22,28,,30,mizuho_bank,https://www.mizuhobank.co.jp/takarakuji/check/loto/backnumber/detail.html?fromto=1261_1280&type=miniloto,2026-08-21T01:53:24.091936+00:00,797e59e416c2d6c4499c7744726b29eeb7e9b2634589517356f03fba85994a5a
MINI_LOTO,1278,2024-04-09,3,10,19,21,31,,29,mizuho_bank,https://www.mizuhobank.co.jp/takarakuji/check/loto/backnumber/detail.html?fromto=1261_1280&type=miniloto,2026-08-21T01:53:24.091936+00:00,797e59e416c2d6c4499c7744726b29eeb7e9b2634589517356f03fba85994a5a
MINI_LOTO,1279,2024-04-16,1,14,18,22,28,,26,mizuho_bank,https://www.mizuhobank.co.jp/takarakuji/check/loto/backnumber/detail.html?fromto=1261_1280&type=miniloto,2026-08-21T01:53:24.091936+00:00,797e59e416c2d6c4499c7744726b29eeb7e9b2634589517356f03fba85994a5a
MINI_LOTO,1280,2024-04-23,7,9,14,17,20,,13,mizuho_bank,https://www.mizuhobank.co.jp/takarakuji/check/loto/backnumber/detail.html?fromto=1261_1280&type=miniloto,2026-08-21T01:53:24.091936+00:00,797e59e416c2d6c4499c7744726b29eeb7e9b2634589517356f03fba85994a5a
MINI_LOTO,1281,2024-04-30,4,10,15,18,24,,5,mizuho_bank,https://www.mizuhobank.co.jp/takarakuji/check/loto/backnumber/detail.html?fromto=1281_1300&type=miniloto,2026-08-21T01:53:23.452706+00:00,4d5d2c5902f5562fcf7487fdac98ca69c3b36982b1876982256b79cdae136ab9
MINI_LOTO,1282,2024-05-07,2,22,23,30,31,,29,mizuho_bank,https://www.mizuhobank.co.jp/takarakuji/check/loto/backnumber/detail.html?fromto=1281_1300&type=miniloto,2026-08-21T01:53:23.452706+00:00,4d5d2c5902f5562fcf7487fdac98ca69c3b36982b1876982256b79cdae136ab9
MINI_LOTO,1283,2024-05-14,1,11,25,29,31,,3,mizuho_bank,https://www.mizuhobank.co.jp/takarakuji/check/loto/backnumber/detail.html?fromto=1281_1300&type=miniloto,2026-08-21T01:53:23.452706+00:00,4d5d2c5902f5562fcf7487fdac98ca69c3b36982b1876982256b79cdae136ab9
MINI_LOTO,1284,2024-05-21,4,11,23,28,31,,22,mizuho_bank,https://www.mizuhobank.co.jp/takarakuji/check/loto/backnumber/detail.html?fromto=1281_1300&type=miniloto,2026-08-21T01:53:23.452706+00:00,4d5d2c5902f5562fcf7487fdac98ca69c3b36982b1876982256b79cdae136ab9
MINI_LOTO,1285,2024-05-28,4,5,18,23,25,,11,mizuho_bank,https://www.mizuhobank.co.jp/takarakuji/check/loto/backnumber/detail.html?fromto=1281_1300&type=miniloto,2026-08-21T01:53:23.452706+00:00,4d5d2c5902f5562fcf7487fdac98ca69c3b36982b1876982256b79cdae136ab9
MINI_LOTO,1286,2024-06-04,9,10,12,13,30,,25,mizuho_bank,https://www.mizuhobank.co.jp/takarakuji/check/loto/backnumber/detail.html?fromto=1281_1300&type=miniloto,2026-08-21T01:53:23.452706+00:00,4d5d2c5902f5562fcf7487fdac98ca69c3b36982b1876982256b79cdae136ab9
MINI_LOTO,1287,2024-06-11,10,12,23,26,30,,22,mizuho_bank,https://www.mizuhobank.co.jp/takarakuji/check/loto/backnumber/detail.html?fromto=1281_1300&type=miniloto,2026-08-21T01:53:23.452706+00:00,4d5d2c5902f5562fcf7487fdac98ca69c3b36982b1876982256b79cdae136ab9
MINI_LOTO,1288,2024-06-18,4,12,14,16,22,,8,mizuho_bank,https://www.mizuhobank.co.jp/takarakuji/check/loto/backnumber/detail.html?fromto=1281_1300&type=miniloto,2026-08-21T01:53:23.452706+00:00,4d5d2c5902f5562fcf7487fdac98ca69c3b36982b1876982256b79cdae136ab9
MINI_LOTO,1289,2024-06-25,17,18,21,27,30,,3,mizuho_bank,https://www.mizuhobank.co.jp/takarakuji/check/loto/backnumber/detail.html?fromto=1281_1300&type=miniloto,2026-08-21T01:53:23.452706+00:00,4d5d2c5902f5562fcf7487fdac98ca69c3b36982b1876982256b79cdae136ab9
MINI_LOTO,1290,2024-07-02,21,26,27,29,31,,7,mizuho_bank,https://www.mizuhobank.co.jp/takarakuji/check/loto/backnumber/detail.html?fromto=1281_1300&type=miniloto,2026-08-21T01:53:23.452706+00:00,4d5d2c5902f5562fcf7487fdac98ca69c3b36982b1876982256b79cdae136ab9
MINI_LOTO,1291,2024-07-09,1,2,8,11,29,,19,mizuho_bank,https://www.mizuhobank.co.jp/takarakuji/check/loto/backnumber/detail.html?fromto=1281_1300&type=miniloto,2026-08-21T01:53:23.452706+00:00,4d5d2c5902f5562fcf7487fdac98ca69c3b36982b1876982256b79cdae136ab9
MINI_LOTO,1292,2024-07-16,6,11,21,23,25,,27,mizuho_bank,https://www.mizuhobank.co.jp/takarakuji/check/loto/backnumber/detail.html?fromto=1281_1300&type=miniloto,2026-08-21T01:53:23.452706+00:00,4d5d2c5902f5562fcf7487fdac98ca69c3b36982b1876982256b79cdae136ab9
MINI_LOTO,1293,2024-07-23,6,8,10,20,28,,15,mizuho_bank,https://www.mizuhobank.co.jp/takarakuji/check/loto/backnumber/detail.html?fromto=1281_1300&type=miniloto,2026-08-21T01:53:23.452706+00:00,4d5d2c5902f5562fcf7487fdac98ca69c3b36982b1876982256b79cdae136ab9
MINI_LOTO,1294,2024-07-30,8,21,22,27,29,,1,mizuho_bank,https://www.mizuhobank.co.jp/takarakuji/check/loto/backnumber/detail.html?fromto=1281_1300&type=miniloto,2026-08-21T01:53:23.452706+00:00,4d5d2c5902f5562fcf7487fdac98ca69c3b36982b1876982256b79cdae136ab9
MINI_LOTO,1295,2024-08-06,4,11,12,21,26,,28,mizuho_bank,https://www.mizuhobank.co.jp/takarakuji/check/loto/backnumber/detail.html?fromto=1281_1300&type=miniloto,2026-08-21T01:53:23.452706+00:00,4d5d2c5902f5562fcf7487fdac98ca69c3b36982b1876982256b79cdae136ab9
MINI_LOTO,1296,2024-08-13,9,13,18,19,21,,6,mizuho_bank,https://www.mizuhobank.co.jp/takarakuji/check/loto/backnumber/detail.html?fromto=1281_1300&type=miniloto,2026-08-21T01:53:23.452706+00:00,4d5d2c5902f5562fcf7487fdac98ca69c3b36982b1876982256b79cdae136ab9
MINI_LOTO,1297,2024-08-20,1,12,17,21,28,,31,mizuho_bank,https://www.mizuhobank.co.jp/takarakuji/check/loto/backnumber/detail.html?fromto=1281_1300&type=miniloto,2026-08-21T01:53:23.452706+00:00,4d5d2c5902f5562fcf7487fdac98ca69c3b36982b1876982256b79cdae136ab9
MINI_LOTO,1298,2024-08-27,2,4,12,13,17,,29,mizuho_bank,https://www.mizuhobank.co.jp/takarakuji/check/loto/backnumber/detail.html?fromto=1281_1300&type=miniloto,2026-08-21T01:53:23.452706+00:00,4d5d2c5902f5562fcf7487fdac98ca69c3b36982b1876982256b79cdae136ab9
MINI_LOTO,1299,2024-09-03,3,4,9,11,18,,7,mizuho_bank,https://www.mizuhobank.co.jp/takarakuji/check/loto/backnumber/detail.html?fromto=1281_1300&type=miniloto,2026-08-21T01:53:23.452706+00:00,4d5d2c5902f5562fcf7487fdac98ca69c3b36982b1876982256b79cdae136ab9
MINI_LOTO,1300,2024-09-10,1,4,16,27,31,,15,mizuho_bank,https://www.mizuhobank.co.jp/takarakuji/check/loto/backnumber/detail.html?fromto=1281_1300&type=miniloto,2026-08-21T01:53:23.452706+00:00,4d5d2c5902f5562fcf7487fdac98ca69c3b36982b1876982256b79cdae136ab9
MINI_LOTO,1301,2024-09-17,13,15,25,26,27,,17,mizuho_bank,https://www.mizuhobank.co.jp/takarakuji/check/loto/backnumber/detail.html?fromto=1301_1320&type=miniloto,2026-08-21T01:53:22.802813+00:00,deaf64d35783338c3e6e20852feb9ca92ca2f685cc08b2e04b5e359a09bbf9e2
MINI_LOTO,1302,2024-09-24,6,11,12,17,24,,4,mizuho_bank,https://www.mizuhobank.co.jp/takarakuji/check/loto/backnumber/detail.html?fromto=1301_1320&type=miniloto,2026-08-21T01:53:22.802813+00:00,deaf64d35783338c3e6e20852feb9ca92ca2f685cc08b2e04b5e359a09bbf9e2
MINI_LOTO,1303,2024-10-01,7,14,17,30,31,,22,mizuho_bank,https://www.mizuhobank.co.jp/takarakuji/check/loto/backnumber/detail.html?fromto=1301_1320&type=miniloto,2026-08-21T01:53:22.802813+00:00,deaf64d35783338c3e6e20852feb9ca92ca2f685cc08b2e04b5e359a09bbf9e2
MINI_LOTO,1304,2024-10-08,3,4,6,20,31,,2,mizuho_bank,https://www.mizuhobank.co.jp/takarakuji/check/loto/backnumber/detail.html?fromto=1301_1320&type=miniloto,2026-08-21T01:53:22.802813+00:00,deaf64d35783338c3e6e20852feb9ca92ca2f685cc08b2e04b5e359a09bbf9e2
MINI_LOTO,1305,2024-10-15,7,12,14,29,30,,4,mizuho_bank,https://www.mizuhobank.co.jp/takarakuji/check/loto/backnumber/detail.html?fromto=1301_1320&type=miniloto,2026-08-21T01:53:22.802813+00:00,deaf64d35783338c3e6e20852feb9ca92ca2f685cc08b2e04b5e359a09bbf9e2
MINI_LOTO,1306,2024-10-22,5,7,27,28,29,,16,mizuho_bank,https://www.mizuhobank.co.jp/takarakuji/check/loto/backnumber/detail.html?fromto=1301_1320&type=miniloto,2026-08-21T01:53:22.802813+00:00,deaf64d35783338c3e6e20852feb9ca92ca2f685cc08b2e04b5e359a09bbf9e2
MINI_LOTO,1307,2024-10-29,11,13,16,18,20,,19,mizuho_bank,https://www.mizuhobank.co.jp/takarakuji/check/loto/backnumber/detail.html?fromto=1301_1320&type=miniloto,2026-08-21T01:53:22.802813+00:00,deaf64d35783338c3e6e20852feb9ca92ca2f685cc08b2e04b5e359a09bbf9e2
MINI_LOTO,1308,2024-11-05,3,8,12,16,22,,29,mizuho_bank,https://www.mizuhobank.co.jp/takarakuji/check/loto/backnumber/detail.html?fromto=1301_1320&type=miniloto,2026-08-21T01:53:22.802813+00:00,deaf64d35783338c3e6e20852feb9ca92ca2f685cc08b2e04b5e359a09bbf9e2
MINI_LOTO,1309,2024-11-12,6,12,25,27,29,,22,mizuho_bank,https://www.mizuhobank.co.jp/takarakuji/check/loto/backnumber/detail.html?fromto=1301_1320&type=miniloto,2026-08-21T01:53:22.802813+00:00,deaf64d35783338c3e6e20852feb9ca92ca2f685cc08b2e04b5e359a09bbf9e2
MINI_LOTO,1310,2024-11-19,13,14,19,24,28,,3,mizuho_bank,https://www.mizuhobank.co.jp/takarakuji/check/loto/backnumber/detail.html?fromto=1301_1320&type=miniloto,2026-08-21T01:53:22.802813+00:00,deaf64d35783338c3e6e20852feb9ca92ca2f685cc08b2e04b5e359a09bbf9e2
MINI_LOTO,1311,2024-11-26,3,11,27,28,31,,26,mizuho_bank,https://www.mizuhobank.co.jp/takarakuji/check/loto/backnumber/detail.html?fromto=1301_1320&type=miniloto,2026-08-21T01:53:22.802813+00:00,deaf64d35783338c3e6e20852feb9ca92ca2f685cc08b2e04b5e359a09bbf9e2
MINI_LOTO,1312,2024-12-03,10,12,13,21,31,,23,mizuho_bank,https://www.mizuhobank.co.jp/takarakuji/check/loto/backnumber/detail.html?fromto=1301_1320&type=miniloto,2026-08-21T01:53:22.802813+00:00,deaf64d35783338c3e6e20852feb9ca92ca2f685cc08b2e04b5e359a09bbf9e2
MINI_LOTO,1313,2024-12-10,2,5,9,22,31,,15,mizuho_bank,https://www.mizuhobank.co.jp/takarakuji/check/loto/backnumber/detail.html?fromto=1301_1320&type=miniloto,2026-08-21T01:53:22.802813+00:00,deaf64d35783338c3e6e20852feb9ca92ca2f685cc08b2e04b5e359a09bbf9e2
MINI_LOTO,1314,2024-12-17,18,20,21,23,30,,25,mizuho_bank,https://www.mizuhobank.co.jp/takarakuji/check/loto/backnumber/detail.html?fromto=1301_1320&type=miniloto,2026-08-21T01:53:22.802813+00:00,deaf64d35783338c3e6e20852feb9ca92ca2f685cc08b2e04b5e359a09bbf9e2
MINI_LOTO,1315,2024-12-24,6,15,22,29,30,,13,mizuho_bank,https://www.mizuhobank.co.jp/takarakuji/check/loto/backnumber/detail.html?fromto=1301_1320&type=miniloto,2026-08-21T01:53:22.802813+00:00,deaf64d35783338c3e6e20852feb9ca92ca2f685cc08b2e04b5e359a09bbf9e2
MINI_LOTO,1316,2025-01-07,4,7,10,11,17,,23,mizuho_bank,https://www.mizuhobank.co.jp/takarakuji/check/loto/backnumber/detail.html?fromto=1301_1320&type=miniloto,2026-08-21T01:53:22.802813+00:00,deaf64d35783338c3e6e20852feb9ca92ca2f685cc08b2e04b5e359a09bbf9e2
MINI_LOTO,1317,2025-01-14,7,22,26,30,31,,11,mizuho_bank,https://www.mizuhobank.co.jp/takarakuji/check/loto/backnumber/detail.html?fromto=1301_1320&type=miniloto,2026-08-21T01:53:22.802813+00:00,deaf64d35783338c3e6e20852feb9ca92ca2f685cc08b2e04b5e359a09bbf9e2
MINI_LOTO,1318,2025-01-21,5,7,15,24,29,,12,mizuho_bank,https://www.mizuhobank.co.jp/takarakuji/check/loto/backnumber/detail.html?fromto=1301_1320&type=miniloto,2026-08-21T01:53:22.802813+00:00,deaf64d35783338c3e6e20852feb9ca92ca2f685cc08b2e04b5e359a09bbf9e2
MINI_LOTO,1319,2025-01-28,4,6,16,26,29,,31,mizuho_bank,https://www.mizuhobank.co.jp/takarakuji/check/loto/backnumber/detail.html?fromto=1301_1320&type=miniloto,2026-08-21T01:53:22.802813+00:00,deaf64d35783338c3e6e20852feb9ca92ca2f685cc08b2e04b5e359a09bbf9e2
MINI_LOTO,1320,2025-02-04,2,3,7,25,28,,4,mizuho_bank,https://www.mizuhobank.co.jp/takarakuji/check/loto/backnumber/detail.html?fromto=1301_1320&type=miniloto,2026-08-21T01:53:22.802813+00:00,deaf64d35783338c3e6e20852feb9ca92ca2f685cc08b2e04b5e359a09bbf9e2
MINI_LOTO,1321,2025-02-11,1,5,6,24,25,,11,mizuho_bank,https://www.mizuhobank.co.jp/takarakuji/check/loto/backnumber/detail.html?fromto=1321_1340&type=miniloto,2026-08-21T01:53:22.151493+00:00,a2414cd3b1db703f8a37df859451c5db20b8b0fb651314ff0b94fa81a0364b2f
MINI_LOTO,1322,2025-02-18,5,16,18,22,28,,6,mizuho_bank,https://www.mizuhobank.co.jp/takarakuji/check/loto/backnumber/detail.html?fromto=1321_1340&type=miniloto,2026-08-21T01:53:22.151493+00:00,a2414cd3b1db703f8a37df859451c5db20b8b0fb651314ff0b94fa81a0364b2f
MINI_LOTO,1323,2025-02-25,4,9,18,24,25,,15,mizuho_bank,https://www.mizuhobank.co.jp/takarakuji/check/loto/backnumber/detail.html?fromto=1321_1340&type=miniloto,2026-08-21T01:53:22.151493+00:00,a2414cd3b1db703f8a37df859451c5db20b8b0fb651314ff0b94fa81a0364b2f
MINI_LOTO,1324,2025-03-04,5,6,14,20,27,,1,mizuho_bank,https://www.mizuhobank.co.jp/takarakuji/check/loto/backnumber/detail.html?fromto=1321_1340&type=miniloto,2026-08-21T01:53:22.151493+00:00,a2414cd3b1db703f8a37df859451c5db20b8b0fb651314ff0b94fa81a0364b2f
MINI_LOTO,1325,2025-03-11,10,15,22,23,25,,13,mizuho_bank,https://www.mizuhobank.co.jp/takarakuji/check/loto/backnumber/detail.html?fromto=1321_1340&type=miniloto,2026-08-21T01:53:22.151493+00:00,a2414cd3b1db703f8a37df859451c5db20b8b0fb651314ff0b94fa81a0364b2f
MINI_LOTO,1326,2025-03-18,4,9,15,19,26,,3,mizuho_bank,https://www.mizuhobank.co.jp/takarakuji/check/loto/backnumber/detail.html?fromto=1321_1340&type=miniloto,2026-08-21T01:53:22.151493+00:00,a2414cd3b1db703f8a37df859451c5db20b8b0fb651314ff0b94fa81a0364b2f
MINI_LOTO,1327,2025-03-25,4,9,26,27,29,,16,mizuho_bank,https://www.mizuhobank.co.jp/takarakuji/check/loto/backnumber/detail.html?fromto=1321_1340&type=miniloto,2026-08-21T01:53:22.151493+00:00,a2414cd3b1db703f8a37df859451c5db20b8b0fb651314ff0b94fa81a0364b2f
MINI_LOTO,1328,2025-04-01,1,12,15,27,31,,18,mizuho_bank,https://www.mizuhobank.co.jp/takarakuji/check/loto/backnumber/detail.html?fromto=1321_1340&type=miniloto,2026-08-21T01:53:22.151493+00:00,a2414cd3b1db703f8a37df859451c5db20b8b0fb651314ff0b94fa81a0364b2f
MINI_LOTO,1329,2025-04-08,5,6,8,21,30,,23,mizuho_bank,https://www.mizuhobank.co.jp/takarakuji/check/loto/backnumber/detail.html?fromto=1321_1340&type=miniloto,2026-08-21T01:53:22.151493+00:00,a2414cd3b1db703f8a37df859451c5db20b8b0fb651314ff0b94fa81a0364b2f
MINI_LOTO,1330,2025-04-15,1,13,24,25,31,,11,mizuho_bank,https://www.mizuhobank.co.jp/takarakuji/check/loto/backnumber/detail.html?fromto=1321_1340&type=miniloto,2026-08-21T01:53:22.151493+00:00,a2414cd3b1db703f8a37df859451c5db20b8b0fb651314ff0b94fa81a0364b2f
MINI_LOTO,1331,2025-04-22,9,11,13,27,28,,16,mizuho_bank,https://www.mizuhobank.co.jp/takarakuji/check/loto/backnumber/detail.html?fromto=1321_1340&type=miniloto,2026-08-21T01:53:22.151493+00:00,a2414cd3b1db703f8a37df859451c5db20b8b0fb651314ff0b94fa81a0364b2f
MINI_LOTO,1332,2025-04-29,12,16,17,20,25,,28,mizuho_bank,https://www.mizuhobank.co.jp/takarakuji/check/loto/backnumber/detail.html?fromto=1321_1340&type=miniloto,2026-08-21T01:53:22.151493+00:00,a2414cd3b1db703f8a37df859451c5db20b8b0fb651314ff0b94fa81a0364b2f
MINI_LOTO,1333,2025-05-06,7,11,18,25,26,,6,mizuho_bank,https://www.mizuhobank.co.jp/takarakuji/check/loto/backnumber/detail.html?fromto=1321_1340&type=miniloto,2026-08-21T01:53:22.151493+00:00,a2414cd3b1db703f8a37df859451c5db20b8b0fb651314ff0b94fa81a0364b2f
MINI_LOTO,1334,2025-05-13,3,8,21,27,29,,16,mizuho_bank,https://www.mizuhobank.co.jp/takarakuji/check/loto/backnumber/detail.html?fromto=1321_1340&type=miniloto,2026-08-21T01:53:22.151493+00:00,a2414cd3b1db703f8a37df859451c5db20b8b0fb651314ff0b94fa81a0364b2f
MINI_LOTO,1335,2025-05-20,12,17,18,22,31,,30,mizuho_bank,https://www.mizuhobank.co.jp/takarakuji/check/loto/backnumber/detail.html?fromto=1321_1340&type=miniloto,2026-08-21T01:53:22.151493+00:00,a2414cd3b1db703f8a37df859451c5db20b8b0fb651314ff0b94fa81a0364b2f
MINI_LOTO,1336,2025-05-27,3,20,21,24,25,,26,mizuho_bank,https://www.mizuhobank.co.jp/takarakuji/check/loto/backnumber/detail.html?fromto=1321_1340&type=miniloto,2026-08-21T01:53:22.151493+00:00,a2414cd3b1db703f8a37df859451c5db20b8b0fb651314ff0b94fa81a0364b2f
MINI_LOTO,1337,2025-06-03,3,11,17,20,22,,14,mizuho_bank,https://www.mizuhobank.co.jp/takarakuji/check/loto/backnumber/detail.html?fromto=1321_1340&type=miniloto,2026-08-21T01:53:22.151493+00:00,a2414cd3b1db703f8a37df859451c5db20b8b0fb651314ff0b94fa81a0364b2f
MINI_LOTO,1338,2025-06-10,13,18,21,28,31,,11,mizuho_bank,https://www.mizuhobank.co.jp/takarakuji/check/loto/backnumber/detail.html?fromto=1321_1340&type=miniloto,2026-08-21T01:53:22.151493+00:00,a2414cd3b1db703f8a37df859451c5db20b8b0fb651314ff0b94fa81a0364b2f
MINI_LOTO,1339,2025-06-17,6,14,21,23,31,,22,mizuho_bank,https://www.mizuhobank.co.jp/takarakuji/check/loto/backnumber/detail.html?fromto=1321_1340&type=miniloto,2026-08-21T01:53:22.151493+00:00,a2414cd3b1db703f8a37df859451c5db20b8b0fb651314ff0b94fa81a0364b2f
MINI_LOTO,1340,2025-06-24,8,19,22,24,27,,25,mizuho_bank,https://www.mizuhobank.co.jp/takarakuji/check/loto/backnumber/detail.html?fromto=1321_1340&type=miniloto,2026-08-21T01:53:22.151493+00:00,a2414cd3b1db703f8a37df859451c5db20b8b0fb651314ff0b94fa81a0364b2f
MINI_LOTO,1341,2025-07-01,5,12,16,24,28,,31,mizuho_bank,https://www.mizuhobank.co.jp/takarakuji/check/loto/backnumber/detail.html?fromto=1341_1345&type=miniloto,2026-08-21T01:53:21.632465+00:00,1997efc7eee6bdafeb870753ed8d93cd8521f617f875bf346a3ca7a40c076030
MINI_LOTO,1342,2025-07-08,1,9,13,19,23,,11,mizuho_bank,https://www.mizuhobank.co.jp/takarakuji/check/loto/backnumber/detail.html?fromto=1341_1345&type=miniloto,2026-08-21T01:53:21.632465+00:00,1997efc7eee6bdafeb870753ed8d93cd8521f617f875bf346a3ca7a40c076030
MINI_LOTO,1343,2025-07-15,4,13,22,29,30,,9,mizuho_bank,https://www.mizuhobank.co.jp/takarakuji/check/loto/backnumber/detail.html?fromto=1341_1345&type=miniloto,2026-08-21T01:53:21.632465+00:00,1997efc7eee6bdafeb870753ed8d93cd8521f617f875bf346a3ca7a40c076030
MINI_LOTO,1344,2025-07-22,2,5,21,24,28,,12,mizuho_bank,https://www.mizuhobank.co.jp/takarakuji/check/loto/backnumber/detail.html?fromto=1341_1345&type=miniloto,2026-08-21T01:53:21.632465+00:00,1997efc7eee6bdafeb870753ed8d93cd8521f617f875bf346a3ca7a40c076030
MINI_LOTO,1345,2025-07-29,3,11,14,30,31,,28,mizuho_bank,https://www.mizuhobank.co.jp/takarakuji/check/loto/backnumber/detail.html?fromto=1341_1345&type=miniloto,2026-08-21T01:53:21.632465+00:00,1997efc7eee6bdafeb870753ed8d93cd8521f617f875bf346a3ca7a40c076030
MINI_LOTO,1346,2025-08-05,5,16,20,23,30,,2,mizuho_bank,https://www.mizuhobank.co.jp/takarakuji/check/loto/backnumber/detail.html?fromto=1341_1360&type=miniloto,2026-08-21T02:14:45.770465+00:00,4d9161fc686cdfd6ebb76ba013048b2a30dc746a05b4089e14519df7575778de
MINI_LOTO,1347,2025-08-12,4,16,18,27,31,,24,mizuho_bank,https://www.mizuhobank.co.jp/takarakuji/check/loto/backnumber/detail.html?fromto=1341_1360&type=miniloto,2026-08-21T02:14:45.770465+00:00,4d9161fc686cdfd6ebb76ba013048b2a30dc746a05b4089e14519df7575778de
MINI_LOTO,1348,2025-08-19,4,16,20,26,28,,29,mizuho_bank,https://www.mizuhobank.co.jp/takarakuji/check/loto/backnumber/detail.html?fromto=1341_1360&type=miniloto,2026-08-21T02:14:45.770465+00:00,4d9161fc686cdfd6ebb76ba013048b2a30dc746a05b4089e14519df7575778de
MINI_LOTO,1349,2025-08-26,2,3,15,28,29,,20,mizuho_bank,https://www.mizuhobank.co.jp/takarakuji/check/loto/backnumber/detail.html?fromto=1341_1360&type=miniloto,2026-08-21T02:14:45.770465+00:00,4d9161fc686cdfd6ebb76ba013048b2a30dc746a05b4089e14519df7575778de
MINI_LOTO,1350,2025-09-02,2,3,11,22,28,,15,mizuho_bank,https://www.mizuhobank.co.jp/takarakuji/check/loto/backnumber/detail.html?fromto=1341_1360&type=miniloto,2026-08-21T02:14:45.770465+00:00,4d9161fc686cdfd6ebb76ba013048b2a30dc746a05b4089e14519df7575778de
MINI_LOTO,1351,2025-09-09,4,9,10,19,29,,6,mizuho_bank,https://www.mizuhobank.co.jp/takarakuji/check/loto/backnumber/detail.html?fromto=1341_1360&type=miniloto,2026-08-21T02:14:45.770465+00:00,4d9161fc686cdfd6ebb76ba013048b2a30dc746a05b4089e14519df7575778de
MINI_LOTO,1352,2025-09-16,5,8,10,11,29,,27,mizuho_bank,https://www.mizuhobank.co.jp/takarakuji/check/loto/backnumber/detail.html?fromto=1341_1360&type=miniloto,2026-08-21T02:14:45.770465+00:00,4d9161fc686cdfd6ebb76ba013048b2a30dc746a05b4089e14519df7575778de
MINI_LOTO,1353,2025-09-23,6,11,13,14,18,,5,mizuho_bank,https://www.mizuhobank.co.jp/takarakuji/check/loto/backnumber/detail.html?fromto=1341_1360&type=miniloto,2026-08-21T02:14:45.770465+00:00,4d9161fc686cdfd6ebb76ba013048b2a30dc746a05b4089e14519df7575778de
MINI_LOTO,1354,2025-09-30,11,13,15,16,26,,2,mizuho_bank,https://www.mizuhobank.co.jp/takarakuji/check/loto/backnumber/detail.html?fromto=1341_1360&type=miniloto,2026-08-21T02:14:45.770465+00:00,4d9161fc686cdfd6ebb76ba013048b2a30dc746a05b4089e14519df7575778de
MINI_LOTO,1355,2025-10-07,3,6,10,23,27,,15,mizuho_bank,https://www.mizuhobank.co.jp/takarakuji/check/loto/backnumber/detail.html?fromto=1341_1360&type=miniloto,2026-08-21T02:14:45.770465+00:00,4d9161fc686cdfd6ebb76ba013048b2a30dc746a05b4089e14519df7575778de
MINI_LOTO,1356,2025-10-14,6,7,20,22,24,,5,mizuho_bank,https://www.mizuhobank.co.jp/takarakuji/check/loto/backnumber/detail.html?fromto=1341_1360&type=miniloto,2026-08-21T02:14:45.770465+00:00,4d9161fc686cdfd6ebb76ba013048b2a30dc746a05b4089e14519df7575778de
MINI_LOTO,1357,2025-10-21,7,9,21,25,28,,15,mizuho_bank,https://www.mizuhobank.co.jp/takarakuji/check/loto/backnumber/detail.html?fromto=1341_1360&type=miniloto,2026-08-21T02:14:45.770465+00:00,4d9161fc686cdfd6ebb76ba013048b2a30dc746a05b4089e14519df7575778de
MINI_LOTO,1358,2025-10-28,1,6,22,27,29,,28,mizuho_bank,https://www.mizuhobank.co.jp/takarakuji/check/loto/backnumber/detail.html?fromto=1341_1360&type=miniloto,2026-08-21T02:14:45.770465+00:00,4d9161fc686cdfd6ebb76ba013048b2a30dc746a05b4089e14519df7575778de
MINI_LOTO,1359,2025-11-04,1,3,15,16,20,,13,mizuho_bank,https://www.mizuhobank.co.jp/takarakuji/check/loto/backnumber/detail.html?fromto=1341_1360&type=miniloto,2026-08-21T02:14:45.770465+00:00,4d9161fc686cdfd6ebb76ba013048b2a30dc746a05b4089e14519df7575778de
MINI_LOTO,1360,2025-11-11,4,18,20,24,29,,31,mizuho_bank,https://www.mizuhobank.co.jp/takarakuji/check/loto/backnumber/detail.html?fromto=1341_1360&type=miniloto,2026-08-21T02:14:45.770465+00:00,4d9161fc686cdfd6ebb76ba013048b2a30dc746a05b4089e14519df7575778de
MINI_LOTO,1361,2025-11-18,20,25,26,27,30,,13,mizuho_bank,https://www.mizuhobank.co.jp/takarakuji/check/loto/backnumber/detail.html?fromto=1361_1380&type=miniloto,2026-08-21T02:14:46.621100+00:00,3dfe9137c35b17c51359090cdd9d0859b1645e7298f243fd82c6c9cdb8f7d6de
MINI_LOTO,1362,2025-11-25,6,12,13,17,26,,18,mizuho_bank,https://www.mizuhobank.co.jp/takarakuji/check/loto/backnumber/detail.html?fromto=1361_1380&type=miniloto,2026-08-21T02:14:46.621100+00:00,3dfe9137c35b17c51359090cdd9d0859b1645e7298f243fd82c6c9cdb8f7d6de
MINI_LOTO,1363,2025-12-02,6,12,16,19,31,,25,mizuho_bank,https://www.mizuhobank.co.jp/takarakuji/check/loto/backnumber/detail.html?fromto=1361_1380&type=miniloto,2026-08-21T02:14:46.621100+00:00,3dfe9137c35b17c51359090cdd9d0859b1645e7298f243fd82c6c9cdb8f7d6de
MINI_LOTO,1364,2025-12-09,1,3,10,27,31,,19,mizuho_bank,https://www.mizuhobank.co.jp/takarakuji/check/loto/backnumber/detail.html?fromto=1361_1380&type=miniloto,2026-08-21T02:14:46.621100+00:00,3dfe9137c35b17c51359090cdd9d0859b1645e7298f243fd82c6c9cdb8f7d6de
MINI_LOTO,1365,2025-12-16,3,10,20,25,27,,24,mizuho_bank,https://www.mizuhobank.co.jp/takarakuji/check/loto/backnumber/detail.html?fromto=1361_1380&type=miniloto,2026-08-21T02:14:46.621100+00:00,3dfe9137c35b17c51359090cdd9d0859b1645e7298f243fd82c6c9cdb8f7d6de
MINI_LOTO,1366,2025-12-23,3,19,20,21,28,,13,mizuho_bank,https://www.mizuhobank.co.jp/takarakuji/check/loto/backnumber/detail.html?fromto=1361_1380&type=miniloto,2026-08-21T02:14:46.621100+00:00,3dfe9137c35b17c51359090cdd9d0859b1645e7298f243fd82c6c9cdb8f7d6de
MINI_LOTO,1367,2025-12-30,17,21,27,28,29,,2,mizuho_bank,https://www.mizuhobank.co.jp/takarakuji/check/loto/backnumber/detail.html?fromto=1361_1380&type=miniloto,2026-08-21T02:14:46.621100+00:00,3dfe9137c35b17c51359090cdd9d0859b1645e7298f243fd82c6c9cdb8f7d6de
MINI_LOTO,1368,2026-01-06,7,8,20,25,26,,24,mizuho_bank,https://www.mizuhobank.co.jp/takarakuji/check/loto/backnumber/detail.html?fromto=1361_1380&type=miniloto,2026-08-21T02:14:46.621100+00:00,3dfe9137c35b17c51359090cdd9d0859b1645e7298f243fd82c6c9cdb8f7d6de
MINI_LOTO,1369,2026-01-13,1,2,3,5,11,,26,mizuho_bank,https://www.mizuhobank.co.jp/takarakuji/check/loto/backnumber/detail.html?fromto=1361_1380&type=miniloto,2026-08-21T02:14:46.621100+00:00,3dfe9137c35b17c51359090cdd9d0859b1645e7298f243fd82c6c9cdb8f7d6de
MINI_LOTO,1370,2026-01-20,1,5,12,24,31,,21,mizuho_bank,https://www.mizuhobank.co.jp/takarakuji/check/loto/backnumber/detail.html?fromto=1361_1380&type=miniloto,2026-08-21T02:14:46.621100+00:00,3dfe9137c35b17c51359090cdd9d0859b1645e7298f243fd82c6c9cdb8f7d6de
MINI_LOTO,1371,2026-01-27,3,10,12,20,31,,11,mizuho_bank,https://www.mizuhobank.co.jp/takarakuji/check/loto/backnumber/detail.html?fromto=1361_1380&type=miniloto,2026-08-21T02:14:46.621100+00:00,3dfe9137c35b17c51359090cdd9d0859b1645e7298f243fd82c6c9cdb8f7d6de
MINI_LOTO,1372,2026-02-03,4,14,21,24,31,,5,mizuho_bank,https://www.mizuhobank.co.jp/takarakuji/check/loto/backnumber/detail.html?fromto=1361_1380&type=miniloto,2026-08-21T02:14:46.621100+00:00,3dfe9137c35b17c51359090cdd9d0859b1645e7298f243fd82c6c9cdb8f7d6de
MINI_LOTO,1373,2026-02-10,7,8,21,28,29,,26,mizuho_bank,https://www.mizuhobank.co.jp/takarakuji/check/loto/backnumber/detail.html?fromto=1361_1380&type=miniloto,2026-08-21T02:14:46.621100+00:00,3dfe9137c35b17c51359090cdd9d0859b1645e7298f243fd82c6c9cdb8f7d6de
MINI_LOTO,1374,2026-02-17,10,16,21,29,30,,20,mizuho_bank,https://www.mizuhobank.co.jp/takarakuji/check/loto/backnumber/detail.html?fromto=1361_1380&type=miniloto,2026-08-21T02:14:46.621100+00:00,3dfe9137c35b17c51359090cdd9d0859b1645e7298f243fd82c6c9cdb8f7d6de
MINI_LOTO,1375,2026-02-24,1,3,11,16,20,,4,mizuho_bank,https://www.mizuhobank.co.jp/takarakuji/check/loto/backnumber/detail.html?fromto=1361_1380&type=miniloto,2026-08-21T02:14:46.621100+00:00,3dfe9137c35b17c51359090cdd9d0859b1645e7298f243fd82c6c9cdb8f7d6de
MINI_LOTO,1376,2026-03-03,1,9,11,22,29,,3,mizuho_bank,https://www.mizuhobank.co.jp/takarakuji/check/loto/backnumber/detail.html?fromto=1361_1380&type=miniloto,2026-08-21T02:14:46.621100+00:00,3dfe9137c35b17c51359090cdd9d0859b1645e7298f243fd82c6c9cdb8f7d6de
MINI_LOTO,1377,2026-03-10,3,13,19,29,31,,30,mizuho_bank,https://www.mizuhobank.co.jp/takarakuji/check/loto/backnumber/detail.html?fromto=1361_1380&type=miniloto,2026-08-21T02:14:46.621100+00:00,3dfe9137c35b17c51359090cdd9d0859b1645e7298f243fd82c6c9cdb8f7d6de
MINI_LOTO,1378,2026-03-17,4,15,18,30,31,,23,mizuho_bank,https://www.mizuhobank.co.jp/takarakuji/check/loto/backnumber/detail.html?fromto=1361_1380&type=miniloto,2026-08-21T02:14:46.621100+00:00,3dfe9137c35b17c51359090cdd9d0859b1645e7298f243fd82c6c9cdb8f7d6de
MINI_LOTO,1379,2026-03-24,12,15,18,25,28,,6,mizuho_bank,https://www.mizuhobank.co.jp/takarakuji/check/loto/backnumber/detail.html?fromto=1361_1380&type=miniloto,2026-08-21T02:14:46.621100+00:00,3dfe9137c35b17c51359090cdd9d0859b1645e7298f243fd82c6c9cdb8f7d6de
MINI_LOTO,1380,2026-03-31,1,10,12,19,21,,14,mizuho_bank,https://www.mizuhobank.co.jp/takarakuji/check/loto/backnumber/detail.html?fromto=1361_1380&type=miniloto,2026-08-21T02:14:46.621100+00:00,3dfe9137c35b17c51359090cdd9d0859b1645e7298f243fd82c6c9cdb8f7d6de
MINI_LOTO,1381,2026-04-07,2,3,4,20,28,,12,mizuho_bank,https://www.mizuhobank.co.jp/takarakuji/check/loto/backnumber/detail.html?fromto=1381_1400&type=miniloto,2026-08-21T02:14:47.859198+00:00,45ccb6c483d1d459423289d826e3a6ebeee58088c67234c066a305ffdd83ac93
MINI_LOTO,1382,2026-04-14,12,20,24,30,31,,25,mizuho_bank,https://www.mizuhobank.co.jp/takarakuji/check/loto/backnumber/detail.html?fromto=1381_1400&type=miniloto,2026-08-21T02:14:47.859198+00:00,45ccb6c483d1d459423289d826e3a6ebeee58088c67234c066a305ffdd83ac93
MINI_LOTO,1383,2026-04-21,9,18,19,29,31,,10,mizuho_bank,https://www.mizuhobank.co.jp/takarakuji/check/loto/backnumber/detail.html?fromto=1381_1400&type=miniloto,2026-08-21T02:14:47.859198+00:00,45ccb6c483d1d459423289d826e3a6ebeee58088c67234c066a305ffdd83ac93
MINI_LOTO,1384,2026-04-28,7,12,13,17,29,,22,mizuho_bank,https://www.mizuhobank.co.jp/takarakuji/check/loto/backnumber/detail.html?fromto=1381_1400&type=miniloto,2026-08-21T02:14:47.859198+00:00,45ccb6c483d1d459423289d826e3a6ebeee58088c67234c066a305ffdd83ac93
MINI_LOTO,1385,2026-05-05,1,10,21,28,31,,11,mizuho_bank,https://www.mizuhobank.co.jp/takarakuji/check/loto/backnumber/detail.html?fromto=1381_1400&type=miniloto,2026-08-21T02:14:47.859198+00:00,45ccb6c483d1d459423289d826e3a6ebeee58088c67234c066a305ffdd83ac93
MINI_LOTO,1386,2026-05-12,12,21,25,27,31,,28,mizuho_bank,https://www.mizuhobank.co.jp/takarakuji/check/loto/backnumber/detail.html?fromto=1381_1400&type=miniloto,2026-08-21T02:14:47.859198+00:00,45ccb6c483d1d459423289d826e3a6ebeee58088c67234c066a305ffdd83ac93
MINI_LOTO,1387,2026-05-19,1,10,17,20,31,,23,mizuho_bank,https://www.mizuhobank.co.jp/takarakuji/check/loto/backnumber/detail.html?fromto=1381_1400&type=miniloto,2026-08-21T02:14:47.859198+00:00,45ccb6c483d1d459423289d826e3a6ebeee58088c67234c066a305ffdd83ac93
MINI_LOTO,1388,2026-05-26,1,12,16,22,23,,21,mizuho_bank,https://www.mizuhobank.co.jp/takarakuji/check/loto/backnumber/detail.html?fromto=1381_1400&type=miniloto,2026-08-21T02:14:47.859198+00:00,45ccb6c483d1d459423289d826e3a6ebeee58088c67234c066a305ffdd83ac93
MINI_LOTO,1389,2026-06-02,5,10,12,29,30,,20,mizuho_bank,https://www.mizuhobank.co.jp/takarakuji/check/loto/backnumber/detail.html?fromto=1381_1400&type=miniloto,2026-08-21T02:14:47.859198+00:00,45ccb6c483d1d459423289d826e3a6ebeee58088c67234c066a305ffdd83ac93
MINI_LOTO,1390,2026-06-09,3,6,23,25,27,,24,mizuho_bank,https://www.mizuhobank.co.jp/takarakuji/check/loto/backnumber/detail.html?fromto=1381_1400&type=miniloto,2026-08-21T02:14:47.859198+00:00,45ccb6c483d1d459423289d826e3a6ebeee58088c67234c066a305ffdd83ac93
MINI_LOTO,1391,2026-06-16,4,17,24,28,29,,7,mizuho_bank,https://www.mizuhobank.co.jp/takarakuji/check/loto/backnumber/detail.html?fromto=1381_1400&type=miniloto,2026-08-21T02:14:47.859198+00:00,45ccb6c483d1d459423289d826e3a6ebeee58088c67234c066a305ffdd83ac93
MINI_LOTO,1392,2026-06-23,11,17,20,23,29,,25,mizuho_bank,https://www.mizuhobank.co.jp/takarakuji/check/loto/backnumber/detail.html?fromto=1381_1400&type=miniloto,2026-08-21T02:14:47.859198+00:00,45ccb6c483d1d459423289d826e3a6ebeee58088c67234c066a305ffdd83ac93
MINI_LOTO,1393,2026-06-30,3,9,11,14,28,,20,mizuho_bank,https://www.mizuhobank.co.jp/takarakuji/check/loto/backnumber/detail.html?fromto=1381_1400&type=miniloto,2026-08-21T02:14:47.859198+00:00,45ccb6c483d1d459423289d826e3a6ebeee58088c67234c066a305ffdd83ac93
MINI_LOTO,1394,2026-07-07,2,8,10,22,31,,14,mizuho_bank,https://www.mizuhobank.co.jp/takarakuji/check/loto/backnumber/detail.html?fromto=1381_1400&type=miniloto,2026-08-21T02:14:47.859198+00:00,45ccb6c483d1d459423289d826e3a6ebeee58088c67234c066a305ffdd83ac93
MINI_LOTO,1395,2026-07-14,20,25,26,27,31,,17,mizuho_bank,https://www.mizuhobank.co.jp/takarakuji/check/loto/backnumber/detail.html?fromto=1381_1400&type=miniloto,2026-08-21T02:14:47.859198+00:00,45ccb6c483d1d459423289d826e3a6ebeee58088c67234c066a305ffdd83ac93
MINI_LOTO,1396,2026-07-21,4,8,9,16,30,,21,mizuho_bank,https://www.mizuhobank.co.jp/takarakuji/check/loto/backnumber/detail.html?fromto=1381_1400&type=miniloto,2026-08-21T02:14:47.859198+00:00,45ccb6c483d1d459423289d826e3a6ebeee58088c67234c066a305ffdd83ac93
MINI_LOTO,1397,2026-07-28,3,6,14,20,31,,17,mizuho_bank,https://www.mizuhobank.co.jp/takarakuji/check/loto/backnumber/detail.html?fromto=1381_1400&type=miniloto,2026-08-21T02:14:47.859198+00:00,45ccb6c483d1d459423289d826e3a6ebeee58088c67234c066a305ffdd83ac93
MINI_LOTO,1398,2026-08-04,15,16,26,27,31,,12,mizuho_bank,https://www.mizuhobank.co.jp/takarakuji/check/loto/backnumber/detail.html?fromto=1381_1400&type=miniloto,2026-08-21T02:14:47.859198+00:00,45ccb6c483d1d459423289d826e3a6ebeee58088c67234c066a305ffdd83ac93
MINI_LOTO,1399,2026-08-11,5,22,26,29,30,,15,mizuho_bank,https://www.mizuhobank.co.jp/takarakuji/check/loto/backnumber/detail.html?fromto=1381_1400&type=miniloto,2026-08-21T02:14:47.859198+00:00,45ccb6c483d1d459423289d826e3a6ebeee58088c67234c066a305ffdd83ac93
MINI_LOTO,1400,2026-08-18,1,14,15,17,29,,30,mizuho_bank,https://www.mizuhobank.co.jp/takarakuji/check/loto/backnumber/detail.html?fromto=1381_1400&type=miniloto,2026-08-21T02:14:47.859198+00:00,45ccb6c483d1d459423289d826e3a6ebeee58088c67234c066a305ffdd83ac93
